7413 entity üretilecek (önbellek=0, workers=4).
[1/7413] magic-item Cloak of Squirrels -> wool brocade cloak, repeating pattern of woven squirrel heads and interlocking t
[2/7413] species Dragonborn -> tall and heavily muscled humanoid standing six and a half feet tall with a thick
[3/7413] magic-item Everflowing Bowl -> a smooth circular bowl carved from pale grey stone, thick-walled and heavy-rimme
[4/7413] monster Blue Dragon Wyrmling -> medium quadrupedal dragon in flight, long serpentine body, deep azure blue scale
[5/7413] spell Threshold Slip -> a jagged vertical slit in the architecture of a doorway sill, measuring three fe
[6/7413] monster Beli -> small humanoid fey creature, slender athletic proportions, translucent insectoid
[7/7413] monster Giant Shark -> massive thirty foot long aquatic predator, streamlined heavy-set gray body taper
[8/7413] spell Muted Foe -> dense spherical aura of rippling charcoal grey distortion surrounding a metal we
[9/7413] magic-item Rod of Thorns -> stout wooden rod carved from dark brown ironwood, straight cylindrical main shaf
[10/7413] background Sage -> elderly human scholar with deeply wrinkled skin, tired gray eyes behind thick wi
[11/7413] monster Sea Hag -> medium emaciated humanoid body shape, hunched posture, slimy fish-like scales co
[12/7413] spell Cone of Foam -> a massive surging torrent of dense bubbly white foam bursting outward in a wide 
[13/7413] spell Command Beast -> a swirling vortex of emerald green and golden magical energy taking the form of 
[14/7413] spell Necrotic Sphere -> opaque sphere of swirling ash-grey and charcoal smoke, crackling with jagged arc
[15/7413] monster Cyonaxin -> medium celestial aquatic entity with a humanoid torso and a tapering piscine low
[16/7413] spell Bait Flower -> a pale green stalk bursting from the dirt, topped with a single wide mottled cri
[17/7413] spell Booster Shot -> vibrant violet arcane energy crackling across the entire wooden frame of a large
[18/7413] monster Unska -> medium fiend body shape, muscular bipedal humanoid torso, thick dark crimson ski
[19/7413] monster Storm Giant Monarch -> massive aquatic giant, towering humanoid body shape, dark blue skin with faint e
[20/7413] magic-item Lantern of Revealing -> handheld brass hooded lantern, faceted glass panes set within a tarnished metal 
[21/7413] monster Magmin -> stumpy humanoid elemental sculpted from a hard black shell of magma, grinning mi
[22/7413] spell Haste -> a humanoid silhouette outlined in a blur of motion with multiple translucent aft
[23/7413] monster Map Mimic -> tiny winged monstrosity in flight, parchment-like skin patterned with intricate 
[24/7413] monster Culicoid -> large hovering fiend with a bloated insectoid thorax, four elongated chitinous l
[25/7413] magic-item Agile Splint -> a sleek articulated suit of full plate armor fashioned from polished dark steel 
[26/7413] spell Heat Metal -> A heavy steel broadsword with its entire metallic surface glowing an intense che
[27/7413] monster Night Scorpion -> massive arachnid creature with a heavily armored jet black chitinous exoskeleton
[28/7413] spell Thief's Bane -> A semi-transparent cage of glowing violet force lines enshiring a targeted metal
[29/7413] monster Kech -> medium humanoid creature, lithe and muscular body covered in short stiff bristle
[30/7413] spell Biting Arrow -> A translucent green spectral projectile shaped like an elongated arrow, composed
[31/7413] monster Pattern Dancer -> medium humanoid creature, elongated slender proportions, grey skin etched with s
[32/7413] feat Eldritch Master -> a circular heraldic shield bearing a stylized upright sword intersecting a glowi
[33/7413] monster Homunculus -> tiny construct creature the size of a squirrel, humanoid torso and limbs, smooth
[34/7413] spell Touch of the Unliving -> a crackling aura of pale ash-gray necrotic energy swirling around a humanoid han
[35/7413] monster Albino Death Weasel -> massive predatory weasel, long slender serpentine body, pure chalk-white fur sta
[36/7413] spell Safe Haven -> spherical boundary of faintly distorting air, shimmering transparent spatial cur
[37/7413] monster Kishi -> medium humanoid fiend with the head of a hyena on the left side and the head of 
[38/7413] monster Shellycoat -> medium fey aquatic humanoid creature, slender damp body draped in a heavy cloak 
[39/7413] monster Ancient White Dragon -> Gargantuan quadrupedal dragon with massive tattered leathery wings spanning a co
[40/7413] spell Deadly Sting -> a ten-foot-long whip-like tail of dense transmutation energy, highly supple and 
[41/7413] spell Brittling -> a surge of intense deep blue and pale frost energy cascading directly over the s
[42/7413] feat Superior Critical -> a circular heraldic shield bearing a stylized steel sword piercing through the c
[43/7413] spell Life from Death -> a swirling stream of sickly green necromantic energy intertwining with a searing
[44/7413] spell Battle Mind -> a swirling vortex of indigo and golden energy hovering in the air, composed of i
[45/7413] magic-item Scout's Coat -> lightweight woolen knee-length outer coat, natural undyed off-white and mottled 
[46/7413] magic-item Ammonite Snorkel -> wooden breathing tube, long curved cylindrical shape, dark brown polished wood b
[47/7413] magic-item Sturdy Crawling Cloak -> An irregular rectangular cloak constructed from hundreds of overlapping, broad s
[48/7413] monster Night Hag -> haggard humanoid female fiend of medium size, stooped posture, withered blue-gra
[49/7413] spell Sending -> swirling ribbon of incandescent azure and violet magical energy, threadlike cond
[50/7413] monster Flesh Golem -> medium construct made of a grisly assortment of mismatched humanoid body parts s
[51/7413] monster Stygian Fat-Tailed Scorpion -> tiny arachnid body, pitch-black segmented chitin exoskeleton, broad flat head, t
[52/7413] subclass Ancient Dragons -> a heraldic shield-shaped emblem featuring the sculpted head of a majestic dragon
[53/7413] magic-item Siege Arrow -> straight wooden shaft, dark iron arrowhead coated with a dull matte green patina
[54/7413] magic-item Saddle of the Cavalry Casters -> heavy leather riding saddle, midnight black oxhide surface, intricate silver fil
[55/7413] spell Toothless Beast -> swirling translucent violet enchantment energy manifesting as an abstract spectr
[56/7413] magic-item Badger Hide -> a thick, coarse-furred animal hide armor made from a badger pelt featuring a pit
[57/7413] monster Yavalnoi -> massive aquatic aberration with a bloated, gelatinous torso, four long sinewy li
[58/7413] monster Awakened Shrub -> small ambulatory shrub, upright posture, compact woody central stem, multiple ta
[59/7413] monster Great Wyrm Black Dragon -> Gargantuan serpentine draconic body, immense rotting-black scales corroded and p
[60/7413] magic-item Staff of Master Lu Po -> straight weathered dark brown wooden quarterstaff, unadorned cylindrical shaft, 
[61/7413] feat Dual Wielder -> a circular metal heraldic shield featuring two crossed longswords with sharp ste
[62/7413] magic-item Charlatan's Veneer -> a long fine silken scarf of deep midnight blue, woven with an intricate shimmeri
[63/7413] monster Bukavac -> massive six-legged monstrous amphibian, bloated leathery dark green skin, wide g
[64/7413] spell Longstrider -> translucent emerald green magical energy swirling around a pair of humanoid lowe
[65/7413] spell Shadow Tree -> twenty foot tall weeping willow tree, five foot diameter thick gnarled trunk of 
[66/7413] spell Cone of Cold -> a massive expansive conical surge of blinding white cryogenic energy and swirlin
[67/7413] monster Ghul -> emaciated humanoid undead corpse with gray rotting flesh, tattered skeletal wing
[68/7413] monster Satyr -> stout male human upper body with tanned skin, muscular chest, and thick brown fa
[69/7413] monster Young Black Dragon -> large quadrupedal reptilian body, sleek obsidian-black scales, long sinuous serp
[70/7413] magic-item Ring of Free Action -> a heavy band of pale platinum forged in an unbroken circular shape, polished smo
[71/7413] monster Herd Skulker -> medium monstrosity with a gaunt humanoid torso, long muscular arms ending in sha
[72/7413] monster Worg -> massive wolf-like monstrosity with a heavily muscled greyish-brown pelt, jagged 
[73/7413] monster Lion -> large muscular quadrupedal feline body, tawny gold fur, pale underbelly, long mu
[74/7413] spell Timely Distraction -> a chaotic surging wave of translucent blue magical energy, crackling static disc
[75/7413] magic-item Dastardly Quill and Parchment -> a slender goose feather quill with a sharpened tip stained in dark violet ink, p
[76/7413] spell Avronin’s Astral Assembly -> a swirling constellation of translucent astral projections, forming glowing indi
[77/7413] monster Wintergrim -> small fey humanoid, slender proportions, aristocratic posture, porcelain white s
[78/7413] spell Mind Reader -> translucent violet psychic tendrils forming an intricate web of gossamer threads
[79/7413] spell Molasses Veins -> thick translucent amber syrup coating the target creature, heavy viscous amber l
[80/7413] monster Corpselight Moth -> large moth-like insect in midair, massive wingspan covered in powdery grey-brown
[81/7413] magic-item Plunderer's Sea Chest -> rectangular wooden sea chest measuring three feet by five feet by three feet con
[82/7413] spell Plane Shift -> swirling circular rift in empty space, jagged tearing edge of glowing violet and
[83/7413] monster Psoglav -> massive muscular fiend with vast leathery bat wings spanning twice its body widt
[84/7413] spell Circle of Devestation -> a vertical ring of violent destructive energy twenty feet in radius and ten feet
[85/7413] magic-item Cloak of the Rat -> stiff grey leather cloak fashioned from matted rat pelts sewn together with coar
[86/7413] spell Lesser Maze -> shimmering dimensional portal of swirling translucent force lines and geometric 
[87/7413] spell Summon Elemental -> A towering humanoid entity formed entirely of crackling orange flames and glowin
[88/7413] magic-item Potion of Diminution -> small glass vial with a cork stopper, stout rounded base tapering into a narrow 
[89/7413] spell Compelled Movement -> two distinct hazy purple translucent ghostly pathways of shimmering force energy
[90/7413] spell Life Transference Arrow -> a slender projectile shaped like a fletched arrow formed entirely of pulsing dar
[91/7413] monster Blink Dog -> medium canine body shape, sleek short brown fur, intelligent amber eyes, erect p
[92/7413] monster Apau Perape -> massive quadrupedal fiendish beast, heavy muscular build, dark scaled hide of de
[93/7413] subspecies Fever-Bit -> short stature humanoid with a frail build and sickly pale gray skin, sunken bloo
[94/7413] monster Gnoll Havoc Runner -> bipedal canine-headed humanoid of medium stature with lean muscular build, mangl
[95/7413] monster Warhordling Orc Warrior -> muscular medium humanoid, mottled dark gray skin, thick torso, heavy shoulders, 
[96/7413] magic-item Mender's Mark -> slender silver brooch shaped as a stylized winged angel with outstretched arms, 
[97/7413] monster Earth Elemental -> massive humanoid bulk shaped from compacted soil, dark grey stone, and jagged ro
[98/7413] magic-item Scoundrel's Gambit -> fluted silver tube, two inches long, cylindrical shape, polished metallic silver
[99/7413] feat Physician -> a metallic heraldic heater shield bearing an embossed emblem of a silver staff o
[100/7413] spell Greater Ley Protection -> translucent cube twenty feet wide outlined by glowing emerald green runes floati
[101/7413] magic-item Bloodfuel Longbow -> recurved longbow carved from dark red stained bone, polished wood limbs bound ti
[102/7413] monster Lycanthrope, Werecrocodile -> bipedal hybrid humanoid crocodile, medium size, massive muscular reptilian body 
[103/7413] monster Firebird -> small avian celestial in flight with a noble bearing, streamlined body shape, br
[104/7413] spell Plant Growth -> vibrant emerald-green tendrils of pure magical vitality erupting from the soil, 
[105/7413] monster Cactid -> large humanoid plant creature, columnar green cactus body covered in sharp rigid
[106/7413] monster Adult Sapphire Dragon -> huge quadrupedal dragon, massive muscular reptilian body covered in hard crystal
[107/7413] monster Shadow Fey Poisoner -> slender medium humanoid with ashen gray skin and jet-black hair, glowing pale vi
[108/7413] monster Clurichaun -> tiny fey humanoid standing two feet tall, stout roly-poly body proportions with 
[109/7413] spell Hellforging -> a swirling vortex of dark crimson and obsidian energy shaped like a colossal flo
[110/7413] species Mushroomfolk -> short bipedal humanoid stature, spongy textured grey-blue skin, rounded cap-shap
[111/7413] magic-item Eye of the Golden God -> fist-sized amulet, shining multifaceted violet gem at the center, beautifully fo
[112/7413] spell Furious Wail -> a violent expanding shockwave of blinding white-hot psychic energy forming a jag
[113/7413] monster Forest Gnome Scout -> tiny humanoid standing three feet tall, slender athletic proportions, sun-browne
[114/7413] spell Ley Whip -> a long crackling whip formed of multicolored translucent energy strands swirling
[115/7413] monster Emerald Order Cult Leader -> medium humanoid standing in an imposing posture, angular facial features, pierci
[116/7413] monster Violet Fungus -> medium purplish mushroom, bulky central stalk, four thick tubular stalks protrud
[117/7413] monster Spectral Guardian -> medium undead humanoid figure hovering slightly above the ground, translucent pa
[118/7413] spell Rive -> slender whiplike strands of freezing dark nothingness, wispy filaments of absolu
[119/7413] background Parfumier -> middle-aged human artisan with a neat salt-and-pepper mustache and meticulous po
[120/7413] magic-item Belt of the Wilds -> a thin cord fashioned from twisted animal sinew, natural greyish-brown fibers wo
[121/7413] magic-item Potion of Resistance -> small heavy glass flask shaped like a stout hexagonal prism, thick dark iron sto
[122/7413] monster Ngobou -> massive quadrapedal beast with a bulky slate-gray body, thick hide covered in sc
[123/7413] monster Spirit Lamp -> medium undead creature formed from an ornate wrought iron oil lamp, a swirling c
[124/7413] spell Acid Splash -> a spherical translucent bubble of iridescent green acid swirling with visible ca
[125/7413] spell Hobble Mount -> a crackling dark violet necromantic energy tether gripping the hind legs of a qu
[126/7413] monster Faerie Noble -> medium humanoid fey in flight, slender athletic build, delicate translucent inse
[127/7413] subclass Wyrd Magic -> heraldic shield split vertically down the center into midnight blue and dark for
[128/7413] subclass Path of the Herald -> a large shield-shaped heraldic crest made of polished steel, bearing a raised ce
[129/7413] monster Black Pudding -> large amorphous mound of sticky black sludge, formless quivering gelatinous mass
[130/7413] monster Alp -> small humanoid fey creature, hunched posture, elongated thin limbs, grey wrinkle
[131/7413] magic-item Shortbow of Accuracy -> a compact recurve bow carved from pale ash wood with a polished ivory grip wrapp
[132/7413] monster Boomer -> medium plant creature, bulbous rounded green body, short thick woody stem legs, 
[133/7413] magic-item Oakwood Wand -> a twelve-inch wand of pale weathered oak wood, straight and slender with a taper
[134/7413] monster Dragon Eel -> Huge serpentine aquatic dragon body, elongated emerald-green scaled serpentine f
[135/7413] magic-item Bloodthirsty Longsword -> a slender straight steel double-edged longsword blade with a sharpened point, a 
[136/7413] feat Evasion (Monk) -> a circular heraldic shield bearing a centered raised metal emblem of a barefoot 
[137/7413] monster Mummy -> medium humanoid corpse tightly bound in pale yellowed linen bandages covered in 
[138/7413] magic-item Vibramail, 1 use -> full suit of plate-style armor composed of interconnected horizontal metallic ba
[139/7413] magic-item Hood of Silence, 2 charges -> hood crafted from heavy charcoal-gray wool fabric, deep cowl-shaped silhouette, 
[140/7413] spell Blood Tide -> a massive horizontal torrent of opaque crimson fluid manifesting in the air, chu
[141/7413] monster Citrullus -> medium plant creature shaped like a spherical watermelon, thick green rind patte
[142/7413] magic-item Giant Slayer -> a massive steel two-handed greatsword with a straight double-edged blade etched 
[143/7413] monster Salt Golem -> large hulking humanoid body constructed entirely from jagged blocks of compresse
[144/7413] magic-item Mirrored Breastplate -> curved chest-high articulated metal breastplate made of unblemished silver steel
[145/7413] feat Extra Attack (Ranger) -> heraldic heater shield, polished silver field bearing two crossed longbows in da
[146/7413] spell Word of Pain -> a shockwave of compressed kinetic air rippling outward in an expanding transpare
[147/7413] monster Pillar of the Lost Magocracy -> huge monolithic stone pillar construct, heavily weathered gray masonry carved wi
[148/7413] monster Spawn of Arbeyach -> Medium fiendish humanoid body shape, hunched bipedal posture, thick ash-grey ski
[149/7413] monster Ophidiotaur -> massive serpentine lower body with dark green scales, humanoid muscular upper to
[150/7413] spell Sanctuary -> shimmering translucent dome of pale golden force energy curving outward to compl
[151/7413] magic-item Standard of Divinity (Glaive) -> glaive with a polished steel shaft etched with fine golden prayers, a curved sin
[152/7413] magic-item Bag of Tricks (Gray) -> small drawstring pouch made of coarse gray canvas fabric, worn and frayed at the
[153/7413] spell Black Tentacles -> numerous thick ebony tentacles erupting across a square patch of ground, writhin
[154/7413] monster Phantom -> hovering medium undead humanoid torso, tattered dark gray burial shroud, translu
[155/7413] monster Giant Constrictor Snake -> huge serpentine aquatic beast with a massive cylindrical body covered in large o
[156/7413] monster Waverider -> medium humanoid figure, upright noble posture, regal bearing, elegant proportion
[157/7413] spell Fabricate -> swirling vortex of transmutation magic, dense column of translucent geometric wi
[158/7413] monster Berserker -> muscular human male warrior of medium build, wild untamed long blonde hair and t
[159/7413] spell Rune of Imprisonment -> glowing black rune traced in the air, dark energy streaks forward, expanding int
[160/7413] spell Weapon of Blood -> a summoned magical dagger forged from trickling scarlet blood and gleaming red m
[161/7413] monster Crusher -> massive hulking construct made of interlocking plates of dark rusted iron and he
[162/7413] monster Ushabti Royal Guard -> massive humanoid statue carved from dark black basalt with carved golden hierogl
[163/7413] subclass Way of the Humble Elephant -> a circular heraldic shield bearing a stylized grey elephant head profile in low 
[164/7413] monster Dire Wolf -> massive canine beast, heavily muscled lupine body, dense thick fur coat of mottl
[165/7413] magic-item Wand of Bristles -> eight-inch-long cylindrical wand, bundle of coarse stiff brownish-gray boar bris
[166/7413] magic-item Sanguine Lance -> long metal pole weapon with a tapering diamond-shaped steel spearhead, dark crim
[167/7413] magic-item Signaling Ammunition -> standard-sized crossbow bolt, shaft carved from polished white ash wood, steel a
[168/7413] feat Unarmored Defense (Monk) -> a circular brass heraldic shield embossed with a bare-chested human silhouette i
[169/7413] species Darakhul -> emaciated human-like humanoid stature, tall and painfully thin skeletal build, a
[170/7413] monster Magma Octopus -> large elemental cephalopod with a bulbous mantle of cooling black rock cracked w
[171/7413] monster Vrock -> large gargoyle-like fiend with the gnarled bestial body of a muscular humanoid a
[172/7413] monster Mytholabe -> large hovering construct, massive geometric metallic body with interlocking dark
[173/7413] feat Agonizing Blast -> a circular heraldic shield bearing a centered raised emblem of a jagged multi-pr
[174/7413] monster Drakon -> massive serpentine draconic beast with dark emerald scales spanning a powerful m
[175/7413] magic-item Amulet of Whirlwinds -> circular brass pendant, polished metallic surface, deeply engraved swirling vort
[176/7413] spell Freezing Fog -> a twenty-foot-radius sphere of dense, swirling, opaque white vapor, churning roi
[177/7413] monster Titanic Dragon Turtle -> Colossal reptilian quadruped the size of an island, massive dome-shaped shell of
[178/7413] spell Befuddle -> a turbulent cloud of pale lavender and hazy grey magical mist, swirling in dense
[179/7413] monster Gorgon -> massive quadrupedal bull-like monstrosity, heavy body covered in interlocking st
[180/7413] feat Telepathic -> a circular heraldic crest of polished silver, featuring an embossed human brain 
[181/7413] magic-item Crafter Shabti -> one foot tall carved ceramic statuette, humanoid mummified figure with folded ar
[182/7413] monster Frostveil -> medium plant creature in flight, pale blue and white botanical body shape, large
[183/7413] feat Harrier -> a carved wooden heraldic shield displaying a soaring predatory hawk with outstre
[184/7413] spell Exchanged Knowledge -> a swirling vortex of semi-translucent parchment scrolls and floating glowing gol
[185/7413] magic-item Bloodfuel Pike -> ancient polearm with an eight-foot dark iron shaft wrapped in dry leather grips,
[186/7413] magic-item Ring of Imperious Command -> heavy iron ring with a wide thick band, deeply embossed solid gold crown motif o
[187/7413] spell Portal Trap -> circular tear in space five feet across, jagged edges of the opening revealing a
[188/7413] monster Water Elemental -> large mass of churning, transparent liquid forming a cresting wave that rolls ac
[189/7413] spell Witch Sight -> translucent violet ocular veil hovering over human eyes, paper-thin geometric ru
[190/7413] spell Storm of Axes -> dozens of heavy steel battleaxes spinning furiously in a dense horizontal line f
[191/7413] feat Relentless Hunter -> a metallic heraldic shield bearing a centered golden emblem of a stalking wolf w
[192/7413] monster Zombie -> humanoid corpse, medium height, bloated grayish skin with green patches of decay
[193/7413] monster Sea Dragon Wyrmling -> medium-sized serpentine dragon with deep oceanic blue scales and pale underside,
[194/7413] feat Rapid Drinker -> a circular bronze heraldic shield bearing a raised metallic emblem of a medieval
[195/7413] monster Aklea -> gargantuan celestial creature, towering legendary humanoid body shape, massive f
[196/7413] monster Goblin -> small humanoid standing three feet tall, wiry muscular frame, warty green skin, 
[197/7413] spell Beast Perception -> translucent spectral wolf head with glowing amber eyes and floating translucent 
[198/7413] spell Shield -> an invisible magical barrier manifesting as a vertical translucent blue energy f
[199/7413] monster Ravenala -> massive sentient tree creature, thick gnarled brown wooden trunk, massive sprawl
[200/7413] monster Kraken -> gargantuan cephalopod monstrosity with a massive bulbous mantle skin of dark mot
[201/7413] magic-item Belt of Giant Strength (Frost/Fire) -> thick heavy leather belt crafted from pale white mammoth hide and dark blackened
[202/7413] magic-item Bloodpearl Bracelet (Silver) -> a slender openwork silver bracelet fashioned from interwoven metallic bands, fea
[203/7413] monster Grimmlet -> tiny monstrosity with a compact humanoid body, two gossamer insectoid wings spro
[204/7413] feat Multiattack Defense -> solid circular heraldic shield forged from blackened steel, centered with a rais
[205/7413] spell Tree Speak -> faint emerald green translucent energy tendrils swirling outward from a wooden s
[206/7413] spell Arcane Hand -> a large human-shaped hand formed entirely of translucent indigo force energy, co
[207/7413] magic-item Manual of Vine Golem -> heavy rectangular tome bound in thick dark green leather, warped wooden front an
[208/7413] monster Amphiptere -> medium serpentine dragon-like beast in mid-flight, long slender undulating repti
[209/7413] monster Salamander Monarch -> massive serpentine elemental creature, immense coiled lower body of dark charcoa
[210/7413] monster Snake with a Hundred Mage Hands -> small serpentine aquatic monstrosity with deep blue scales and an elongated flex
[211/7413] monster Righteous Sentinel -> large humanoid construct formed of interlocking plates of polished white marble 
[212/7413] monster Kobold Chieftain -> small reptilian humanoid standing with a dominant posture, scaly reddish-brown s
[213/7413] monster Ghost Dragon -> massive skeletal dragon in flight, translucent semi-solid ethereal ribcage and s
[214/7413] monster Spider Of Leng -> huge monstrous arachnid body, dark mottled grey chitinous exoskeleton, eight joi
[215/7413] magic-item Devil Shark Mask -> burgundy leather face mask shaped like a fierce shark snout, open at the mouth t
[216/7413] monster Imp Familiar -> tiny fiend, dark red skin, leathery bat-like wings, long barbed tail, small curv
[217/7413] spell Subliminal Aversion -> shimmering translucent violet geometric lattice encasing a humanoid target, floa
[218/7413] feat Weapon Mastery (Paladin) -> a polished golden round shield bearing an engraved crossed longsword and warhamm
[219/7413] monster Hverhuldra -> small aquatic fey humanoid with slender proportions and an upright noble posture
[220/7413] spell Terrify -> an oppressive wave of pitch black smoke expanding in a rapid circular shockwave 
[221/7413] monster Mummy Lord -> humanoid undead corpse wrapped in tightly wound yellowish decaying linen bandage
[222/7413] background Marauder -> middle-aged human woman with weathered skin, deep-set dark eyes, and a scarred l
[223/7413] magic-item Thunderbolt Javelin (d12, ignores armor), 1 charge. -> A solid copper javelin forged in a single piece, featuring an elongated straight
[224/7413] monster Fraughashar -> small fey creature, diminutive stature, hunched predatory posture, gaunt humanoi
[225/7413] monster Eye Golem -> large human-shaped construct composed of countless fused organic eyeballs and gr
[226/7413] magic-item Rod of Ghastly Might -> heavy tarnished silver rod with a straight cylindrical shaft, the top end shaped
[227/7413] monster Forest Marauder -> huge muscular giant with dark green skin and a tangled thicket of black briars w
[228/7413] magic-item Ring of Spell Protection, 1 charge -> thin band of silvery blue metal, smooth polished metallic surface, single small 
[229/7413] monster Shadow Fey Duelist -> slender medium humanoid with charcoal-grey skin, angular aristocratic facial fea
[230/7413] feat Steady Aim -> a circular heraldic shield bearing a central upright black longbow flanked by tw
[231/7413] magic-item Rope of Attachment, 5 charges -> fifty-foot-long sturdy hempen rope with a tightly woven coarse tan fiber texture
[232/7413] magic-item Talisman of Pure Good -> a heavy golden medallion shaped like an upright sunburst, polished metallic gold
[233/7413] spell Crushing Curse -> dark indigo void energy, a dense swirling sphere of crackling abyssal runes, sil
[234/7413] monster Necrotic Tick -> tiny bloated arachnid body, dark grey chitinous exoskeleton with ashen mottling,
[235/7413] monster Sea Hag -> emaciated humanoid female body, slimy green and grey scales covering pallid skin
[236/7413] spell Living Shadows -> dense black inky shadows detaching from surfaces and expanding outward into a fi
[237/7413] monster Red-Banded Line Spider -> tiny arachnid body, bulbous abdomen, eight jointed legs, deep black exoskeleton,
[238/7413] monster Chimeric Phantom -> medium hovering undead monstrosity, ethereal humanoid skeletal body shape, tatte
[239/7413] monster Devil, Rimepacted -> medium humanoid fiend with a hunched burrowing posture, jagged hardened earth ca
[240/7413] monster Ogre, Rockchewer -> massive hulking giant with thick gray stony skin, heavy protruding brow ridge, w
[241/7413] magic-item Ring of Deceiver's Warning -> A heavy band of dull reddish-brown copper, a round polished cabochon stone of op
[242/7413] magic-item Warrior Shabti -> one-foot-tall ceramic statuette carved in the likeness of an ancient warrior, da
[243/7413] feat Pact Magic -> a heraldic shield bearing the emblem of an obsidian hand clutching a swirling vo
[244/7413] monster Owl Harpy -> medium monstrous humanoid with the upper torso head and feathered wings of a gia
[245/7413] monster Deep One Archimandrite -> massive humanoid amphibian creature standing nine feet tall, bulky muscular fram
[246/7413] monster Adult Boreal Dragon -> huge quadrupedal reptilian body, thick white scales encrusted with frost, long m
[247/7413] monster Red Hag -> haggard humanoid female creature of medium size, emaciated torso, wrinkled crims
[248/7413] monster Adult Bronze Dragon -> huge quadrupedal reptilian dragon in flight with a massive muscular body, large 
[249/7413] monster Young Green Dragon -> large quadrupedal serpentine emerald green dragon in flight with broad leathery 
[250/7413] magic-item Scent Sponge -> porous marine sea sponge, irregular rounded shape, soft spongy fibrous texture, 
[251/7413] background Half Witch -> a lean middle-aged woman with tired grey eyes and thin dark hair tied back in a 
[252/7413] monster Crocodile -> Massive aquatic reptile with an elongated, armored body and a thick, laterally f
[253/7413] spell Putrescent Faerie Circle -> twenty-foot-diameter ring of loosely-packed toadstools emerging from the ground,
[254/7413] magic-item Crawling Cloak -> an unusual cloak composed of many overlapping broad strips of thick rough woven 
[255/7413] feat Cunning Strike -> a heraldic escutcheon divided diagonally with a matte black and dark grey field,
[256/7413] spell Fog Cloud -> dense roiling mass of thick white and grey vapor, swelling and expanding outward
[257/7413] background Wayfarer -> a weary human traveler in mid-thirties with sun-weathered olive skin and short t
[258/7413] spell Magic Jar -> An ornate ceramic vessel with an intricate stopper, from which a swirling semi-t
[259/7413] monster Hobgoblin Captain -> muscular humanoid standing upright with dark rusty-orange skin and coarse steel-
[260/7413] monster Spirit Naga -> large serpentine reptilian body covered in dark grey and mottled green scales, h
[261/7413] magic-item Standard of Divinity (Pike) -> tall wooden polearm shaft of polished pale ash wood, gleaming steel spearhead wi
[262/7413] monster Cave Troll -> massive hulking giant with thick ashen grey skin, disproportionately long muscul
[263/7413] monster Cat -> tiny feline quadruped with soft fur, four slender legs ending in small paws, a l
[264/7413] monster Dire Owlbear -> massive monstrous hybrid beast, oversized ursine body covered in thick brown fea
[265/7413] monster Zombie, Voidclaw -> small humanoid undead corpse with rotting gray skin pulled tight over protruding
[266/7413] magic-item Cloak of Displacement, 3 charges -> a shadowy dark cloak made of perfectly smooth fabric resembling pure night, movi
[267/7413] monster Grick -> medium wormlike monstrosity, rubbery slate-gray serpentine body, four long barbe
[268/7413] monster Hinderling -> small humanoid fey creature, child-sized slender body, mottled earthy brown and 
[269/7413] magic-item Flask of Epiphanies -> small ornate flask, body constructed of polished silver and polished cherry wood
[270/7413] magic-item Vial of Sunlight -> small cylindrical flask carved from clear rock crystal, faceted surface, stopper
[271/7413] monster Giant Moth -> small furry insectoid beast, plump segmented abdomen covered in thick dense brow
[272/7413] monster Werewolf -> muscular hybrid humanoid and wolf creature, medium size, covered in thick coarse
[273/7413] magic-item Sword of Ashes (d8), 5 charges -> simple straight steel sword, entire surface covered in a thick layer of grey ash
[274/7413] spell Vines of Ichor -> dense cluster of thick twisting thorned vines coated in heavy glossy dark red ic
[275/7413] feat Dueling -> a heraldic escutcheon divided diagonally by a sharp silver line, featuring a cro
[276/7413] monster Black Sun Orc -> medium humanoid orc with dark grey skin, heavy muscular build, broad shoulders, 
[277/7413] spell Blight -> turbulent wave of dark necrotic energy, ashy grey and deep charcoal black swirli
[278/7413] spell Ley Sense -> a circular wave of shimmering violet energy ripples outward across the ground in
[279/7413] monster Dragon Turtle -> gargantuan aquatic reptilian monster, massive rounded shell of dark green with s
[280/7413] spell Wild Hunt -> ethereal spectral pack of hounds and stags formed from swirling green emerald en
[281/7413] spell Drown -> a swirling torrent of cold dark seawater surging upward in a rapid twisting vert
[282/7413] spell Unluck On That -> translucent crackling violet energy field enclosing a target, swirling distortio
[283/7413] monster Swarm of Wharflings -> swarm of dozens of small, amphibious mammalian creatures, each creature roughly 
[284/7413] monster Zoryas -> medium celestial humanoid in flight with a noble bearing, large feathered wings 
[285/7413] monster Tusked Skyfish -> large hovering aberration, stout barrel-shaped body covered in pale blue-grey sc
[286/7413] monster Tyrannosaurus Rex -> huge bipedal reptilian apex predator with a massive balanced tail, a short thick
[287/7413] monster Alchemical Skunk -> small quadrupedal monstrosity, low-slung stocky body covered in coarse dark fur 
[288/7413] spell Scry -> a single human eye, the sclera and iris completely transformed into a solid, opa
[289/7413] spell See Invisibility -> translucent wave of shimmering violet energy rippling through the air, spherical
[290/7413] monster Barong -> massive divine beastly entity with a towering muscular canine and lionlike body,
[291/7413] monster Anubian -> medium humanoid elemental with a lean jackal-headed canine silhouette, midnight-
[292/7413] magic-item Eye of Vecna -> severed human left eye, completely desiccated and withered, opaque milky-white s
[293/7413] monster Axe Beak -> tall flightless bird with a heavy wedge-shaped beak, massive muscular body, long
[294/7413] magic-item Eyes of Charming -> two polished optical crystal lenses shaped for human eyes, transparent circular 
[295/7413] spell Lesser Restoration -> a localized swirling cloud of soft pale green and warm golden light particles co
[296/7413] monster Dust Grazer -> large quadrupedal aberration in midair flight, heavy serpentine body covered in 
[297/7413] magic-item Animated Abacus -> a small rectangular wooden calculating frame made of dark polished mahogany, mea
[298/7413] magic-item Oil of Extreme Bludgeoning -> a small stoppered glass flask filled with a thick indigo-hued oil that emits a f
[299/7413] spell Winterdark -> a massive vertical cylinder of supernatural darkness sixty feet high and forty f
[300/7413] monster Archon, Word -> tiny celestial humanoid with a noble bearing, slender body shape, smooth pale go
[301/7413] magic-item Wand of Tears -> slender straight wooden wand, top half covered in sharply curved dark brown wood
[302/7413] monster Rum Lord -> small fey humanoid, hunched posture, damp wrinkled skin tinted deep amber and am
[303/7413] feat Innate Sorcery -> circular heraldic metal medallion, embossed central design of a closed human eye
[304/7413] spell Lightning Beam -> a brilliant jagged beam of pure electrical energy, blinding blue-white in color,
[305/7413] magic-item Staff of the Unhatched -> long quarterstaff carved from charred black ash wood with a rough, fire-scarred 
[306/7413] spell Catsense -> translucent feline aura enclosing the target, a faint golden glowing silhouette 
[307/7413] feat One with Shadows -> A circular heraldic emblem forged from dark iron, featuring the silhouette of a 
[308/7413] magic-item Figurine of Wondrous Power (Violet Octopoid) -> small carved statuette of an octopoid creature, polished translucent deep violet
[309/7413] monster Ratfolk -> bipedal humanoid standing three feet tall with a hunched posture and slender pro
[310/7413] feat Fiendish Resilience — Slashing -> a heraldic escutcheon divided per pale into deep crimson and obsidian black, bea
[311/7413] monster Ring Servant -> large hovering humanoid construct, massive metallic armor plating forming an ang
[312/7413] spell Blazing Blade -> a spectral sword blade formed of roaring orange and yellow fire and intense whit
[313/7413] monster Red Dragon Wyrmling -> medium quadrupedal dragon in flight with broad leathery wings spread wide, crims
[314/7413] spell See Invisibility -> translucent shimmering sapphire blue energy ripples across the eyes, thin glowin
[315/7413] monster Flinderbeast -> small bipedal fey creature, slender hunched body shape, pale mottled skin, long 
[316/7413] spell Heatless Torch -> A stationary, rigid shaft of white and pale blue fire hovering directly above th
[317/7413] monster Cockatrice -> small chimeric monstrosity in mid-flight with a plump reptilian torso covered in
[318/7413] monster Mindrot Thrall -> humanoid medium plant creature, withered brown vine-wrapped body, decaying fibro
[319/7413] monster Cadaver Sprite -> tiny undead humanoid sprite, skeletal skeletal wings of decaying skin stretched 
[320/7413] magic-item Skullcap of Deep Wisdom -> A scholar cap shaped from deep indigo velvet, covered across its exterior surfac
[321/7413] monster Doppelganger -> hairless humanoid figure, medium height, smooth pale gray rubbery skin devoid of
[322/7413] monster Spider, Giant -> huge arachnid body, eight long jointed legs covered in stiff black bristles, bul
[323/7413] monster Gearforged Templar -> medium humanoid construct built from interlocking bronze and steel plates, facet
[324/7413] monster Kobold Sorcerer -> small reptilian humanoid standing upright, lean scaly body covered in fine rust-
[325/7413] monster Salt Devil -> medium fiend with a gaunt humanoid silhouette, emaciated grey skin pulled tight 
[326/7413] monster Dust Mephit -> small humanoid elemental constructed from compacted gray dust and dry earth, sle
[327/7413] magic-item Elixir of Corruption -> small heavy glass vial with a thick cork stopper sealed in black wax, filled wit
[328/7413] feat Draconic Spells -> a metallic heraldic shield embossed with a stylized dragon head in profile, five
[329/7413] monster Vine Lord's Tendril Puppet -> medium humanoid plant creature constructed from a tangled mass of thick green vi
[330/7413] magic-item Treebleed Bucket -> cylindrical wooden sap bucket bound with rusted iron bands, rough-hewn pine stav
[331/7413] monster Khalkos -> medium-sized winged aberration in flight, muscular humanoid torso covered in den
[332/7413] spell Shillelagh -> a wooden club or quarterstaff glowing with vibrant emerald-green natural energy,
[333/7413] background Guard -> a human guard standing with a steady posture, wearing a fitted leather doublet o
[334/7413] magic-item Manual of the Lesser Golem -> a thick rectangular book bound in dark cracked leather, iron corner brackets, a 
[335/7413] spell Power Word Kill -> concentrated wave of absolute darkness, expanding shockwave of pure void energy,
[336/7413] spell Vicious Mockery -> a distortion in the air resembling translucent, jagged, barbed letterforms and l
[337/7413] magic-item Necromantic Ink -> small cylindrical ceramic pot made of rough dark grey clay, interior filled with
[338/7413] magic-item Encouraging Leather Armor -> fitted suit of supple dark brown leather armor, reinforced with boiled leather p
[339/7413] magic-item Sea Witch's Blade -> slim single-edged curved steel shortsword, dark-etched wave patterns along the f
[340/7413] subclass Wasteland Strider -> a circular heraldic shield bearing the emblem of a weathered boot silhouette sup
[341/7413] monster Invisible Stalker -> a completely transparent and invisible humanoid shape composed entirely of swirl
[342/7413] monster Weasel, Giant -> medium-sized beast with an elongated, sinuous body, short legs, thick reddish-br
[343/7413] monster Ice Mephit -> small humanoid elemental body composed of jagged translucent blue ice, slight sl
[344/7413] spell Voorish Sign -> translucent shifting geometric glyph composed of pale violet light, pulsing circ
[345/7413] monster Lemure -> medium-sized fiend formed from a molten, viscous mass of pale grey and pinkish f
[346/7413] monster Winterghast -> skeletal medium undead humanoid, jagged shards of frost protruding from frozen g
[347/7413] monster Three-Headed Clockwork Dragon -> huge mechanical dragon construct in mid-flight, three distinct serpentine heads 
[348/7413] monster Crab, Samurai -> medium aquatic crustacean beast, wide hard carapace etched with natural angular 
[349/7413] monster Mngwa -> medium feline aberration with a thick muscular body covered in coarse brindled g
[350/7413] monster Iron Construct -> massive humanoid automaton forged from interlocking plates of dark rusted iron, 
[351/7413] magic-item Manual of Quickness of Action -> thick heavy tome bound in supple dark leather, embossed with intricate silver fi
[352/7413] monster Awakened Tree -> huge animate deciduous tree, massive thick brown bark trunk, two heavy gnarled r
[353/7413] monster Vampire Mage -> pale skinned humanoid corpse with sunken cheeks, elongated pointed canines, glow
[354/7413] monster Cosmic Symphony -> large celestial creature with an immense towering humanoid torso, vast feathered
[355/7413] magic-item Soul Clump -> fist-sized spherical magical object, hard rock-like gray material, dense irregul
[356/7413] spell Symbol -> A glowing magical glyph inscribed in midair, composed of intricate intersecting 
[357/7413] monster Fidele Angel -> humanoid celestial entity of medium stature with a powerful athletic build and a
[358/7413] magic-item Ghost Barding Half Plate -> half plate barding tailored for a warhorse, composed of translucent blue-green s
[359/7413] magic-item White Ape Leather -> a suit of magic leather armor crafted from the thick, coarse white hide of a gia
[360/7413] monster Cloaker -> large leathery dark gray aberration resembling a stingray, flat cartilaginous bo
[361/7413] spell Instant Fortification -> A miniature stone keep statuette levitating slightly above the ground, surrounde
[362/7413] monster Nilbog -> small goblinoid humanoid, scrawny green-skinned body, oversized pointed ears, wi
[363/7413] spell Staff of Violet Fire -> quarterstaff-shaped construct of crackling dark purple necrotic energy, intense 
[364/7413] monster Flumph -> small disc-shaped body resembling a translucent jellyfish, flat circular top sur
[365/7413] magic-item Mordant Greataxe -> massive double-bitted greataxe, heavily pitted dark iron haft wrapped in water-r
[366/7413] spell Linguist -> swirling column of violet and gold runic characters and linguistic symbols twist
[367/7413] monster Clockwork Myrmidon -> large humanoid construct made of interlocking steel plates and brass gears, heav
[368/7413] monster Blood Imp -> tiny winged fiend with a compact humanoid body, crimson skin, leathery bat-like 
[369/7413] spell Lesser Ley Pulse -> a ten-foot cube volume of translucent violet magical force, containing dense hor
[370/7413] spell Arcane Arrow -> a narrow spearhead-shaped bolt of crackling emerald green energy, sharp jagged e
[371/7413] feat Fiendish Resilience — Cold -> a metallic heraldic shield forged from black iron, embossed with a large stylize
[372/7413] monster Tusked Skyfish -> large heavy-bodied piscine aberration in mid-air, dark metallic-blue scales cove
[373/7413] monster Pseudodragon -> tiny dragon with red-brown scales, short curved horns on its head, a narrow snou
[374/7413] magic-item Boots of Pouncing -> a pair of supple dark brown calf-high leather boots with reinforced stitching, f
[375/7413] spell Lacerate -> an arc of invisible force slicing through empty space, leaving in its wake a jag
[376/7413] spell Rage of the Meek -> two clenched human fists engulfed in dense churning violet flames, crackling arc
[377/7413] monster Dragon, Prismatic Young -> large quadrupedal reptilian dragon body, elongated serpentine neck, long whip-li
[378/7413] magic-item Crusader's Shield -> round bronze shield, heavy polished metal surface, reinforced outer rim, central
[379/7413] spell Tree Heal -> a gnarled deciduous tree trunk wrapped in swirling emerald-green botanical energ
[380/7413] magic-item Staff of the Scion -> long staff fashioned from a hybrid material resembling weathered grey wood and d
[381/7413] subspecies Silver Dragonborn -> bipedal humanoid dragonborn with tall muscular stature, silvery metallic scales 
[382/7413] magic-item Bull Ring -> chunky solid gold nose ring, thick heavy circular band, high-polish yellow gold 
[383/7413] monster Swarm of Rats -> A writhing medium-sized mass of dozens of overlapping scuttling rodents, a dense
[384/7413] monster Hobgoblin Captain -> muscular medium humanoid with reddish-orange skin and dark slate-gray hair tied 
[385/7413] monster Hound of the Night -> large quadrupedal monstrosity with a lean canine body shape, midnight black fur,
[386/7413] magic-item Elk Horn Rod -> straight tapering staff crafted from a bleached white elk antler, smooth polishe
[387/7413] spell Bloodlust -> crimson energy swirling in a dense, roiling cloud of deep red mist, tiny sparks 
[388/7413] magic-item Staff of Fire -> tall staff carved from blackened charred wood, dense intricate scale-like relief
[389/7413] magic-item Wonder Bar, 1 charge -> a heavy rectangular iron bar with a dark rusted metallic surface, a small raised
[390/7413] monster Hell Hound -> medium canine fiend with a muscular and gaunt body, coarse scruffy black fur, sm
[391/7413] spell Land Bond -> complex geometric ley line energy patterns glowing in emerald green and amber go
[392/7413] monster Catterball -> small globular fey creature, spherical body covered in dense vibrant green fur, 
[393/7413] monster Degenerate Titan -> huge giant humanoid body shape, massive muscular physique, ash gray cracked ston
[394/7413] monster Alpha Werewolf -> huge bipedal hybrid creature combining wolf and human anatomy, towering muscular
[395/7413] subclass Old Wood -> carved wooden heraldic shield shaped like a gnarled tree trunk, deep amber grain
[396/7413] magic-item Wand of the Timekeeper -> smoothly polished pale teak wood rod, twelve inches long, perfectly balanced cyl
[397/7413] monster Dwarf, Firecracker -> medium humanoid dwarf with stout muscular build, leathery dark grey skin smeared
[398/7413] monster Roc Juvenile -> huge avian monster in mid-flight with an expansive wingspan of leathery feathere
[399/7413] monster Tarrasque -> gargantuan bipedal monstrosity fifty feet tall and seventy feet long, colossal h
[400/7413] monster Selang -> medium fey humanoid creature, slender athletic bipedal body shape, dark ashen gr
[401/7413] monster Ningyo -> small aberrant humanoid torso merging smoothly into a sleek fish tail covered in
[402/7413] spell Seed of Destruction -> a pulsating, shadowy spherical mass of corrupted violet energy, jagged obsidian 
[403/7413] spell Continual Flame -> a steady, upright flickering tongue of fire springing directly from the surface 
[404/7413] monster Dragon, Sand Young -> large quadrupedal reptilian dragon with a serpentine body, a pair of leathery wi
[405/7413] subspecies Derro Heritage -> short and stunted humanoids standing three feet tall with broad shoulders and ma
[406/7413] magic-item Scale Mail of Warding (+1) -> a suit of metallic scale mail armor crafted from overlapping steel plates with a
[407/7413] spell Sacrificial Healing -> translucent crimson magical energy tendrils coiling outward from an open palm, w
[408/7413] monster Half-Red Dragon Veteran -> muscular medium humanoid body blending human and reptilian anatomy, crimson scal
[409/7413] monster Young Mithral Dragon -> medium reptilian quadruped dragon in midair flight with wings fully extended, bo
[410/7413] spell Sorcerer's Lock -> a heavy oak door reinforced with thick iron bands, an intricate geometric grid o
[411/7413] spell Animate Construct -> tiny clockwork construct formed from interlocking brass gears, delicate steel sp
[412/7413] monster Ancient Mithral Dragon -> gargantuan quadrupedal dragon with an immense serpentine body, shimmering metall
[413/7413] monster Minotaur -> massive barrel-chested humanoid towering nine feet tall with the muscular head o
[414/7413] feat Surgical Combatant -> a circular heraldic shield bearing a centered golden scalpel crossed diagonally 
[415/7413] monster Diseased Giant Rat -> small quadrupedal rodent beast, hunched posture, matted grayish-brown fur with p
[416/7413] monster Pombero -> short human-like fey creature, stocky hairy body covered in thick coarse dark br
[417/7413] spell Boiling Blood -> translucent crimson liquid surging in roiling currents, violent microscopic bubb
[418/7413] magic-item Blue Willow Cloak -> lightweight hooded cloak, woven from delicate translucent fey silk, dyed in deep
[419/7413] magic-item Reading Glass, 1 Charge -> handheld magnifying glass with a brass frame, circular convex glass lens with a 
[420/7413] monster Kappa -> small humanoid amphibious fey creature, child-sized turtle-like body, webbed fin
[421/7413] monster Zanskaran Viper -> large aquatic serpent, long slender scaled body covered in dark green scales mot
[422/7413] monster Giant Wasp -> medium sized predatory insect in flight, segmented amber and black chitinous exo
[423/7413] monster Wild Warrior -> medium humanoid with a muscular and sinewy build, weathered dark bronze skin cov
[424/7413] spell Primal Surge -> a violent vortex of swirling crimson and amber temporal energy, an escalating sp
[425/7413] magic-item Talking Torches -> pair of heavy iron and wood torches, each torch featuring a dark weathered woode
[426/7413] magic-item Crow Porter, 1 use -> large brown glass bottle, rounded base tapering into a narrow cylindrical neck, 
[427/7413] spell Fire Storm -> ten adjacent cubic volumes of raging white-hot fire, swirling gales of billowing
[428/7413] monster Thursir -> Massive towering humanoid giant with thick grey stone-like skin and deep jagged 
[429/7413] magic-item Ring of Jumping -> a metallic ring crafted from heavy dark iron, the outer surface deeply engraved 
[430/7413] spell Shadow Monsters -> a cluster of illusory phantoms shifting into humanoid shadow monsters, composed 
[431/7413] spell Caustic Torrent -> a turbulent 60-foot-long straight stream of acidic liquid, frothing pale green a
[432/7413] monster Lemurfolk -> small humanoid lemurfolk creature, slender agile body, short tawny fur covering 
[433/7413] monster Ancient Bronze Dragon -> gargantuan quadrupedal dragon with massive feathered wings spanning hundreds of 
[434/7413] monster Putrid Haunt -> medium humanoid undead creature with a decayed skeletal body covered in clinging
[435/7413] spell Masquerade -> shifting translucent veil of swirling prismatic mist, shimmering chromatic ribbo
[436/7413] magic-item Breastplate of Warding (+1) -> a fitted steel breastplate featuring a polished metallic surface deeply etched w
[437/7413] feat Thief's Reflexes -> A silver heraldic shield bearing the raised metal profile of a silhouetted felin
[438/7413] magic-item Smuggler's Coat -> tailored outer garment, dense midnight-black wool material, stiff high collar, s
[439/7413] spell Life Drain -> three thick whipping tendrils of ashen grey necrotic energy, smoky black wisps c
[440/7413] magic-item Muffled Scale Mail -> a set of magic scale mail armor composed of overlapping dark grey metal plates a
[441/7413] spell Detect Magic -> translucent shimmering aura of faint multicolored energy pulsing in concentric r
[442/7413] feat Observant -> a heraldic shield of polished silver bearing a centered emblem of a wide-open hu
[443/7413] monster Millitaur -> massive burrowing monstrosity with a hulking, muscular torso, thick earth-caked 
[444/7413] spell Befriend -> A swirling cloud of translucent pink and pale lavender magical mist, composed of
[445/7413] spell Auspicious Warning -> a swirling golden rune shaped like an ancient eye, emitting narrow concentric ri
[446/7413] monster Stoneguard -> medium humanoid constructed entirely of jagged grey granite blocks fitted tightl
[447/7413] spell Etherealness -> translucent ghostly silhouette phasing through solid physical matter, fading mis
[448/7413] spell Enlarge/Reduce -> A twisting spherical wave of translucent violet transmutation magic rippling out
[449/7413] spell Dark Maw -> a gaping void of swirling dark mist forming a colossal spectral maw lined with j
[450/7413] monster Hooden Horse -> medium undead quadrupedal equine skeleton, stripped skull of a horse with hollow
[451/7413] spell Shield -> translucent sapphire blue disc of hard force, circular curved plane hovering ver
[452/7413] spell Illuminate -> A small floating sphere of concentrated yellow light, hovering motionless in the
[453/7413] magic-item Shortsword of Fallen Saints -> a straight steel shortsword with a double-edged blade etched with intricate silv
[454/7413] spell Unseen Servant -> faintly shimmering humanoid outline composed of semi-transparent air distortion,
[455/7413] monster Adult White Dragon -> huge quadripedal draconic body, massive wingspan with tattered membrane edges, t
[456/7413] magic-item Muffle Dust, 2 uses -> small rugged burlap pouch tied tightly at the neck with a frayed hemp cord, bulg
[457/7413] magic-item Web Arrows -> pair of matching arrows, straight wooden shafts, dark iron arrowhead, intricate 
[458/7413] feat Polearm Savant -> A metallic heraldic shield bearing a diagonal quartering divided by a sharp pole
[459/7413] background Fieldwarden -> middle-aged human man, weathered face with deep laugh lines, short-cropped salt-
[460/7413] magic-item Honey of the Warped Wildflowers -> a small ceramic jar of golden translucent magical honey, squat bulbous body with
[461/7413] spell Major Image -> a twenty-foot cube volume filled with a translucent, shimmering phantom appariti
[462/7413] spell Hallucinatory Terrain -> a translucent rippling boundary layer of shifting iridescent violet haze and ove
[463/7413] magic-item Bloodthirsty Greatsword -> heavy steel greatsword with a wide straight double-edged blade, long deep branch
[464/7413] feat Fleet Step -> a heraldic shield emblazoned with a winged golden boot in rapid motion across a 
[465/7413] monster Xorn -> medium elemental creature with a heavy, stone-like body encrusted with earth and
[466/7413] subclass Sapper -> a circular brass heraldic shield featuring an embossed cross-peen hammer crossed
[467/7413] magic-item Wand of Direction -> crooked twisting wand crafted of dark dense ebony wood, small polished silver ar
[468/7413] spell Clone -> flesh-toned humanoid duplicate suspended upright inside a glass cylinder filled 
[469/7413] monster Spider, Giant Wolf -> medium-sized arachnid beast with eight long spindly hairy legs supporting a broa
[470/7413] monster Beheaded Vengeful Spirit -> medium undead humanoid figure, absence of a head with a ragged neck stump, trans
[471/7413] spell Thin the Ice -> a circular boundary of frost-rimmed air ten feet in radius, an interior column o
[472/7413] spell Unholy Star -> a dense sphere of jagged dark rock measuring five feet across, engulfed in roili
[473/7413] monster Insect, Swarm of Insects -> a dense, churning cloud of thousands of crawling and flying bugs, a medium-sized
[474/7413] monster Incubus -> medium male humanoid fiend in mid-air flight with an athletic muscular build, sm
[475/7413] spell Wresting Wind -> a violent spherical tempest of churning transparent air twenty feet across, cont
[476/7413] spell Incendiary Cloud -> a massive billowing mass of roiling dark grey smoke and black ash interspersed w
[477/7413] magic-item Hat of Mental Acuity -> well-crafted fabric cap styled as standard academic headwear, made from dark cha
[478/7413] feat Tenacious -> a heavy metallic heraldic shield emblem, embossed with a central rearing metal r
[479/7413] monster Shadow Lurker -> medium fey creature, slender humanoid body shape, midnight-black skin absorbing 
[480/7413] subspecies Far-Touched -> humanoid of average human stature and slender athletic build, pale pearlescent s
[481/7413] magic-item Wolfskin, 2 charges -> a thick heavy cloak fashioned entirely from the gray and silver pelt of a large 
[482/7413] magic-item Moth Mirror, _bulky_ -> Bulky full-length double-sided standing floor mirror, heavy dark polished wood f
[483/7413] spell Conjure Forest Defender -> bipedal humanoid construct composed entirely of interwoven wooden sticks, thick 
[484/7413] spell Forest Sanctuary -> a massive translucent green magical cube measuring two hundred feet across, comp
[485/7413] spell Heroes' Feast -> A massive wooden banquet table covered in steaming platters of roasted meats, pi
[486/7413] monster Gnoll -> bipedal humanoid hyena hybrid with a hunched posture, massive muscular shoulders
[487/7413] spell Demiplane -> a vertical rectangular threshold of deep black shadow floating flat against a fl
[488/7413] feat Telekinetic -> a metallic heraldic shield embossed with a stylized floating brain emitting thre
[489/7413] magic-item Bag of Traps -> small coarse-woven burlap pouch, deep charcoal-grey fabric stained with grease, 
[490/7413] monster Guard -> humanoid male guard standing in a vigilant posture, medium height and stout musc
[491/7413] magic-item Gritless Grease -> small three-inch-diameter cylindrical metal jar with a tight-fitting threaded li
[492/7413] spell Ice Hammer -> a solid warhammer made entirely of translucent blue ice, the weapon head shaped 
[493/7413] monster Ogre Zombie -> massive towering humanoid corpse, hulking stooped posture, rotting gray-green fl
[494/7413] monster Divi Noble -> massive humanoid elemental body, thick jagged rock and compacted soil skin, larg
[495/7413] subclass Portal Domain -> a circular heraldic shield featuring an open swirling arcane doorway of deep ind
[496/7413] monster Medusa -> human female upper torso with flawless pale skin, long slender arms, five-finger
[497/7413] spell Guidance -> glowing golden energy wrapping around a creature in a swirling vortex of bright 
[498/7413] monster Mammoth -> huge elephantine quadrupedal mammalian beast with a massive barrel-shaped body, 
[499/7413] spell Wound -> a concentrated tear in space shaped like a jagged vertical fissure five feet tal
[500/7413] monster Assassin -> medium humanoid figure standing in a rigid upright posture, wearing head-to-toe 
[501/7413] magic-item Sword of the Holy Knight (d6), d6 charges -> longsword with a polished silver blade, straight double edges tapering to a shar
[502/7413] feat Divine Order: Thaumaturge -> A circular heraldic emblem forged of polished silver featuring a raised central 
[503/7413] magic-item Robe of the Magi -> floor-length opulent silk robe dyed in deep midnight blue, adorned with intricat
[504/7413] spell Heartstop -> viscous dark grey translucent aura shaped like an anatomical human heart, a netw
[505/7413] monster Hippocampus -> large aquatic beast with the forequarters of a horse possessing a sleek deep blu
[506/7413] spell Scattered Images -> multiple identical translucent duplicate figures made of shimmering magical ligh
[507/7413] subspecies Forest Gnome -> small humanoid standing two feet tall, slender build, earthy brown skin tone wit
[508/7413] monster River Dragon Wyrmling -> medium serpentine dragon in mid-flight, sleek aquatic body covered in smooth tea
[509/7413] feat Seeking Spell -> A heraldic shield emblem featuring a centered metallic compass rose with eight r
[510/7413] spell Divine Word -> a colossal manifestation of golden primordial script forming ancient geometric r
[511/7413] spell Phantasmal Killer -> A terrifying shadowy phantom taking the exact visual shape of a humanoid creatur
[512/7413] monster Adult White Dragon -> huge quadrupedal reptilian body, massive white-scaled frame with pale blue under
[513/7413] spell Invisibility -> A swirling spherical distortion of light, a transparent liquid-like refractive r
[514/7413] spell Primal Infusion -> a swirling vortex of emerald green and deep earthy brown magical energy, violent
[515/7413] subclass Pugilist -> a brass heraldic shield bearing a centered raised emblem of a clenched bare huma
[516/7413] monster Bloated Ghoul -> medium undead humanoid corpse, grotesquely swollen waterlogged grey skin stretch
[517/7413] monster Dread Walker Excavator -> large aquatic construct with a hulking segmented chassis of rusted iron plates, 
[518/7413] spell Vampiric Touch -> a disembodied humanoid hand formed entirely of swirling black shadows and grey w
[519/7413] magic-item Javelin of Lightning -> slender wooden javelin, straight tapered ash shaft, iron spearhead forged in the
[520/7413] monster Alnaar -> large fiend in mid-flight with powerful leathery wings outstretched, heavily cak
[521/7413] monster Vampire -> medium undead humanoid, pale ashen skin, taut over prominent bones, piercing red
[522/7413] magic-item Nine Lives Stealer -> longsword with a straight double-edged steel blade, polished silver crossguard w
[523/7413] feat Diehard -> a heraldic shield of brushed steel embossed with a rampant iron lion clutching a
[524/7413] monster Imp -> diminutive red-skinned humanoid body, tiny stature, small pointed horns on its h
[525/7413] species Goliath -> tall massive humanoids standing over seven feet tall with broad muscular builds,
[526/7413] monster Shellycoat -> medium humanoid fey creature, damp greenish-brown skin covered in a tight jacket
[527/7413] spell Purify Food and Drink -> translucent pale silver magical energy ripples outward in concentric rings, an e
[528/7413] spell Blur -> translucent humanoid silhouette, rippling liquid glass body outline, shifting du
[529/7413] monster Iron Golem -> massive towering humanoid construct sculpted from dark rusted iron plates resemb
[530/7413] monster Boloti -> tiny humanoid fey creature, slight child-sized aquatic build, webbed fingers and
[531/7413] monster Ancient Bronze Dragon -> gargantuan serpentine quadrupedal dragon, massive webbed wings with ribbed bronz
[532/7413] monster Living Soot -> large elemental creature composed of billowing clouds of dense black soot and as
[533/7413] spell Invested Champion -> a humanoid warrior silhouette entirely composed of crackling bright violet magic
[534/7413] magic-item Bloodthirsty Dart -> slender throwing dart forged from dark grey meteoric iron, long branching capill
[535/7413] magic-item Chain Shirt of Warding (+1) -> interlocking iron rings forming a flexible short-sleeved chain shirt, fine metal
[536/7413] magic-item Accursed Idol -> small carved totem fashioned in the macabre likeness of a Great Old One, made fr
[537/7413] spell Conjure Minor Voidborn -> swirling rift of absolute darkness ringed by a ragged tear in space, jagged jagg
[538/7413] spell Maker -> transmuting energy beam, swirling vertical column of pale gold and silver transl
[539/7413] magic-item Parliament's Promise, +1 Armor -> a helmet forged in the exact shape of an adult great horned owl's head, construc
[540/7413] spell Animate Objects -> a diverse collection of inanimate objects animated by visible transmutation magi
[541/7413] spell Greater Invisibility -> empty space of distorted air ripples with concentric refractive distortion waves
[542/7413] spell Giant Insect -> a towering translucent arachnid carapace composed entirely of shimmering emerald
[543/7413] monster Ion Slime -> translucent electric blue ooze, small amorphous blob body, crackling static elec
[544/7413] monster Young White Dragon -> large quadrupedal reptilian body covered in pale white scales and thick plates o
[545/7413] monster Orca -> massive aquatic marine mammal, sleek torpedo-shaped body, dark black skin across
[546/7413] spell Oathbound Implement -> a magical floating weapon suspended upright in the air surrounded by swirling ar
[547/7413] monster Cobbleswarm -> medium monstrosity composed entirely of loose cobblestones and paving stones hel
[548/7413] monster Cutthroat -> medium humanoid figure, gaunt muscular build, dark grey leather armor over a tat
[549/7413] monster Horned Serpent -> massive serpentine aquatic monstrosity with deep emerald-green scales and pale u
[550/7413] magic-item Green Mantle -> a lightweight garment composed entirely of interwoven living plants, vibrant gre
[551/7413] spell Spite -> a swirling vortex of deep crimson energy shaped like a jagged sigil pressed agai
[552/7413] monster Hyena -> medium-sized quadrupedal mammal, stout muscular body, sloping back from high pow
[553/7413] spell Sleep of the Deep -> a dense cloud of heavy indigo fog swirling in slow lazy motion, deep purple ethe
[554/7413] spell Phase Touch -> translucent disembodied human hand composed of pale shifting blue energy, faint 
[555/7413] monster Caltrop Golem -> medium humanoid construct formed entirely from thousands of jagged iron caltrops
[556/7413] feat Attentive -> a circular heraldic shield bearing the image of a wide-open human eye at its exa
[557/7413] monster Fane Spirit -> Medium undead humanoid spirit, hovering slightly above the ground, translucent p
[558/7413] monster Darakhul High Priestess -> undead humanoid female corpse with ashen grey rotting skin, emaciated skeletal f
[559/7413] feat Repelling Blast -> a heraldic shield emblazoned with a jagged turquoise force blast bursting outwar
[560/7413] magic-item Padded Armor of the Leaf -> flexible leather vest and matching greaves dyed in mottled shades of forest gree
[561/7413] magic-item Periapt of Wound Closure -> thick red gemstone cut into a smooth oval shape, encased in a heavy wrought-iron
[562/7413] monster Satyr -> medium fey humanoid with the upper body of a stout human male featuring tanned s
[563/7413] magic-item Buzzing Shortsword -> shortsword with a double-edged steel blade etched with jagged vibration runes al
[564/7413] monster Rubezahl -> medium-sized humanoid fiend with ashen gray skin, jagged obsidian horns curving 
[565/7413] magic-item Rainbow Extract -> small rounded glass flask filled with a thin oily viscous liquid, the fluid disp
[566/7413] magic-item Encouraging Padded Armor -> quilted padded leather armor suit dyed a warm amber gold, soft thick layers of r
[567/7413] magic-item Berserker Axe -> a single-banned iron battleaxe with a thick, broad crescent blade forged from da
[568/7413] spell Aura of Life -> a circular sphere of thirty-foot radius composed of dense shimmering golden-whit
[569/7413] monster Corrupted Pixie -> tiny humanoid fiend with a hunched posture, jagged translucent insectoid wings s
[570/7413] monster Gibbering Mouther -> medium amorphous mass of liquefied flesh, shifting body composed of a composite 
[571/7413] monster Angel of Judgment -> huge humanoid celestial in flight with towering proportions, massive wingspan fe
[572/7413] monster Shoggoth -> huge amorphous protoplasmic mass of black iridescent tar, towering towering undu
[573/7413] magic-item Slippers of the Cat -> a pair of low-profile slippers crafted from fine matte black silk fabric, sleek 
[574/7413] magic-item Iceblink Rapier -> slender rapier weapon, straight tapered steel blade, pale yellow-white metallic 
[575/7413] subclass Path of the Berserker -> a heraldic escutcheon bearing a rampant dire wolf head in profile with snarling 
[576/7413] spell Sudden Stampede -> a sixty-foot-long linear stampede of galloping horse-shaped fey spirits, dozens 
[577/7413] magic-item Oil of Sharpening -> small faceted crystal vial, polished opaque pewter stopper, interior filled with
[578/7413] monster Sporous Crab -> small aquatic crustacean body with a mottled brown and dark green hard shell, tw
[579/7413] magic-item Draught of the Black Owl -> small bulbous glass flask, dark opaque obsidian-tinted body, short narrow cylind
[580/7413] magic-item Infinite Outfit, 3 charges -> a sharply tailored wool suit in midnight blue with silver pinstripes, featuring 
[581/7413] spell Blade of my Brother -> a floating melee sword levitating in the air, surrounded by a swirling aura of t
[582/7413] spell Fog Cloud -> spherical mass of dense opaque gray vapor, twenty-foot radius volume of thick ro
[583/7413] monster Rift Swine -> massive boar-like aberrant quadruped, thick rubbery grey hide scarred with jagge
[584/7413] monster Lesser Lunarchidna -> medium aberration with a segmented bulbous abdomen patterned in pale silver and 
[585/7413] background Mercenary Recruit -> a young human mercenary recruit with a nervous demeanor, short brown hair, weari
[586/7413] monster Basilisk -> eight-legged reptilian monster with a heavy, squat body, thick brown-scaled hide
[587/7413] spell Bolster -> a shimmering wave of pale golden magical energy expanding outward in a circular 
[588/7413] monster Barbed Devil -> tall humanoid fiend with a muscular frame, entirely covered from head to toe in 
[589/7413] monster Servant of the Vine -> medium humanoid creature with a lean muscular frame, dark bark-like skin texture
[590/7413] monster Air Elemental -> a large funneling cloud of whirling air, a vague and indistinct semblance of a f
[591/7413] monster Intellect Devourer -> tiny biological brain shaped central mass, thick crusty grey bone-like protectiv
[592/7413] monster Clay Golem -> massive human shaped humanoid construct sculpted from thick cracked terracotta c
[593/7413] monster Mire Fiend -> medium humanoid fiend with a hunched amphibious body shape, dark gray scaly skin
[594/7413] spell Passwall -> a rectangular opening five feet wide and eight feet tall carved cleanly into a s
[595/7413] magic-item Mongrelmaker's Handbook -> thin volume bound in a mottled scaled hide cover, containing a scant few dozen y
[596/7413] monster Storm Giant -> enormous humanoid giant standing twenty six feet tall with pale purple gray skin
[597/7413] magic-item Ring of Water Walking -> polished pale platinum band, smooth continuous circular metal loop, etched with 
[598/7413] magic-item Entrenching Mattock -> heavy iron mattock head with a broad wedge-shaped blade on one side and a down-t
[599/7413] magic-item Earrings of the Agent -> a matching pair of simple circular golden hoops, polished yellow gold metal, smo
[600/7413] monster Trollkin Reaver -> medium humanoid figure, hulking muscular frame, leathery grey-green skin, broad 
[601/7413] spell Confusion -> swirling cloud of jagged chromatic energy fragments, erratic geometric shards fl
[602/7413] monster Cosmopolitan Alchemist -> medium humanoid standing in an upright posture, wearing a dark leather apron ove
[603/7413] feat Second Wind -> a sculpted metal heraldic shield bearing a raised emblem of a stylized roaring g
[604/7413] monster Manticore -> massive quadrupedal creature with the muscular body of a large lion covered in t
[605/7413] monster Gulon -> massive stocky quadrupedal monstrosity with coarse bristly dark brown fur, power
[606/7413] magic-item Chalk of Exodus -> a thick cylindrical stick of heavy white chalk, densely flecked with glittering 
[607/7413] monster Spider -> tiny eight-legged arachnid, compact rounded abdomen and cephalothorax, dark matt
[608/7413] feat Gaze of Two Minds -> An embossed metallic heraldic charge showing two human heads merged in profile f
[609/7413] monster Chuul -> large crustacean aberration with a dark blue-green chitinous exoskeleton, a wide
[610/7413] monster Vampiric Knight -> tall humanoid undead figure in battered full plate armor, pale ashen skin, sunke
[611/7413] monster Steam Golem -> large humanoid construct formed of riveted iron plates and interlocking brass pi
[612/7413] monster Ogrekin -> misshapen medium humanoid standing with a hunched and lopsided posture, excessiv
[613/7413] spell Bombardment of Stings -> a dense swirling cloud of hundreds of rigid barbed black insectoid stingers proj
[614/7413] spell Crushing Trample -> a dense wave of emerald-green transmutation energy rippling forward across the g
[615/7413] magic-item Helm of Teleportation -> full-face enclosed steel helm, polished silver metal surface, intricate engraved
[616/7413] magic-item Grave Ward Hide -> mastercrafted suit of heavy plate armor, dark matte steel material, polished gol
[617/7413] spell Inspiring Speech -> a dense swirling cloud of golden sparks and floating pale amber runes shaped lik
[618/7413] monster Greater Sphinx -> huge quadrupedal monstrous body with the muscular leonine torso of a massive gol
[619/7413] monster Cherufe -> massive humanoid elemental of solid molten rock and cooling basalt, towering bul
[620/7413] monster Pseudodragon -> tiny dragon in flight with bright red-brown scales, slender serpentine body, fou
[621/7413] monster Arbeyach -> massive towering fiend with a hulking humanoid torso, covered in thick, jagged b
[622/7413] background Scoundrel -> a cunning human rogue standing in a low crouch with a shifty and evasive demeano
[623/7413] monster Chieftain -> small humanoid chieftain with an aggressive posture, gnarled green skin tightly 
[624/7413] magic-item Hide Armor of Warding (+2) -> a flexible hide armor crafted from thick, dark brown cured animal leather, overl
[625/7413] monster Swarm of Quippers -> a dense swirling mass of dozens of small aquatic predatory fish, each fish posse
[626/7413] monster Swamp Adder -> small venomous serpent, slender serpentine body, scales of deep olive green mott
[627/7413] monster Musk Deer -> tiny quadrupedal mammal, slender body covered in coarse mottled brown fur, small
[628/7413] background Soldier -> human foot soldier standing at attention with a stern and weary expression, wear
[629/7413] spell Undeniable Courage -> a burst of brilliant golden light expanding outward, swirling ribbons of amber e
[630/7413] spell Insect Plague -> a dense sphere-shaped tempest of millions of swarming, biting locusts, the churn
[631/7413] monster Chronomatic Enhancer -> large mechanical construct composed of interlocking brass rings and polished clo
[632/7413] spell Smoke Form -> a humanoid silhouette composed entirely of dense dark gray smoke, swirling and b
[633/7413] monster Giant Ant Queen -> massive pale amber chitinous body, enormously bloated bulbous abdomen, segmented
[634/7413] subclass Path of Thorns -> a cast bronze heraldic heater shield bearing a raised relief emblem of a vertica
[635/7413] magic-item Swarmfoe Hide -> magical suit of studded leather armor, exterior heavily festooned with hundreds 
[636/7413] feat Roving -> a metallic heraldic shield bearing an embossed relief of a compass rose intertwi
[637/7413] spell Teleport -> swirling sphere of dark indigo and violet arcane energy, coalescing into a tight
[638/7413] spell Great Wave -> a colossal wall of surging blue and white water fifty feet high and fifty feet l
[639/7413] monster Ettin -> huge two-headed giant with crude orcish facial features, thick skin encrusted wi
[640/7413] spell Wall of Stone -> massive vertical barrier of solid gray granite blocks joined in a contiguous row
[641/7413] monster Ifrit -> massive muscular humanoid body, towering over nine feet tall, skin of hardened b
[642/7413] monster Hulking Whelp -> small fey creature, stocky and muscular humanoid body shape, oversized dispropor
[643/7413] monster Wind Eater -> medium-sized undead skeletal humanoid creature, emaciated charcoal-gray bones vi
[644/7413] magic-item Flood Charm -> smooth blue-gray oval river stone, carved surface covered in parallel rows of in
[645/7413] magic-item Inkstone of Whispers -> rectangular polished black slate inkstone, flat surface with a shallow circular 
[646/7413] monster Nkosi Pridelord -> muscular humanoid lion with tawny golden fur, standing upright on two legs, broa
[647/7413] magic-item Armor, +2 -> full suit of heavy plate armor crafted from polished dark steel plates edged wit
[648/7413] magic-item Bloodthirsty Rapier -> slender steel rapier blade featuring long branching blood channels inscribed dee
[649/7413] monster Adult Void Dragon -> huge quadrupedal dragon in flight, immense leathery wings with ragged tattered m
[650/7413] monster Corrupted Ushabti -> medium humanoid skeletal undead body shaped from blackened cracked granite stone
[651/7413] monster Bloatblossom -> medium-sized sentient plant creature, bulbous rounded central stem covered in th
[652/7413] monster Adult Green Dragon -> huge quadrupedal serpentine green dragon in flight, massive sweeping wings with 
[653/7413] monster Sammael -> medium humanoid figure in soaring flight, majestic posture with an arched chest 
[654/7413] spell Hide in One’s Shadow -> A two-dimensional silhouette of a humanoid figure cast flat upon a dark stone fl
[655/7413] monster Halfling -> diminutive humanoid standing three feet tall, stout body proportions weighing fo
[656/7413] monster Chronalmental -> large floating elemental creature composed of swirling translucent grey sand and
[657/7413] monster Bar Brawl -> huge humanoid mass composed of multiple interlocked brawling figures, massive mu
[658/7413] monster Snow Cat -> medium feline beast, thick stark white fur coat tinged with pale blue, compact m
[659/7413] magic-item Snake Basket -> spherical woven reed basket, high-sloped sides forming an almost complete globe,
[660/7413] magic-item Candle of Communion -> tall cylindrical thick wax candle, matte black outer surface, vertical dripping 
[661/7413] monster Algorith -> medium winged construct in flight, angular metallic body plating of polished bro
[662/7413] spell Eyebite -> a pair of human eyes transformed into swirling black inky voids, devoid of irise
[663/7413] spell Avoid Grievous Injury -> translucent azure warding runes forming a shimmering geometric barrier of interl
[664/7413] monster Swarm, Ice Borers -> a medium swarm of dozens of interconnected winged ice elemental creatures, each 
[665/7413] subspecies Bhain Kwai -> tall muscular humanoid people, heavy-set thick-boned athletic build, dark grey s
[666/7413] monster Ouroban -> medium humanoid figure, menacing posture, sinister facial expression, dark angul
[667/7413] spell Conjure Animals -> a swirling column of translucent emerald green mist coalescing into the shifting
[668/7413] monster Tree Skinner -> medium fiend with a gaunt humanoid body shape, taut ash-gray skin pulled tightly
[669/7413] monster Sand Spider -> massive arachnid body covered in a thick crust of dry earth and compacted sand, 
[670/7413] monster Lizardfolk Chosen One -> medium humanoid reptilian figure, dark green and teal scales covering a muscular
[671/7413] monster Woodwose -> medium humanoid, wild burly body covered in a thick matted coat of dark brown fu
[672/7413] monster Hoarfrost Drake -> medium reptilian dragon in flight with a serpentine body, a long spiked tail, fo
[673/7413] spell Vicious Mockery -> invisible magical force, spectral shimmering visible runes of ancient insults, v
[674/7413] subspecies Human/Half-Elf Heritage -> medium stature, slender athletic build, pale peach skin tone, long straight rave
[675/7413] magic-item Mordant Whip -> slender straight steel longsword blade, dark iron crossguard, wrapped black leat
[676/7413] magic-item Ears of the Thief, 2 charges. -> a pair of oversized sculpted bronze ears shaped with intricate anatomical groove
[677/7413] magic-item Catalyst Oil -> small spherical glass vial filled with a swirling luminescent crimson liquid, st
[678/7413] magic-item Stone Staff -> sturdy cylindrical quarterstaff crafted from solid grey granite, exceptionally s
[679/7413] monster Orthrus -> two-headed canine monstrosity of medium size, muscular canine body covered in co
[680/7413] monster Young Mithral Dragon -> large quadrupedal dragon in flight, metallic silver scales with a gleaming mirro
[681/7413] monster Alseid -> medium monstrosity with the upper torso of a humanoid and the lower body of a wh
[682/7413] feat Intuitive -> a cast bronze heraldic medallion shaped like a stylized human brain merged with 
[683/7413] magic-item Broom of Sweeping -> a sturdy wooden handle carved from polished oak, a thick bundle of stiff straw b
[684/7413] magic-item Candle of Darkness, 7 charges -> short thick cylindrical candle made of solid matte black wax, covered in shallow
[685/7413] background Marchguard -> human guard standing at rigid attention with a stoic and weathered expression, w
[686/7413] spell Shield of Star and Shadow -> a dense spherical shroud of deep opaque black shadows, a swirling vortex of vapo
[687/7413] monster Wharfling Swarm -> large aquatic mass of countless small writhing fur-covered mammalian bodies, den
[688/7413] magic-item Fizzletrick's Hourglass of Spiteful Inversions, 1 charge. -> small antique hourglass, roughly eight inches tall, two bulbous glass flasks con
[689/7413] spell Find the Path -> an arcane spatial manifestation forming a glowing sapphire blue line of energeti
[690/7413] monster Clockwork Abomination -> large hulking construct of interlocking brass gears and iron plates, asymmetrica
[691/7413] monster Infested Duelist -> medium humanoid in a fencing lunge posture, graying rotting skin covered in bulg
[692/7413] monster Phoenixborn -> medium humanoid body shape, standing posture in flight, expansive feathered wing
[693/7413] monster Fallen Solar -> towering humanoid celestial, ashen grey skin, six massive tattered wings with so
[694/7413] spell Wizardsniff -> a dense swirling cloud of indigo and violet motes of light, dozens of tiny lumin
[695/7413] monster Underworld Sentinel -> huge skeletal undead warrior towering fifteen feet tall, humanoid anatomy formed
[696/7413] monster Young Brass Dragon -> large quadrupedal reptilian body, warm metallic brass-colored scales, smooth pol
[697/7413] monster Vapor Lynx -> large feline monstrosity with a muscular quadrupedal body, thick smoky gray fur 
[698/7413] spell Protection from the Void -> a translucent spherical force field of shimmering violet energy humming with pro
[699/7413] monster Marilith -> large fiend with the lower serpentine body of a giant coiling snake covered in g
[700/7413] spell Freezing Sphere -> a perfectly spherical orb of intensely cold, solid blue-white ice, compressed fr
[701/7413] monster Iron Guardian -> large humanoid construct forged from heavy segmented iron plates, bulky rigid to
[702/7413] magic-item Restorative Ointment -> a small cylindrical ceramic jar with a flat base, a smooth off-white glazed eart
[703/7413] spell Wish -> a swirling vortex of prismatic energy and kaleidoscopic stardust, roiling dense 
[704/7413] monster Hobgoblin -> medium humanoid with dark orange skin, thick dark red-brown hair, beetling brows
[705/7413] monster Fang of the Great Wolf -> massive quadrupedal monstrosity with a muscular wolfish body covered in dense da
[706/7413] monster Lorelei -> medium fey humanoid female with pale blue skin, long seaweed-like emerald green 
[707/7413] monster Ancient Titan -> gargantuan humanoid giant standing upright with a muscular proportions, smooth a
[708/7413] feat Words of Creation -> A circular heraldic emblem forged from heavy blackened iron, featuring a central
[709/7413] feat Supreme Sneak -> a circular heraldic shield bearing a centered emblem of a black leather-gloved h
[710/7413] monster Xiphus -> small humanoid fey creature, slender athletic proportions, pale ash-gray skin, l
[711/7413] monster Aboleth -> large serpentine aquatic aberration, massive oblong blue-green fishlike body, fo
[712/7413] magic-item Plate of Warding (+2) -> heavy steel full plate armor, dull metallic silver surface, etched fine line eng
[713/7413] subclass Life Domain -> a golden heraldic heater shield bearing an embossed silver sunburst motif at its
[714/7413] subclass Dawn Blade -> A heavy metal heraldic heater shield bearing a prominent stylized sunburst emble
[715/7413] spell Bane -> swirling thick violet wisps of phantom shadow energy coalescing into a dense fog
[716/7413] magic-item Ring of Light's Comfort -> a thick band of dull grey pewter, a wide circular disc of smooth milky white cha
[717/7413] spell Upwell -> an abrupt vertical geyser of surging emerald seawater bursting upward, enclosed 
[718/7413] magic-item Helm of the Slashing Fin -> full-face helm forged from dark blackened iron, wide curved dorsal fin crest ris
[719/7413] monster Roggenwolf -> medium quadrupedal monstrosity with a muscular wolf-like body covered in coarse 
[720/7413] spell Expose Weakness -> a concentrated violet transmutation energy beam, thin jagged crackling purple li
[721/7413] spell Enlarge/Reduce -> a surging field of violet and indigo magical energy wrapping tightly around a cy
[722/7413] spell Doom of the Earthen Maw -> a circular patch of ground spanning thirty feet in diameter composed entirely of
[723/7413] magic-item Odorless Oil -> transparent viscous liquid in a small clear glass cylindrical vial with a simple
[724/7413] monster Clockwork Myrmidon -> large humanoid construct of polished brass plates and riveted steel joints, heav
[725/7413] subspecies Halfling Heritage -> short and stout human-like humanoid standing three feet tall with a compact musc
[726/7413] monster Ogre -> huge humanoid giant standing nine feet tall, immensely muscular torso and thick 
[727/7413] monster Trollkin Fire Shaman -> muscular medium humanoid body with rough ashen-gray skin, tall lanky posture, he
[728/7413] magic-item Crimson Starfall Arrow -> straight arrow with a shaft crafted from dark polished iron, polished red ruby a
[729/7413] spell Oversized Paws -> transmutation magic effect of giant spectral glowing violet animal paws superimp
[730/7413] monster Gray Ooze -> formless medium puddle of thick liquid stone, shifting amorphous gray gelatinous
[731/7413] spell Frenzy -> violent crimson aura erupting outward from a trembling body, jagged jagged spark
[732/7413] monster Shadow -> medium humanoid-shaped silhouette cast entirely from absolute darkness, featurel
[733/7413] spell Fey Crown -> a circlet of five distinct open blossoms resting horizontally, composed of glowi
[734/7413] monster Flesh Construct -> a massive humanoid monstrosity stitched together from mismatched corpses of vari
[735/7413] magic-item Candied Axe -> battleaxe with a golden head formed from translucent crystallized honey shaped i
[736/7413] subclass School of Divining and Soothsaying -> a bronze heraldic shield bearing a centered engraving of an open human eye flank
[737/7413] feat Remarkable Athlete -> A cast bronze heraldic medallion shaped into a muscular human arm raised in a cl
[738/7413] monster Giant Weasel -> elongated quadrupedal mammalian body, medium size, sleek dense tawny brown fur w
[739/7413] magic-item Potion of Sand Form -> small clear glass flask containing a gritty golden-yellow liquid, moving and pou
[740/7413] monster Stone Golem -> large humanoid construct carved from solid gray granite, tall imposing statue pr
[741/7413] monster Goreling -> small skeletal humanoid undead, emaciated skeletal frame covered in tight gray d
[742/7413] monster Elf -> slender humanoid figure standing five feet tall with unearthly fine features, sm
[743/7413] feat Fast Movement -> a heraldic shield emblazoned with a charging winged boot symbol, a streamlined l
[744/7413] spell Forcecage -> cube shaped barrier of solid shimmering magical force composed of horizontal glo
[745/7413] monster Millitaur -> large massive quadrupedal monstrosity covered in a thick crust of hardened grey 
[746/7413] magic-item Wand of the War Mage, +1 -> slender wand of dark polished iron, twelve inches in length, straight rigid shaf
[747/7413] magic-item Lantern of Selective Illumination -> antique brass lantern with a square body, four flat vertical corner struts, a do
[748/7413] spell Scry Creature -> translucent magical sensor shaped like a human eyeball constructed of swirling s
[749/7413] monster Gug -> massive quadrupedal humanoid giant with midnight-black fur covering its bulky mu
[750/7413] magic-item Hidden Armament -> intricate dark black ink tattoo on the center of a human palm, depicting the fla
[751/7413] spell Ensorcelled -> swirling coils of translucent violet and pale indigo energy wraps around a dense
[752/7413] magic-item Rod of the Mariner -> thin cylindrical bleached white bone shaft, topped with a detailed miniature car
[753/7413] monster Ushabti -> medium-sized humanoid construct carved from dark basalt stone, slender athletic 
[754/7413] monster Water Elemental -> massive surging wave of semi translucent blue green water shaped into a towering
[755/7413] feat Reliable Talent -> a metallic heraldic shield bearing a centered, flawless hourglass of polished br
[756/7413] monster Doppelixir -> tiny amorphous ooze body, semi-translucent gelatinous texture, pale iridescent b
[757/7413] feat Defensive Tactics -> heraldic heater shield bearing an embossed iron gauntlet grasping a broadsword v
[758/7413] magic-item Ivy Crown of Prophecy -> circlet crafted from intertwining green metal ivy vines, polished brass filigree
[759/7413] monster Serpentine Lamia -> medium monstrosity with a humanoid upper torso joined seamlessly to a long, thic
[760/7413] spell Machine's Load -> translucent interlocking golden brass and steel cogs spinning and shifting acros
[761/7413] monster Merclops -> huge aquatic giant with blue-green scaly skin, massive webbed hands and feet, br
[762/7413] monster Raven -> tiny black-feathered avian body in forward flight with outstretched feathered wi
[763/7413] monster Bugbear -> huge muscular humanoid monster, towering over seven feet tall, hulking stooped p
[764/7413] magic-item Celestial Sextant -> an intricate ancient elven navigational sextant, constructed from pale brushed p
[765/7413] subclass College of Tactics -> a golden heraldic shield emblem centered with a crossed longsword and quill feat
[766/7413] monster Noble -> medium humanoid adult with an erect and confident posture, an immaculate face wi
[767/7413] spell Comprehend Wild Shape -> two small wooden animal totems, one held in each hand, carved with crude zoomorp
[768/7413] spell Wall of Flesh -> a vertical vertical barrier formed entirely from a dense, writhing mass of human
[769/7413] spell Corpse Explosion -> a decaying humanoid corpse rupturing outward from the chest cavity, tearing fles
[770/7413] spell Blood Offering -> a swirling vortex of dense crimson mist hovering above a lifeless corpse, thick 
[771/7413] monster Blood Elemental -> A large, amorphous humanoid mass of dark crimson and scarlet liquid blood, shift
[772/7413] monster Devil, Infernal Tutor, Lesser -> medium humanoid fiend with ash-gray skin, tall gaunt posture, long spindly limbs
[773/7413] monster Subek -> large bipedal humanoid monster with scaly aquatic skin in shades of deep blue an
[774/7413] monster Vila -> medium fey humanoid female shape, translucent gossamer skin, flowing pale silver
[775/7413] monster Ramag -> medium humanoid construct built of interlocking geometric stone plates and metal
[776/7413] magic-item Ring of Remembrance -> a sturdy band of woven cord tied in a neat overhand knot at the top to form a cl
[777/7413] magic-item Bloodprice Chain-Shirt -> a fitted chain-shirt armor crafted from dull iron interlinked rings, each small 
[778/7413] magic-item Brazier of Commanding Fire Elementals -> heavy brass brazier, circular basin with a wide flat rim, three short clawed fee
[779/7413] monster Pit Fiend -> massive hulking humanoid fiend towering over twelve feet tall with thick dark re
[780/7413] monster Obeleric -> medium burrowing aberration, squat rounded muscular body entirely caked in dried
[781/7413] magic-item Chain Mail of Warding (+2) -> interlocking steel ring mail armor, dark gunmetal grey iron links, articulated c
[782/7413] magic-item Gnawing Spear -> a magical polearm with a dark iron shaft wrapped in coarse leather strips, a lon
[783/7413] spell Eldritch Communion -> a towering vortex of violet and deep indigo energy swirling in an inverted cone 
[784/7413] background Farmer -> weathered human male standing in a relaxed posture, lined face with deep sun wri
[785/7413] monster Child of Yggdrasil -> massive towering aberrant entity with a dense trunk-like body of twisted pale ba
[786/7413] feat Brutal Strike -> a metallic heraldic shield bearing the emblem of a fractured iron greataxe split
[787/7413] magic-item Wand of Magic Detection -> a slender straight wand carved from pale drifted wood, fifteen inches in length,
[788/7413] monster Sahuagin Champion -> medium humanoid aquatic creature, muscular shark-like upper body, grey-green sca
[789/7413] spell Lightning Bolt -> a jagged, blinding blue-white bolt of electrical energy crackling violently in a
[790/7413] monster Skeleton -> bipedal human skeleton, medium skeletal humanoid composed entirely of aged, yell
[791/7413] monster Yathon -> large humanoid body, massive feathered wings spanning twice the body width, slat
[792/7413] monster Spirit Naga -> large serpentine body covered in dark blue and grey scales, voluminous humanlike
[793/7413] spell Elasticity -> a swirling distorted humanoid silhouette stretching unnaturally in length, trans
[794/7413] monster Eonic Drifter -> medium humanoid figure with translucent skin revealing shifting clockwork gears 
[795/7413] spell Faerie Fire -> outlines of glowing violet, blue, and green light conforming to the precise cont
[796/7413] spell Power Word Stun -> a dense concentric shockwave of thick indigo and violet energy ripples outward i
[797/7413] monster Xhkarsh -> massive muscular aberration with a hulking humanoid upper body blending into a s
[798/7413] spell Resilient Sphere -> A spherical shell of translucent force, ten feet in diameter, composed of faint 
[799/7413] monster Automata Devil -> large humanoid fiend with polished brass metallic skin riveted together across a
[800/7413] magic-item Bloodprice Leather -> dark reddish brown leather armor suit, supple studded leather chest piece with o
[801/7413] monster Lizard, Giant -> massive sprawling quadrupedal reptile, enormous heavy-set torso, thick muscular 
[802/7413] spell Command -> translucent shifting spectral runes in a glowing indigo hue forming a single hov
[803/7413] spell Cloying Darkness -> massive spectral hand composed of writhing black smoke and rotting dark tendrils
[804/7413] monster Clockwork Pugilist -> medium humanoid construct of polished brass and iron plates riveted together, a 
[805/7413] magic-item Mock Box -> small square box shaped contraption, polished dark iron and brass construction, 
[806/7413] monster Rhinoceros -> massive thick-skinned grey quadrupedal mammal, enormous barrel-shaped body, shor
[807/7413] spell Undermine Armor -> a set of steel plate armor undergoing active transmutation, glowing violet energ
[808/7413] subspecies Malkin -> short humanoid folk standing three feet tall with slender builds, wrinkled grey 
[809/7413] spell Safe Transposition -> a sudden shimmering displacement of air, two distinct humanoid silhouettes outli
[810/7413] spell Blindness/Deafness -> dense rolling cloud of matte black inky vapor coalescing into a tight opaque sph
[811/7413] spell Animal Call -> A shimmering translucent green spectral outline of a large quadrupedal mammal fo
[812/7413] spell Fist of Iron -> A human hand transmuting into dense, dull gray forged iron, the skin and flesh h
[813/7413] spell Commune with Nature -> translucent ethereal green spirit form rising upward from the earth, long undula
[814/7413] monster Dragonleaf Tree -> huge sentient tree, thick gnarled grey bark trunk, massive spreading canopy of l
[815/7413] monster Wicked Skull -> tiny human skull, bare yellowed bone surface, hollow eye sockets with flickering
[816/7413] spell Imbue Spell -> swirling sphere of crackling cobalt blue energy and intricate spinning brass gea
[817/7413] monster Baleful Miasma -> medium elemental creature in flight, amorphous swirling body of dark grey and vi
[818/7413] magic-item Lantern of Judgment -> ornate rectangular lantern crafted from polished mithral metal frames and brushe
[819/7413] monster Ophinix -> large avian monstrosity with a heavily feathered body, wide swept-back wings cov
[820/7413] monster Inkling -> tiny sentient humanoid construct sculpted entirely from solidified black ink, gl
[821/7413] monster Hundun -> massive chaotic mass of flesh and shifting eyes, large celestial being without a
[822/7413] spell Reciprocating Portal -> ink black circular portal opening flat on the ground, sheer edge of absolute dar
[823/7413] monster Plesiosaurus -> massive marine reptile with a compact barrel-shaped body, exceptionally long and
[824/7413] monster Scribe Devil -> medium fiend with a gaunt humanoid torso, leathery reddish-brown skin drawn taut
[825/7413] monster Medusa -> human female torso and head with pale skin, medium height and human proportions,
[826/7413] spell Protection from Poison -> a shimmering sphere of emerald green force energy encapsulating a target, swirli
[827/7413] subspecies Kobold Chassis -> short humanoid creature, small stature, lean build, reptilian scaly skin in shad
[828/7413] monster Sphinx of Wonder -> tiny celestial creature, lion-like body with four legs and a long tail, feathere
[829/7413] monster Winter Hag -> haggard human-shaped female humanoid of medium size, emaciated posture with hunc
[830/7413] spell Frostbitten Fingers -> a crackling pale blue ray of jagged frost energy, composed of swirling needle-sh
[831/7413] spell Minor Aegis -> A translucent spherical force field hovering closely around a humanoid torso, co
[832/7413] spell Telepathic Bond -> eight translucent azure silken threads weaving through the air in an intricate g
[833/7413] spell Echoes of Steel -> several translucent phantom blades of pure force and pale silver sonic energy su
[834/7413] spell Power Word Fling -> A massive surge of violet magical energy shaped like a compressed runic glyph co
[835/7413] spell Chains of Torment -> heavy dark iron links of a conjured chain, glowing faint reddish-orange heat alo
[836/7413] spell Animal Transformation -> a swirling vortex of opalescent transmutation energy, twisting threads of violet
[837/7413] magic-item Commoner's Veneer -> simple homespun scarf, coarse woolen fabric texture, unadorned rectangular shape
[838/7413] spell Burst of Flame -> sudden violent detonation of roiling incandescent orange and crimson flame, expa
[839/7413] monster Trapsmith -> small hunched humanoid figure, wiry proportions, ashen grey skin pulled tight ov
[840/7413] monster Golem, Origami -> large construct formed entirely from interlocking folded paper sheets, winged si
[841/7413] magic-item Amulet of the Oracle -> A heavy circular golden medallion pendant, the smooth metallic surface engraved 
[842/7413] feat Font of Magic -> a circular heraldic shield bearing an embossed silver fountain carved into deep 
[843/7413] magic-item Muffled Chain Mail -> a standard suit of interlinked steel ring mail composed of hundreds of small dul
[844/7413] monster Wyvern Knight -> medium humanoid knight standing in a commanding posture, wearing jagged dark iro
[845/7413] magic-item Talisman of the Snow Queen -> A delicate snowflake-shaped talisman crafted from gleaming silvery mithril, feat
[846/7413] monster Carrion Beetle -> large armored insectoid beetle, massive segmented body covered in a thick black 
[847/7413] spell Conjure Manabane Swarm -> dense mass of hundreds of small iridescent scarab beetles with chitinous shells 
[848/7413] magic-item Rod of Deflection -> thin flexible rod, braided silver and brass wire construction, spoon-like cup at
[849/7413] monster Three-Headed Cobra -> massive serpentine body covered in overlapping dark green and black scales, thre
[850/7413] monster Ratatosk Warlord -> small bipedal celestial squirrel, dense russet-brown fur with golden underbelly 
[851/7413] monster White Ape -> massive muscular quadrupedal ape, towering ten feet tall, thick shaggy pure whit
[852/7413] magic-item Quill of Scribing -> feather quill fashioned from a giant eagle's primary feather, stiff white plumag
[853/7413] monster Shadow Boxer -> small bipedal fey creature with a humanoid silhouette composed entirely of dense
[854/7413] monster Ice Mephit -> small humanoid elemental creature formed of jagged translucent blue ice, small j
[855/7413] monster Giant Walking Stick -> huge elongated stick insect monster in flight, long segmented green and brown wo
[856/7413] feat Eldritch Spear -> a symbolic heraldic emblem featuring a rigid triangular spearhead forged of deep
[857/7413] feat Martial Scholar -> heraldic shield bearing crossed steel longswords behind an open leatherbound tom
[858/7413] monster Volguloth -> medium humanoid fiend with ashen grey skin stretched taut over a gaunt skeletal 
[859/7413] monster Wind Demon -> small gaunt fiend with taut ashen-gray skin stretched over sharp bones, arched l
[860/7413] subclass Cantrip Adept -> a metallic heraldic shield bearing a raised emblem of a stylized open palm with 
[861/7413] spell Magic Weapon -> a steel longsword enveloped in a crackling aura of pale blue transmutation energ
[862/7413] spell Awaken Object -> large animated humanoid wooden mannequin construct, rough-hewn oak limbs carved 
[863/7413] monster Bandit -> medium humanoid male, rugged and weathered face with a short brown beard and a j
[864/7413] magic-item Leaf-Bladed Longsword -> thin curved single-edged steel blade, slender tapering profile, polished silver-
[865/7413] monster Guardian -> large humanoid construct formed of jagged interlocking plates of dark grey stone
[866/7413] spell Silent Image -> translucent shimmering blue spectral duplicate of a humanoid figure composed of 
[867/7413] monster Kobold Witch -> small reptilian humanoid standing upright, slender agile body, dark scaly hide i
[868/7413] spell Fireblast -> a marble-sized incandescent sphere of bright orange and yellow flame with faint 
[869/7413] monster Alabroza -> small winged monstrosity in midair flight, compact quadrupedal mammalian body co
[870/7413] spell Dragon Breath -> a massive roaring torrent of elemental fire erupting in a wide thirty-foot cone,
[871/7413] monster Ophio Fungus -> huge sprawling mass of tangled green and brown fungal stalks, thick woody vine-l
[872/7413] spell Claws of Darkness -> two long elongated razor-sharp claws shaped entirely from dense swirling shadows
[873/7413] magic-item Coffer of Memory -> small rectangular jewelry box, heavy brushed yellow gold material, smooth polish
[874/7413] monster Bone Collective -> a swirling mass of disembodied human bones fused together into a hovering skelet
[875/7413] magic-item Shrutinandan Sitar -> An exquisitely crafted classical Indian sitar, featuring a large spherical reson
[876/7413] monster Berserker -> muscular human male warrior with a heavily scarred torso, matted shoulder-length
[877/7413] monster Knight Captain -> humanoid knight captain, medium humanoid, muscular athletic build, grim hardened
[878/7413] spell Control Weather -> a towering atmospheric disturbance of roiling dark grey storm clouds forming an 
[879/7413] feat Weapon Mastery (Barbarian) -> a heraldic steel shield emblazoned with crossed greataxe and warhammer in gold r
[880/7413] monster Octopus -> small soft-bodied cephalopod with a bulbous rounded mantle, large head with inte
[881/7413] feat Street Fighter -> A heraldic shield emblem featuring a crossed iron knuckle-duster and a jagged br
[882/7413] monster Cult Fanatic -> medium humanoid cult leader standing in an upright posture with fanatical postur
[883/7413] magic-item Wand of Lightning Bolts -> slender wand crafted from polished dark grey metal, ten inches long, cylindrical
[884/7413] monster Runeswarm -> large animated construct composed entirely of thousands of floating carved stone
[885/7413] monster Thrummren -> gargantuan celestial entity with a humanoid torso and powerful muscular limbs, t
[886/7413] subclass Blood Domain -> a heraldic shield emblazoned with a central upward-pointing dagger dripping drop
[887/7413] subclass Thief -> a carved wooden heraldic shield displaying a black silhouetted cat paw resting u
[888/7413] monster Dire Tyrannosaurus Rex -> huge bipedal reptilian apex predator, massive muscular body, dark green scaly hi
[889/7413] subclass Circle of Ash -> a circular heraldic shield featuring a stylized, gnarled tree engulfed in detail
[890/7413] magic-item Dread Scarab -> beetleshaped brooch, metallic obsidian carapace, polished dark surface, curved w
[891/7413] monster Wolf -> four-legged canine beast, medium-sized, muscular body, thick coarse fur colored 
[892/7413] spell Divination -> a swirling sphere of translucent golden energy hovering in midair, intricate geo
[893/7413] monster Midnight Sun -> massive winged aberration in flight, large serpentine body covered in light-abso
[894/7413] monster Brass Dragon Wyrmling -> medium serpentine dragon in mid-flight, long tapered tail, four clawed legs held
[895/7413] monster Tatzelwurm -> serpentine reptilian dragon body, medium size, covered in dark olive green scale
[896/7413] monster Roc -> gargantuan bird of prey with a massive hooked beak, two hundred foot feathered w
[897/7413] spell Philolomancy -> A dense, circular ring of hovering magenta and cyan runes, composed of intricate
[898/7413] monster Sphinx -> massive winged lion body with powerful muscular shoulders, feathered avian wings
[899/7413] spell True Seeing -> a concentrated ring of swirling golden prismatic light particles hovering midair
[900/7413] spell Moon's Respite -> a vertical beam of cool silver moonlight descending from above, a cylindrical pi
[901/7413] spell Wotan's Rede -> a swirling vortex of pale icy blue runic characters and ethereal Norse letters f
[902/7413] monster Gullkin Hunter -> medium humanoid body, powerful feathered wings spanning wide, long curved beak, 
[903/7413] spell Opaque Cover -> A dense sphere of matte black vapor measuring five feet across, perfectly spheri
[904/7413] background Foundling -> a young human foundling of slender build, wary and defensive posture, wearing ov
[905/7413] monster Gargoyle -> medium elemental creature resembling a grotesque grey stone statue, humanoid mus
[906/7413] spell Identify -> A shimmering aura of translucent golden and violet script forming geometric rune
[907/7413] monster Seahorse -> tiny aquatic beast with an elongated, slender body and a coiled prehensile tail,
[908/7413] monster Kobold -> small reptilian humanoid standing three feet tall, hunched posture, scaly skin i
[909/7413] monster Wereboar -> stocky muscular medium humanoid hybrid with a thick boar head, coarse stiff grey
[910/7413] magic-item Gloves of Thievery -> thin flexible gloves crafted from supple black leather, fitted closely to human-
[911/7413] monster Demon, Vetala -> Medium humanoid fiend with a gaunt and angular frame, ashen gray skin drawn tigh
[912/7413] monster Glabrezu -> massive towering bipedal fiend with dark mottled skin, four arms including a pai
[913/7413] spell Objectify -> a mass of shifting translucent violet energy swirling into the rigid geometric s
[914/7413] monster Shield Guardian -> large hulking construct of riveted iron plates and carved stone blocks, massive 
[915/7413] monster Treant -> massive towering tree-shaped humanoid monster, rugged gray-brown bark skin etche
[916/7413] monster Ancient Earth Dragon -> gargantuan quadrupedal dragon with massive leathery wingspan, thick armor platin
[917/7413] monster Bannik -> short humanoid fey creature, damp wrinkled dark green skin, long unkempt hair co
[918/7413] feat Ritual Adept -> heraldic shield divided diagonally, upper left field featuring an upright steel 
[919/7413] feat Sharpshooter -> a circular iron heraldic shield embossed with a central bullseye target bisected
[920/7413] magic-item Rod of Alertness -> a one-foot-long cylindrical metal rod forged from heavy dark iron, featuring mul
[921/7413] subspecies Drow Heritage -> slender elf woman, medium height, obsidian black skin, stark white hair falling 
[922/7413] feat Uncanny Dodge (Rogue) -> sculpted metal heraldic crest shaped like a blurred, elusive silhouette of a hum
[923/7413] magic-item Trackers Tongue -> an anatomical human tongue, deep cobalt blue in color, suspended inside a small 
[924/7413] magic-item Arrow of Unpleasant Herbs -> standard-length wooden arrow shaft with a fletching of mottled brown and dark gr
[925/7413] magic-item Crystal Staff -> A straight staff carved from a single piece of transparent pale quartz crystal, 
[926/7413] spell Meld into Stone -> a human silhouette of shifting translucent stone merging seamlessly into a solid
[927/7413] monster Balor -> massive towering demonic fiend with dark reddish-black skin, wide swept-back lea
[928/7413] magic-item Chronomancer's Pocket Clock -> ornate circular golden pocket watch, highly polished smooth brass casing with in
[929/7413] spell Conjure Celestial -> dense spherical tear in space ripping open to reveal brilliant golden divine lig
[930/7413] monster Pestilence Swarm -> medium hovering beast, dense churning swarm of winged insects and scavenged verm
[931/7413] feat Draconic Resilience -> sculpted metal heraldic shield featuring an embossed metallic dragon scale patte
[932/7413] monster Derro Shadowseeker -> small hunchbacked humanoid with chalk-white skin and patchy dark hair, oversized
[933/7413] spell Transport via Plants -> a shimmering emerald green botanical gateway swirling within the hollow trunk of
[934/7413] spell Doom of the Slippery Rogue -> a thin transparent slick of greasy conjuration magic coating a twenty-foot squar
[935/7413] feat Boon of Dimensional Travel -> a stylized heraldic escutcheon divided diagonally by a jagged rift in space, the
[936/7413] feat Empathic -> a heraldic medallion cast in tarnished silver, shaped like a stylized human hear
[937/7413] monster Hobgoblin -> medium humanoid with dark orange skin, thick dark red-brown hair, beetling brows
[938/7413] monster Pseudodragon Familiar -> tiny dragon with a slender serpentine body, fine scarlet and brick-red scales, a
[939/7413] spell Bottled Arcana -> a small, thick glass flask with a tightly sealed cork stopper, containing a swir
[940/7413] spell Banshee Wail -> a turbulent torrent of translucent spectral energy bursting outward in a wide th
[941/7413] monster Ratfolk Rogue -> small humanoid ratfolk with hunched posture, matted dark gray fur covering a lea
[942/7413] monster Greater Scrag -> large aquatic monstrosity with a gaunt and angular humanoid body shape, damp gra
[943/7413] monster Somberweave -> medium humanoid fey creature, slender bipedal body shape, dark grey woven fibrou
[944/7413] monster Dragon Cultist -> medium humanoid standing upright in a rigid devotional posture, dressed in heavy
[945/7413] monster Manticore -> large monstrosity with a vaguely humanoid head featuring glowing eyes, the muscu
[946/7413] feat Extra Attack (Paladin) -> a polished steel heraldic shield bearing the raised emblem of two heavy longswor
[947/7413] monster Androsphinx -> huge muscular leonine body covered in short tawny fur, massive feathered wings s
[948/7413] spell Hold Person -> rigid glowing sapphire blue vertical bands of magical energy tightly wrapping ar
[949/7413] spell Mass Hobble Mount -> six parallel streaks of pale ashen gray necromantic energy shaped like tight eth
[950/7413] monster Roachling Lord -> small humanoid creature with segmented chitinous armor plating covering a dark b
[951/7413] monster Centaur -> large monstrosity, upper body of a muscular human with varied human skin tones, 
[952/7413] monster Sila -> massive winged elemental creature in mid-flight with a powerful aquatic build, w
[953/7413] monster Skeleton -> medium humanoid skeleton composed of bleached yellowed human bones held together
[954/7413] spell Dreampoison -> viscous violet vapor spreading in slow coiling tendrils, heavy miasma pooling ou
[955/7413] spell Morphic Flux -> a shifting humanoid silhouette composed of shimmering translucent flesh, contour
[956/7413] magic-item Braid Whip Clasp -> An intricately carved ivory hair clasp shaped like a coiled serpent, smooth pale
[957/7413] monster Adult Light Dragon -> huge serpentine dragon in flight with sweeping alabaster wings and pearlescent w
[958/7413] spell Mage Armor -> translucent protective force field wrapping tightly around a humanoid form, thin
[959/7413] monster Scroll Mummy -> medium humanoid undead wrapped entirely in pale, decayed linen bandages yellowed
[960/7413] magic-item Hammer of Throwing -> heavy war hammer with a dark iron rectangular block head, intricately engraved w
[961/7413] magic-item Potion of Effulgence -> small spherical glass flask, thin translucent crystal material, filled with a de
[962/7413] feat Nature's Ward -> a heraldic escutcheon divided per pale into deep forest green and rich earthy br
[963/7413] monster Labyrinth Keeper -> huge hulking quadrupedal monstrosity with a muscular tauric body, thick ash-gray
[964/7413] subspecies Stoor Halfling -> sturdy short humanoid stature, thickset muscular build, broad shoulders, weather
[965/7413] feat Shadow-Touched -> an ornate heraldic shield bearing a stylized silver sword crossed with a swirlin
[966/7413] magic-item Bloodfuel Dagger -> dagger with a forged dark iron blade, a wide central fuller encrusted with dried
[967/7413] spell Fireball -> a bright orange-red incandescent sphere of expanding fire, rolling outward in a 
[968/7413] monster Monolith Footman -> large humanoid construct carved from dark grey stone, massive square-shouldered 
[969/7413] spell Calculated Retribution -> shimmering translucent spherical energy field encasing a hollow space, pale blue
[970/7413] monster Star Spawn Of Cthulhu -> massive towering humanoid monstrosity, bulbous octopus-like head with a writhing
[971/7413] spell Not Dead Yet -> thick emerald green necrotic mist swirling violently in a dense circular vortex 
[972/7413] magic-item Bloodfuel Warpick -> heavy steel warpick with a curved piercing spike and a blunt square hammer head,
[973/7413] spell Entropic Damage Field -> a dense spherical area of space filled with swirling grey and violet void energy
[974/7413] spell Ill Fate -> viscous inking shadow pooling directly beneath the target, dark obsidian tendril
[975/7413] feat Elusive -> a silver heraldic heater shield bearing an embossed emblem of a stylized running
[976/7413] magic-item Boots of Quaking -> heavy steel-toed combat boots, forged from dark gunmetal-grey iron with thick re
[977/7413] spell Ray of Enfeeblement -> thick jagged beam of solid black light, swirling wisps of ashen smoke spiraling 
[978/7413] monster Giant Eagle -> massive majestic avian raptor with a ten-foot wingspan, razor-sharp curved golde
[979/7413] monster Barbed Devil -> tall humanoid fiend body shape, covered entirely in sharp metal-like barbs, prot
[980/7413] monster Valkyrie -> winged humanoid female warrior of medium build, majestic feathered wings spannin
[981/7413] magic-item Eyes of the Portal Masters -> pair of oval optical lenses, faceted clear quartz crystal, polished silver frame
[982/7413] magic-item Scourge of Devotion -> A short wooden handle carved from dark oak wrapped in sweat-stained crimson leat
[983/7413] feat Unarmed Fighting -> a heavy bronze circular heraldic shield embossed with a bare human hand grasping
[984/7413] monster Peat Mammoth -> huge quadrupedal plant creature shaped like a mammoth, massive moss-covered body
[985/7413] monster Moon Drake -> medium dragon in flight with a lithe serpentine body, deep indigo scales speckle
[986/7413] spell Displace -> two shimmering, translucent, duplicate full-body silhouettes of a humanoid figur
[987/7413] magic-item Armor, +1 -> a meticulously crafted set of steel plate armor featuring polished metallic surf
[988/7413] monster Clockwork Archon -> gargantuan mechanical construct with a geometric humanoid body of interlocking b
[989/7413] monster Giant Water Elemental -> colossal towering humanoid mass composed entirely of churning translucent blue a
[990/7413] monster Primordial Matriarch -> Gargantuan elemental entity with a colossal humanoid upper torso and a swirling 
[991/7413] monster Crimson Drake -> tiny quadrupedal dragon in flight, vibrant crimson scales covering its compact s
[992/7413] magic-item Stone Eater, 1 use -> rodent-sized centipede, segmented exoskeleton made of porous grey stone with jag
[993/7413] monster Moss Lurker -> small humanoid body shape, slender proportions, covered entirely in a dense laye
[994/7413] monster Oaken Sentinel -> huge bipedal humanoid construct formed entirely of gnarled living oak wood, mass
[995/7413] monster Velociraptor -> small bipedal feathered dinosaur the size of a large turkey, slender curved body
[996/7413] monster Eagle, Giant -> massive avian beast in mid-flight with a twelve-foot wingspan, razor-sharp curve
[997/7413] spell Stench of Rot -> thick miasma of pale sickly green and grey vapours swirling violently in a conce
[998/7413] spell Miniaturize -> a sudden shimmering distortion of space around a physical object, a tight spheri
[999/7413] monster Young Void Dragon -> large quadrupedal dragon in mid-flight with an elongated serpentine body covered
[1000/7413] spell Arctic Breath -> a dense horizontal corridor of freezing white wind and crystalline frost particl
[1001/7413] magic-item Locket of Remembrance -> small heart-shaped hinged locket, brushed brass metal surface, intricate engrave
[1002/7413] monster Egret Harpy -> medium-sized monstrous humanoid with the body and head of a human woman blended 
[1003/7413] spell Synaptic Shockwave -> a roiling expanding sixty-foot cone of visible psionic energy, crackling jagged 
[1004/7413] spell Plane Shift -> a circular portal of crackling indigo energy tearing through the fabric of space
[1005/7413] monster Young Green Dragon -> slender serpentine quadrupedal dragon with emerald green scales, large leathery 
[1006/7413] monster Axe Beak -> tall flightless bird with a bulky avian body, long powerful legs ending in sharp
[1007/7413] monster Owlbear Recluse -> massive monstrous beast with the thick rounded body of a bear covered in dense d
[1008/7413] spell Whirling Water -> spherical vortex of swirling water ten feet in radius, rotating rapidly around a
[1009/7413] spell Icy Manipulation -> dense swirling cloud of jagged ice crystals and shimmering pale blue frost parti
[1010/7413] monster Dragonette, Shovel -> tiny quadrupedal dragon, compact reptilian body covered in hard scales heavily c
[1011/7413] monster Golem, Barnyard -> medium construct formed from bundled wheat straw, dried corn husks, and twisted 
[1012/7413] magic-item Deepchill Orb -> fist-sized spherical object, translucent pale blue quartz material, smooth polis
[1013/7413] spell Circle of Arcane Protection -> circular boundary on the ground ten feet in diameter composed of a glowing viole
[1014/7413] subclass Runechild -> a circular heraldic shield featuring an embossed stone tablet, seven glowing run
[1015/7413] monster Forest Gnome Illusionist -> small humanoid standing two feet tall, slender proportions, weathered olive skin
[1016/7413] monster Venom Maw Hydra -> massive serpentine reptilian body, thick dark green scales mottled with black, h
[1017/7413] monster Gnoll -> tall hulking humanoid body with a hunched posture and hyena-like head, long poin
[1018/7413] monster Unicorn -> large equine-shaped celestial body, immaculate white coat, single long spiraling
[1019/7413] monster Tough -> medium humanoid with a muscular and stocky build, broad shoulders, a heavily sca
[1020/7413] spell Manipulate Earth -> a massive wave of dense dark brown earth rising and churning in mid-air, soil an
[1021/7413] feat Stalker -> a metallic heraldic shield bearing an embossed silhouette of a hooded figure cro
[1022/7413] monster Deathwisp -> skeletal humanoid undead creature of medium size draped in tattered semi-translu
[1023/7413] spell Zone of Truth -> transparent circular boundary of pale golden light on the ground, vertical pilla
[1024/7413] monster Rakshasa, Pustakam -> small humanoid fiend with the head of a tiger, vibrant orange fur with dark blac
[1025/7413] spell Anchoring Rope (Reaction) -> a magical luminous blue rope formed of intertwined strands of glowing energy, on
[1026/7413] monster Bone Swarm -> large animated mass of jagged skeletal fragments and bleached humanoid bones swi
[1027/7413] monster Nightmare -> large fiendish horse in mid-flight, colossal skeletal-feathered wings stripped r
[1028/7413] monster Troll Limb -> severed humanoid arm and hand, moss-green rubbery skin, jagged stump of flesh oo
[1029/7413] background Hexenbane -> middle-aged human woman with a stern demeanor, weathered tan skin, deep facial l
[1030/7413] monster Moppet -> tiny animated construct resembling a crude child-sized doll stitched together fr
[1031/7413] subspecies Infernal Tiefling -> medium humanoid stature, slender build, deep crimson skin, thick hair in shades 
[1032/7413] magic-item Vile Razor -> folding straight razor with a heavy polished steel handle and a wide razor-sharp
[1033/7413] monster Dust Goblin Chieftain -> small humanoid creature with wiry limbs, mottled dusty gray skin stretched tight
[1034/7413] spell Banishment -> a dense spatial distortion forming a vertical oval rupture in the air, rippling 
[1035/7413] spell Chaotic Vitality -> pulsating waves of multicolored chaotic energy, erratic swirling bolts of prisma
[1036/7413] monster Giant Toad -> huge crouching amphibian body, mottled dark green and brown bumpy warty skin, wi
[1037/7413] magic-item Headdress of Majesty -> an elaborate golden crown fashioned from thin, interlocking strips of polished y
[1038/7413] monster Enchanter -> medium humanoid figure standing in a confident upright posture, sharp angular fa
[1039/7413] monster Wendigo -> emaciated humanoid body shaped like a gaunt corpse with stretched gray skin tigh
[1040/7413] monster Chimera -> massive monstrous quadruped with the muscular forequarters and golden-tan fur of
[1041/7413] magic-item Rod of Warning -> straight slender cylindrical wooden rod, matte medium brown grain, topped with a
[1042/7413] magic-item Circlet of Holly -> delicate circlet crafted from interwoven living twigs of bright green holly, tex
[1043/7413] subspecies Pantheran -> tall humanoid feline warrior, lean and muscular athletic build, short tawny gold
[1044/7413] magic-item Pouch of the Herbalist, 1 charge -> small weathered tan leather pouch, sagging rounded rectangular body, tightly cin
[1045/7413] spell Green Decay -> sickly emerald green necrotic energy manifesting as a swirling vortex of vaporou
[1046/7413] monster Young Gold Dragon -> large quadrupedal reptilian dragon in flight, massive feathered wings spanning t
[1047/7413] monster Goblin Boss -> small humanoid creature with sickly green skin, oversized pointed ears protrudin
[1048/7413] monster Ogre -> huge humanoid brute standing nine feet tall, thick bulky torso, massive sloping 
[1049/7413] monster Warlock's Trumpetbloom -> large carnivorous plant creature, thick woody central stalk rooted in the ground
[1050/7413] monster Psychic Vampire -> humanoid undead creature of medium build, gaunt emaciated body with ash-gray ski
[1051/7413] magic-item Explosive Orb of Obfuscation -> spherical ceramic container the size of a large human fist, rough earthenware ma
[1052/7413] spell Greater Invisibility -> complete optical absence of a physical form, total transparency creating a vacan
[1053/7413] spell Lashing Vine -> A thick botanical tendril of emerald green foliage bursting directly from a soli
[1054/7413] monster Black Dragon Wyrmling -> medium reptilian quadrupedal body shape, sleek decaying scale-shedding skin in m
[1055/7413] monster Cave Bear -> massive quadrupedal mammalian beast, immense bulky body shape, extremely dense c
[1056/7413] monster Xorn -> medium-sized heavy elemental body composed of grayish brown rocky crust and jagg
[1057/7413] monster Lemurfolk -> small humanoid lemurfolk, slender agile body, short tawny fur covering the torso
[1058/7413] monster Brownie Beastrider -> tiny humanoid fey creature standing eighteen inches tall with upright noble post
[1059/7413] spell Spirit Remnant -> translucent spectral silhouette rising from a corpse, pale blue semi-transparent
[1060/7413] monster Two-Headed Eagle -> massive monstrous bird of prey in mid-flight with two distinct fully feathered h
[1061/7413] monster Veteran Swordbreaker Skeleton -> humanoid skeletal frame of weathered yellowed bone, standing upright in a rigid 
[1062/7413] spell Calcify -> a dense wave of pale grey chalky mineral dust sweeping across a target surface, 
[1063/7413] subclass Way of the Unerring Arrow -> a polished golden heraldic shield shape, a sleek composite longbow shown strung 
[1064/7413] monster Ogre Zombie -> huge hulking undead humanoid corpse, towering hulking posture with slumped shoul
[1065/7413] monster Adult Emerald Dragon -> huge emerald dragon in flight, massive serpentine body covered in translucent cr
[1066/7413] feat Mystic Arcanum (Level 9 Spell) -> a circular heraldic shield bearing a glowing nine-pointed star forged from inter
[1067/7413] monster Cave Giant Shaman -> massive hulking giant with ashen grey skin, towering stature, hunched muscular s
[1068/7413] monster Knight Ab-errant -> large humanoid knight ab-errant with a bulky and muscular physique, wearing dent
[1069/7413] subspecies Purified -> slender humanoid stature, pale translucent skin revealing faint silver veins ben
[1070/7413] monster Firegeist -> Small elemental entity composed of a swirling humanoid silhouette of translucent
[1071/7413] monster Rime Worm Grub -> medium-sized segmented wormlike elemental, cylindrical body coated in packed gre
[1072/7413] magic-item Enraging Ammunition -> uncommon magical arrow with a straight shaft of dark iron, the fletching made of
[1073/7413] magic-item Spice Box Spoon -> small carved wooden spoon, polished dark brown lacquered surface, smooth curved 
[1074/7413] magic-item Coin of the Ill-fated -> small thick metallic coin, dull tarnished bronze surface, pitted and corroded ed
[1075/7413] monster Accursed Defiler -> emaciated humanoid undead corpse with gray rotting flesh stretched taut over exp
[1076/7413] monster Octopus -> tiny aquatic cephalopod, rounded soft bulbous mantle, smooth slippery skin in mo
[1077/7413] spell Inescapable Malady -> sickly green and black necrotic miasma, a dense swirling cloud of decaying arcan
[1078/7413] monster Vampire Priestess -> tall humanoid female vampire with ashen gray skin, gaunt skeletal proportions, l
[1079/7413] spell Ray of Alchemical Negation -> a straight beam of blazing polychromatic energy, swirling bands of vivid prismat
[1080/7413] monster Akyishigal -> massive segmented fiendish insectoid body covered in caked dry earth and jagged 
[1081/7413] monster Ancient Light Dragon -> gargantuan serpentine quadrupedal dragon in flight with immense feathered wings 
[1082/7413] feat Resonant Bond -> two intertwined metallic rings forged from contrasting dark iron and pale silver
[1083/7413] spell Forcecage -> twenty-foot cubic perimeter defined by rigid intersecting horizontal and vertica
[1084/7413] spell Blood Puppet -> crimson strands of glowing magical energy stretching like taut thread from a cen
[1085/7413] spell Raid the Lair -> a circular perimeter of shimmering translucent force tracing the ground at a ten
[1086/7413] spell Phantom Steed -> large quadrapedal equine construct composed entirely of pale grey translucent mi
[1087/7413] monster Map Mimic -> tiny aberration with a flattened squarish parchment-like body resembling an unfo
[1088/7413] monster Vangsluagh -> medium humanoid aberration body shape, hunched posture, elongated gangly limbs, 
[1089/7413] magic-item Grasping Shield -> round steel shield, convex surface with a polished metallic finish, riveted rim,
[1090/7413] spell Hero's Steel -> a glowing translucent spectral armor of silver energy shaped like a colossal her
[1091/7413] feat Three Extra Attacks -> a carved stone heraldic shield bearing a centered raised metallic emblem of thre
[1092/7413] spell Kobold’s Fury -> swirling cloud of crimson energy, jagged sparks of amber electricity, miniature 
[1093/7413] monster Harpy -> female human torso, arms, and head merged with the body, feathered wings, and lo
[1094/7413] magic-item Ring of Small Mercies -> plain band of dull grey beaten pewter, heavy circular metal loop, hammered matte
[1095/7413] monster Shadow Fey -> tall slender humanoid with midnight-blue skin, angular facial features, pointed 
[1096/7413] spell Read Mind -> a localized spherical zone of shimmering translucent violet air waves, faint con
[1097/7413] magic-item Retribution Armor -> breastplate of dark steel, intricate stylized etchings of tongues of fire coveri
[1098/7413] magic-item Humble Cudgel of Temperance -> sturdy one-handed wooden club, smooth weathered hickory handle, dark brown grain
[1099/7413] monster Lich Hound -> skeletal canine body with exposed decaying sinews, tattered leathery membrane wi
[1100/7413] monster Ratfolk -> bipedal humanoid rat standing three feet tall with short dense brown fur, webbed
[1101/7413] monster Shadow Fey Forest Hunter -> medium humanoid, midnight-black skin, angular obsidian-sharp facial features, st
[1102/7413] monster Ancient Bronze Dragon -> gargantuan quadrupedal dragon with massive feathered wings spanning hundreds of 
[1103/7413] monster Fabricator -> large aquatic construct with a segmented metallic hull of brushed bronze and dar
[1104/7413] magic-item Dryad's Tear, 1 use -> small teardrop-shaped crystal, translucent pale emerald green glass, smooth poli
[1105/7413] feat Mounted Combatant -> a circular heraldic shield bearing a polished steel knight riding a galloping ar
[1106/7413] spell Silvershout -> a thirty-foot cone of dense, swirling particulate matter composed of thousands o
[1107/7413] monster Rotting Wind -> large undead hovering humanoid entity, tattered skeletal wings spanning wide beh
[1108/7413] background Escapee from Below -> haggard human escapee with a gaunt face, sunken eyes, and jagged gray scars acro
[1109/7413] spell Infernal Weapon -> two-handed polearm forged entirely from jagged black iron and dark crimson hellf
[1110/7413] monster Thuellai -> Huge hovering elemental creature, massive amorphous body formed of swirling wind
[1111/7413] monster Dinosaur, Thundercall Hadrosaur -> massive bipedal and quadrupedal herbivorous dinosaur, towering eight meters in l
[1112/7413] monster Ice Worm -> gargantuan segmented serpentine body covered in thick pale blue scales caked wit
[1113/7413] monster Slow Storm -> medium elemental being of storm energy, towering upright posture, humanoid biped
[1114/7413] monster Chamrosh -> medium avian celestial in soaring flight, massive feathered wings spanning twice
[1115/7413] monster Master Thief -> medium humanoid figure, slender and athletic build, posture poised and agile, cl
[1116/7413] spell Umbral Storm -> twenty-foot-radius sphere of roiling pitch-black void, churning core of absolute
[1117/7413] magic-item Molten Hellfire Splint -> heavy suit of full plate armor, dark obsidian-colored steel with a deep crimson 
[1118/7413] spell Gate -> circular tear in reality measuring ten feet in diameter, jagged edges of fractur
[1119/7413] magic-item Memory Cap -> large oversized mushroom cap, concave bowl shape, thick spongy fleshy texture, p
[1120/7413] monster Dryad -> slender feminine humanoid form, youthful proportions, skin with a soft bark text
[1121/7413] monster Chuul -> large crustacean aberration with a segmented greenish-brown chitinous shell, a h
[1122/7413] monster Snallygaster -> huge serpentine dragon-like aberration, massive leathery bat-like wings spanning
[1123/7413] monster Ancient Blue Dragon -> gargantuan quadrupedal dragon with massive leathery blue wings spanning hundreds
[1124/7413] magic-item Chainbreaker Longsword -> a straight double-edged steel longsword with a broad fuller running down the cen
[1125/7413] magic-item Ghost Barding Chain Mail -> chain mail barding sized for a large riding beast, constructed of interconnected
[1126/7413] magic-item Pocket Spark -> small pocket snuff box, tarnished brass metal construction, rectangular hinged c
[1127/7413] monster Parzz'val -> large hulking aberration with a bloated fleshy torso, four muscular elongated ar
[1128/7413] monster White Stag -> massive quadrupedal stag with a powerful muscular build, thick pure white fur co
[1129/7413] monster Swolbold -> medium humanoid muscular reptilian body shape, heavily packed thick musculature,
[1130/7413] monster Guard Captain -> human guard captain with a broad stocky build, stern weathered face bearing a ja
[1131/7413] monster Emerald Eye -> tiny mechanical construct shaped like an eight-pointed star, constructed from in
[1132/7413] monster Pegasus -> large majestic white horse with a powerful equine body, broad feathered wings sp
[1133/7413] feat Moderately Armored -> a polished steel shield emblazoned with a raised heraldic rampant lion surrounde
[1134/7413] monster Shambling Mound -> large plant monster composed of a towering heap of decaying leaves, tangled vine
[1135/7413] monster Banshee -> medium undead female elf spirit, hovering figure, wispy translucent form, long w
[1136/7413] monster Knight -> humanoid figure of medium height standing in an upright posture, wearing full ar
[1137/7413] spell Create or Destroy Water -> a swirling vertical vortex of churning azure water and condensed atmospheric moi
[1138/7413] spell Vine Trestle -> A thick green vine sprouts directly from a solid surface, rapidly crawling outwa
[1139/7413] monster Satyr -> stout male human upper body, furry goat lower body, cloven hooves, large curling
[1140/7413] monster Faceless Wanderer -> hovering medium humanoid creature, absence of facial features with a smooth feat
[1141/7413] spell Flicker -> dense cluster of three translucent spherical glowing violet and electric blue en
[1142/7413] spell Beacon of Hope -> burst of warm golden light radiating outward in a spherical pulse, dense concent
[1143/7413] subclass College of Echoes -> An ornate shield-shaped heraldic crest divided diagonally into deep indigo and s
[1144/7413] feat Idealistic Leader -> a heraldic escutcheon divided per pale into azure and gold, charged with a centr
[1145/7413] spell Mirage -> a completely silent, translucent, shimmering phantom image of a simple object, c
[1146/7413] spell Heal -> a swirling sphere of emerald green energy droplets and bright golden radiance co
[1147/7413] spell Glacial Fog -> massive spherical volume of dense sub-zero vapor, churning thick white mist and 
[1148/7413] monster Astri -> small humanoid celestial body covered in a thick encrustation of dark dry earth 
[1149/7413] feat Nature's Veil -> a circular heraldic shield bearing a carved bas-relief of a dense deciduous tree
[1150/7413] monster Flesh Golem -> huge muscular humanoid construct assembled from mismatched patches of gray and p
[1151/7413] monster Dryad -> medium feminine fey humanoid with slender proportions, skin textured like pale b
[1152/7413] monster Ghost -> medium humanoid undead creature hovering above the ground, translucent pale grey
[1153/7413] spell Mind Blank -> an absolute void of magical energy, a completely opaque sphere of absolute darkn
[1154/7413] monster Tosculi Jeweled Drone -> small humanoid body shape, slender proportions, translucent insectoid wings span
[1155/7413] monster Xorn -> medium elemental creature with a heavy, stout, stone-like body caked in earth, f
[1156/7413] magic-item Impaling Lance -> magical polearm weapon featuring a straight dark iron shaft, a long slender tape
[1157/7413] monster Bronze Construct -> massive humanoid automaton constructed from heavy overlapping plates of weathere
[1158/7413] magic-item Efficacious Eyewash -> small transparent glass bottle filled with clear liquid, minute glittering parti
[1159/7413] monster Quipper, Swarm of Quippers -> a swirling dense mass of hundreds of small fishlike aquatic beasts, each slender
[1160/7413] monster Commoner -> medium human humanoid, average adult build, simple work-worn features, weathered
[1161/7413] spell Unholy Defiance -> a dense roiling hemisphere of opaque pitch-black mist and jagged crimson energy 
[1162/7413] monster Broodmother of Leng -> huge monstrous aberration with a bloated, gelatinous multi-segmented body, numer
[1163/7413] magic-item Bloodthirsty Whip -> flexible whip with a dark crimson leather handle wrapped in coiled brass wire, a
[1164/7413] magic-item Crimson Carpet -> rolled cylindrical bundle of heavy red felt fabric, three feet long and one foot
[1165/7413] monster Fractal Golem -> massive construct built of interlocking geometric polyhedra and nested crystalli
[1166/7413] spell Word of Misfortune -> dark indigo energy vortex shaped like speaking lips, twisted purple vocal runes 
[1167/7413] monster Living Wick -> small animated humanoid construct formed entirely of tightly braided white hempe
[1168/7413] monster Rat -> tiny aquatic rodent with sleek waterproof dark brown fur, elongated webbed hind 
[1169/7413] magic-item Dragon Scale Mail -> suit of scale mail constructed from overlapping polished crimson dragon scales, 
[1170/7413] monster Bouda -> bipedal humanoid hyena-like fiend of medium stature, muscular digitigrade legs c
[1171/7413] monster Mimic -> medium monstrosity shapeshifted to resemble an ornate wooden chest, rectangular 
[1172/7413] monster Naina -> massive serpentine dragon, powerful leathery wings outstretched, midnight-black 
[1173/7413] spell Quintessence -> a humanoid silhouette composed entirely of shimmering golden light, outlined by 
[1174/7413] spell Hypnagogia -> a swirling cloud of violet and indigo gaseous mist, twisting tendrils of semi-tr
[1175/7413] monster Dread Troll -> massive humanoid giant, towering height, hulking muscular torso, long disproport
[1176/7413] spell Longstrider -> swirling emerald green kinetic energy wrapping tightly around a pair of humanoid
[1177/7413] spell Prisma Shard -> an array of sharp geometric crystalline shards hovering in a tight cluster, each
[1178/7413] spell Decay -> dark ashen energy swirling in a crackling sphere of necrotic corruption, violent
[1179/7413] monster Blood Hag -> emaciated humanoid female figure of medium height with rotting greyish-blue skin
[1180/7413] monster Khodumodumo -> gargantuan sprawling amphibian-like monstrosity with a massively bloated spheric
[1181/7413] spell Conjure Voidborn -> a swirling spherical rift of absolute darkness, jagged spatial tears of deep vio
[1182/7413] spell Conjure Woodland Beings -> a shimmering portal of emerald green mist and floating golden leaves, swirling c
[1183/7413] magic-item Rust Monster Shell -> hollowed carapace of a rust monster, heavy chitinous exoskeleton forming a breas
[1184/7413] magic-item Staff of Charming -> a slender quarterstaff crafted from pale polished gnarled driftwood, wrapped tig
[1185/7413] monster Miremal -> small fey humanoid standing two feet tall with sharp angular facial features, pa
[1186/7413] magic-item Twinvine -> sixteen-foot length of verdant green rope, thick and fibrous plant vine material
[1187/7413] magic-item Brooch of Shielding -> a heavy circular disk of polished dark silver, three inches in diameter, embosse
[1188/7413] spell Magic Fruit -> a cluster of three plump spherical fruits with translucent emerald rinds, faint 
[1189/7413] spell Thunderclap -> a violent spherical shockwave of crackling azure and white electrical energy exp
[1190/7413] spell Fleetfooted -> swirling vortex of translucent emerald wind currents wrapped tightly around a pa
[1191/7413] spell Teleportation Circle -> ten-foot-diameter circular glyph inscribed directly on the ground surface, compl
[1192/7413] magic-item Pestilent Spear -> a long polearm featuring a straight haft of dark grey weathered wood wrapped in 
[1193/7413] feat Superior Bardic Inspiration -> a polished circular silver medallion, engraved with a raised relief of a finely 
[1194/7413] spell Spare the Dying -> faint pulse of pale turquoise light rippling across the surface of a body, soft 
[1195/7413] magic-item Ring of Resistance -> thick band of polished yellow gold, heavy ornate bezel holding a faceted octagon
[1196/7413] monster Kobold, Empyrean -> small reptilian humanoid body, diminutive stature, scaly golden skin, two large 
[1197/7413] monster Warhorse -> massive muscular equine quadruped with a heavy arched neck, broad deep chest, an
[1198/7413] monster Brownie -> tiny humanoid fey standing two feet tall with an upright noble posture, pointed 
[1199/7413] magic-item Ouroboros Amulet -> circular jade amulet carved in the likeness of a serpent swallowing its own tail
[1200/7413] magic-item Mantle of Spell Resistance -> a dark indigo velvet shoulder cloak, deep violet silk lining, intricate silver m
[1201/7413] monster High Elf Noble -> tall slender humanoid with pale porcelain skin, angular aristocratic facial feat
[1202/7413] spell Anomalous Object -> a spherical metal contraption of impossible geometry, measuring two feet in diam
[1203/7413] monster Trollking Grunt -> hulking medium humanoid with rubbery moss-green skin covered in warty pustules, 
[1204/7413] monster Voidling -> large floating aberration, bulbous amorphous dark purple body, two leathery tatt
[1205/7413] spell Protection from Energy -> spherical barrier of translucent prismatic force wrapping completely around a hu
[1206/7413] spell Thunderous Charge -> A straight ten-foot trajectory of crackling white lightning and deep blue sonic 
[1207/7413] monster Archon, Ursan -> massive humanoid celestial, golden skin, broad shoulders, towering musculature, 
[1208/7413] monster Hag, Floe -> humanoid hag, medium height, gaunt and emaciated physique, blue-gray frostbitten
[1209/7413] magic-item Mirrored Half Plate -> set of steel half plate armor consisting of a rigid polished breastplate coverin
[1210/7413] magic-item Bloodfuel Shortsword -> shortsword with a dark crimson steel blade, crossguard shaped like two weeping h
[1211/7413] monster Flying Sword -> a small steel longsword in midair with a straight double-edged blade, a metallic
[1212/7413] feat Weapons Specialist -> a circular heraldic shield bearing a crossed longsword and battleaxe in iron-gre
[1213/7413] magic-item Amulet of Life Protection, 1 charge -> a thick flat circular bronze disc amulet, dull tarnished metallic surface textur
[1214/7413] spell Song of the Forest -> transmutative magical energy field composed of vibrant emerald-green and earthy 
[1215/7413] monster Derro Shadow Antipaladin -> short stunted humanoid figure with chalk-white skin and patchy black hair, weari
[1216/7413] monster Ooze, Snow -> huge shapeless mass of slush and melting snow, dense mound of cold white precipi
[1217/7413] magic-item Ring of Shooting Stars -> thick band of dark polished star metal, inlaid with six tiny uncut rough diamond
[1218/7413] spell Trueshift -> a localized spherical sphere of translucent morphing light, swirling chromatic e
[1219/7413] spell Freedom of Movement -> an abstract glowing aura of translucent pale green force energy wrapping around 
[1220/7413] magic-item Riverine Blade -> long steel sword with a straight double-edged blade, the crossguard formed by a 
[1221/7413] magic-item Belt of Giant Strength (Cloud) -> wide heavy leather belt crafted from pale white hide, thick interlocking plates 
[1222/7413] spell Hobble -> translucent bluish-grey energy shackle forming a closed circular loop, crackling
[1223/7413] spell Bless the Dead -> a translucent pale blue energy ripple shaped like a gentle wave, rising upward i
[1224/7413] monster Gorgon -> massive quadrupedal bull-like monstrosity covered entirely in overlapping heavy 
[1225/7413] monster Dawnfly, Desolation Nymph -> massive aquatic burrowing beast with a thick earth-caked hide, elongated serpent
[1226/7413] magic-item Fly Whisk of Authority -> ceremonial fly whisk, rigid tapered cylindrical handle made of dark polished ebo
[1227/7413] monster Red Dragon -> massive quadrupedal reptilian body, thick metal-like deep red scales, proud upri
[1228/7413] monster Rust Drake -> medium quadrupedal reptilian dragon body, arched leathery wings spanning wide, l
[1229/7413] background Imposter -> middle-aged human woman with tired posture and mild demeanor, wearing faded russ
[1230/7413] magic-item Elixir of Spike Skin -> small clear glass apothecary vial, cylindrical body tapering to a narrow neck, c
[1231/7413] magic-item Staff of Sparks (d6), 6 charges -> long walking stick made of pale fir wood, straight cylindrical shaft with a smoo
[1232/7413] magic-item Wand of the Thousand Paths, 1 charge -> tall gnarled wooden walking stick, polished dark brown grain, carved with an int
[1233/7413] spell Sequester -> an invisible translucent spherical field of shimmering arcane distortion curving
[1234/7413] spell Resurrection -> A swirling vertical vortex of incandescent golden light and pure white flame, a 
[1235/7413] monster Strife -> small fey creature with a slender humanoid torso, delicate translucent insectoid
[1236/7413] background Charlatan -> human grifter with an easy charming smile and sharp observant eyes, wearing a ta
[1237/7413] monster Berserker -> medium human warrior, heavily muscled and broad-shouldered physique, long unkemp
[1238/7413] magic-item Phoenix Ash, 1 use -> small glass vial filled with fine grey powder, stoppered with a cork tied with r
[1239/7413] monster Pseudodragon -> tiny dragon in flight with a slender serpentine body, covered in vibrant red-bro
[1240/7413] spell Blazing Chariot -> a ten-foot-square chariot forged from beaten gold and gleaming mithral, two rear
[1241/7413] spell Tongue of the Blue Serpent -> rust-colored serpentine letters materialized in a horizontal row on a flat surfa
[1242/7413] magic-item Interplanar Paint -> thick black tarry substance in a small ceramic jar, viscous dripping pitch-like 
[1243/7413] monster Cats of Ulthar -> massive feline quadruped body shape, enormous size, short dense midnight black f
[1244/7413] monster Vampire -> humanoid humanoid bipedal figure, medium height, pale ashen grey skin, elongated
[1245/7413] background Cultist -> a thin adult human with wild unkempt brown hair and hollow bloodshot eyes, weari
[1246/7413] magic-item Chain Mail of Warding (+3) -> interlocking steel rings form a flexible suit of chain mail armor, each metal li
[1247/7413] monster Awakened Tree -> huge sentient deciduous tree, thick gnarled brown bark covered in moss and liche
[1248/7413] spell Bane -> three spectral purple magical radiance streams, twisting jagged energy tendrils,
[1249/7413] spell Kraken's Curse -> turbulent ring of dark sea water, writhing mass of translucent inky black giant 
[1250/7413] monster Crystalline Devil -> medium fiend with a bipedal humanoid body shape formed entirely of sharp, jagged
[1251/7413] magic-item Staff of Frost -> long slender quarterstaff carved from ancient pale blue white-veined glacier ice
[1252/7413] spell Passive Invisibility -> translucent rippling distortion outlining a humanoid silhouette, bending and war
[1253/7413] magic-item Mantle of the Champion -> a heavy floor-length cloak of royal crimson velvet secured at the neck by a thic
[1254/7413] monster Tiger -> large quadrupedal feline mammalian body, dense orange-gold fur coat marked with 
[1255/7413] monster Sulsha -> large muscular humanoid body shape, towering height, dark ashen skin stretched t
[1256/7413] monster Jiangshi -> humanoid undead corpse, stiff upright posture with arms extended straight forwar
[1257/7413] magic-item Zipline Ring -> smooth polished yellow gold band, thick circular metal hoop, faceted deep red ov
[1258/7413] spell Nondetection -> an opaque sphere of absolute visual absence ten feet in diameter, a seamless voi
[1259/7413] monster Gypsosphinx -> large monstrous creature with the muscular body of a tawny lion and a massive av
[1260/7413] monster Winter Wolf -> massive quadrupedal arctic wolf, large bulky canine body shape, thick dense snow
[1261/7413] monster Dinosaur, Guardian Archaeopteryx -> small feathered dinosaur in flight, slender body with a long feathered tail, cov
[1262/7413] monster Qiqirn -> small humanoid monstrosity with a hunched posture and a canine-like head, short 
[1263/7413] magic-item Hangman's Noose -> a coarse hempen rope fashioned into a hangman noose with a traditional thirteen-
[1264/7413] spell Instant Armored Vehicle -> massive ground vehicle composed of raw transmutation materials rapidly assemblin
[1265/7413] magic-item Rowan Staff -> long slender staff crafted from deep red rowan wood, polished dark grain surface
[1266/7413] magic-item Soul Bond Chalice -> broad shallow silver bowl, stem formed by a detailed raven figure with outstretc
[1267/7413] magic-item Longsword of Fallen Saints -> a straight-bladed steel longsword with a double-edged central fuller, a tarnishe
[1268/7413] spell Twister -> massive swirling vortex of grey and black wind, thirty-foot radius cylindrical c
[1269/7413] monster Doom Golem -> huge bipedal humanoid construct carved from dark jagged iron blocks, thick heavy
[1270/7413] monster Likho -> medium-sized bipedal monstrosity, emaciated skeletal humanoid body frame, tightl
[1271/7413] magic-item Spystone, 1 charge -> flat smooth river stone, rounded oval shape, matte grey surface with dark minera
[1272/7413] magic-item Rod of Swarming Skulls -> thick cylindrical shaft carved from solid polished black onyx, capped by a metic
[1273/7413] magic-item Scalehide Cream -> small ceramic jar filled with thick dull green cream, rough earthenware surface 
[1274/7413] magic-item Helm of Telepathy -> full-face closed helm forged from polished steel with a polished brass faceplate
[1275/7413] magic-item Staff of Channeling -> plain wooden staff, straight cylindrical shaft of dark brown oak, smooth worn su
[1276/7413] spell Void Strike -> a concentrated sphere of absolute blackness crackling with jagged violet energy 
[1277/7413] monster Young White Dragon -> quadrupedal reptilian body, large dragon with a sleek muscular torso, pure white
[1278/7413] spell Dispel Magic -> a cascade of translucent indigo and violet silken ribbons unraveling and dissolv
[1279/7413] monster Forest Emperor -> huge winged aberration in flight, towering serpentine body covered in deep emera
[1280/7413] monster Ooze, Leavesrot -> large amorphous mass of rotting forest detritus, undulating heap of decomposing 
[1281/7413] magic-item Clacking Teeth -> dismembered human lower jawbone made of aged, yellowed ivory, set with an oversi
[1282/7413] monster Unicorn -> large equine celestial creature with a brilliant white coat, powerful muscular b
[1283/7413] magic-item Wand of Fireballs -> slim straight wand fashioned from charred black wood, tapering evenly from a thi
[1284/7413] monster Ostinato -> medium aberration creature with a humanoid bipedal torso and elongated limbs, sm
[1285/7413] monster Oculo Swarm -> large hovering mass of numerous small pale winged eyeball creatures densely clus
[1286/7413] background Former Adventurer -> middle-aged human man with rugged weathered skin and deep facial scars, slumped 
[1287/7413] spell Speak with Plants -> swirling tendrils of emerald green transmutation energy wrapping around thick tr
[1288/7413] monster Swarm of Khalkos Spawn -> a dense airborne swarm of numerous small winged aberrant creatures with dark bro
[1289/7413] spell Timeless Engine -> a swirling sphere of luminous bronze gear wheels and interlocking cogs, frozen i
[1290/7413] magic-item Carpet of Flying -> rectangular woven fabric three by five feet, dense flat-pile woolen surface, dee
[1291/7413] spell Clockwork Bolt -> a heavy crossbow bolt bound in whirring interlocking brass gears and coiled stee
[1292/7413] monster Apostle -> medium humanoid figure with lean muscular proportions, pale ashen skin, angular 
[1293/7413] magic-item Shield of Missile Reversal -> large kite shield forged of dark steel with a curved pointed base, polished silv
[1294/7413] magic-item Golden Wheat Paste, 2 uses -> two small rounded terracotta jars, each fitted with a tight wooden lid bound by 
[1295/7413] monster Horned Tauric -> large fey tauric creature with the upper torso of a humanoid and the lower body 
[1296/7413] monster Plague Spirit -> emaciated humanoid fey body shape, medium size, decaying greyish-green skin cove
[1297/7413] monster Dream Squire -> medium fey humanoid creature, slender humanoid body shape, smooth pale lavender 
[1298/7413] monster Puffinfolk -> small bipedal humanoid standing three feet tall, plump rounded body covered in d
[1299/7413] magic-item Bloodprice Scale-Mail -> legendary scale-mail armor crafted from overlapping overlapping metallic scales 
[1300/7413] monster Lunarian -> medium fey creature in mid-flight with a humanoid torso and delicate, feathered 
[1301/7413] monster Shiftshroom -> medium humanoid plant creature, bulbous multi-capped fungal head shifting shape 
[1302/7413] monster Frost Giant -> Huge humanoid giant, immense muscular build, towering height of twenty-one feet,
[1303/7413] feat Fey-Touched -> a heraldic escutcheon divided per pale into deep emerald green and midnight blue
[1304/7413] monster Baba Yaga's Horsemen, Red Sun -> tall humanoid fey horseman, muscular proportions, crimson skin the color of a se
[1305/7413] monster Faerie Eater Troll -> massive hulking giant with mottled emerald green skin, elongated limbs with thic
[1306/7413] monster Frost-Afflicted -> medium humanoid body shape, pale blue frozen skin covered in jagged frost crysta
[1307/7413] monster Devouring Angel -> large floating aberration with a multi-layered ring of massive white feathered w
[1308/7413] magic-item Air Seed -> plum-sized nearly spherical rough sandstone object, mottled beige and pale gray 
[1309/7413] spell Body Swap -> Two humanoid silhouettes formed from swirling, intertwined strands of ethereal b
[1310/7413] spell Loki's Gift -> a shimmering translucent amber serpent woven entirely from shifting runic script
[1311/7413] spell Accelerando -> transmutation magical energy manifesting as a rapid flurry of translucent musica
[1312/7413] magic-item Silvered Oar -> six-foot-long straight birch wood oar, slender cylindrical wooden shaft widening
[1313/7413] monster Herald of Slaughter -> massive muscular humanoid fiend, towering height of nine feet, thick crimson ski
[1314/7413] magic-item Cloak of Coagulation -> rust red cloak, heavy coarse wool material, textured with darkened dried bloodst
[1315/7413] monster Slithy Tove -> small burrowing monstrosity, plump corkscrew-shaped body covered in damp earth a
[1316/7413] spell Anticipate Weakness -> a transient geometric constellation of interconnected crimson lattice lines and 
[1317/7413] monster Weretiger -> tall lithe humanoid, sleekly muscular build, meticulously groomed short hair, fi
[1318/7413] subspecies Delver -> stout humanoid standing four feet tall with exceptionally broad shoulders, thick
[1319/7413] spell Seal Away -> translucent vertical cylinder of glowing violet force barriers erupting from the
[1320/7413] monster Crimson Jelly -> tiny translucent crimson ooze body, spherical gelatinous mass, small delicate tr
[1321/7413] spell Gloomwrought Barrier -> vertical wall twenty feet high and sixty feet long composed of opaque swirling s
[1322/7413] monster Cloud Giant -> massive humanoid giant with immense muscular build and towering height, light-to
[1323/7413] spell Profane Reveal -> an outward-expanding circular shockwave of pale translucent violet energy ripple
[1324/7413] monster Ochre Jelly -> amorphous and gelatinous blob, bright yellowish-ochre coloration, translucent an
[1325/7413] spell Mind Bond -> two distinct translucent sapphire-blue cerebral energy threads weaving together 
[1326/7413] monster Bronze Dragon Wyrmling -> medium quadrupedal reptilian body, gleaming metallic bronze scales covering the 
[1327/7413] monster Hobgoblin Warlord -> muscular medium humanoid, iron-grey skin tinged with blue, coarse dark brown hai
[1328/7413] magic-item Lesser Scroll of Conjuring -> rolled yellowish parchment scroll, brittle and aged texture, tightly bound with 
[1329/7413] magic-item Broken Fang Talisman -> curved fang amulet forged from dull burnished copper, deep jagged fissure splitt
[1330/7413] magic-item Potent Cure-All -> short spherical glass vial with a flat circular base, fitted with a tightly cork
[1331/7413] monster Hippogriff -> massive winged hybrid creature with the feathered head, razor-sharp hooked beak,
[1332/7413] magic-item White Ape Hide -> tanned white ape hide armor crafted from thick fur-covered skin, pure ivory-whit
[1333/7413] monster Ghost -> humanoid spirit formed of translucent pale grey mist, wispy tattered shroud drif
[1334/7413] monster Onyx Magistrate -> large hovering construct shaped as a humanoid figure formed from jagged black st
[1335/7413] monster Harpy -> medium monstrosity with the feathered body, legs, and massive wings of a vulture
[1336/7413] monster Ember Glider -> medium reptilian monstrosity, slender serpentine body covered in overlapping cha
[1337/7413] monster Swarm of Insects -> dense writhing cloud of countless small chitinous bugs, thousands of segmented c
[1338/7413] feat Deflect Energy -> a metal heraldic shield bearing a centered glowing energy blast bouncing off its
[1339/7413] magic-item Root of the World Tree -> two-foot-long wooden mace crafted from a sacred tree root burl, thick knobby clu
[1340/7413] spell Ale-dritch Blast -> a violent torrent of frothing golden-amber liquid and swirling white frost, a co
[1341/7413] spell Hypnotize -> concentric circles of violet and magenta light rotating slowly clockwise, overla
[1342/7413] spell Chronal Lance -> a concentrated beam of pale gray temporal energy, a jagged lance of translucent 
[1343/7413] monster Kitsune -> bipedal anthropomorphic fox humanoid, small stature, slender body proportions, c
[1344/7413] monster Fire-Infused Water Elemental -> massive bipedal humanoid elemental composed entirely of swirling azure liquid an
[1345/7413] monster Living Wick -> small animated humanoid construct formed entirely of tightly wound white tallow-
[1346/7413] monster Giant Flea -> small wingless insectoid beast, dark reddish brown chitinous exoskeleton, stout 
[1347/7413] spell Fire Darts -> three slender projectiles of pure flame, each dart shaped like a tapered arrow o
[1348/7413] monster Insect, Scorpion -> tiny arachnid body shape, reddish-brown chitinous exoskeleton with a segmented a
[1349/7413] spell Storm Kick -> a dynamic visual effect of crackling electric blue and white energy forming the 
[1350/7413] monster Witchlight -> tiny floating construct body formed from delicate interwoven silver wire and fac
[1351/7413] magic-item Wraith Lantern, 1 charge -> handheld iron lantern with a square perforated metal frame, tarnished black iron
[1352/7413] spell Manipulate Wind -> a violent vortex of swirling air, an opaque funnel of rushing wind, chaotic atmo
[1353/7413] magic-item Last Chance Quiver -> cylindrical leather quiver, stiff dark brown hide surface, reinforced brass rim 
[1354/7413] spell Form of Ice -> humanoid silhouette composed entirely of jagged translucent blue ice crystals an
[1355/7413] monster Green Dragon Wyrmling -> small serpentine dragon, slender emerald green scales, sweeping membranous wings
[1356/7413] magic-item Bloodfuel Morningstar -> heavy iron shaft, spiked metal sphere head, dark rust color, dried blood stains 
[1357/7413] spell Black Ribbons -> dense mass of churning inky black ribbons composed of shadowy planar energy swir
[1358/7413] magic-item Potion of Healing -> small globular glass flask with a narrow neck, fitted with a cork stopper, fille
[1359/7413] monster Alliumite, Rapscallion -> small humanoid plant creature with a bulbous root body covered in caked earth an
[1360/7413] monster Carnivorous Ship -> gargantuan aquatic monstrosity resembling a decaying wooden galleon, hull constr
[1361/7413] spell True Name -> a dense swirling vortex of iridescent purple energy, countless microscopic glowi
[1362/7413] spell Animate Ghoul -> A swirling cloud of opaque charcoal-grey smoke and sickly violet necromantic ene
[1363/7413] spell Devil's Comedian -> a swirling vortex of violet magical energy taking the ephemeral form of a grinni
[1364/7413] spell Visage of Madness -> a terrifying ephemeral demonic visage manifesting in the air, composed of roilin
[1365/7413] magic-item Draught of Ambrosia -> tiny clear glass vial containing shimmering luminous golden liquid, stoppered wi
[1366/7413] monster Feyward Tree -> huge sentient wooden construct resembling an ancient oak tree, thick gnarled bro
[1367/7413] spell Filch -> a small sphere of distorted space, shimmering transparent air ripples, elongated
[1368/7413] monster Devilbound Gnomish Prince -> small humanoid male with ashen grey skin, elongated pointed ears, sharp manicure
[1369/7413] magic-item Bloodthirsty Battleaxe -> heavy iron battleaxe, curved crescent-shaped steel blade, long branching blood-c
[1370/7413] spell Revenge's Eye -> an enormous spectral eye composed of swirling crimson energy and dark purple spa
[1371/7413] monster Young Wind Dragon -> large quadrupedal reptilian dragon body, slender serpentine torso covered in pal
[1372/7413] spell Continual Flame -> bright yellowish-red tongue of fire flickering upward from the targeted surface,
[1373/7413] spell Disassemble -> a swarm of floating, disconnected human body parts hovering in midair, comprisin
[1374/7413] spell Latch -> A thick translucent band of pale azure magical force resembling a heavy iron pad
[1375/7413] monster Quasit -> two-foot-tall green humanoid fiend, small curved horns atop its head, glowing ey
[1376/7413] monster Kobold Trapsmith -> small reptilian humanoid standing in a hunched, cautious posture, slender scaled
[1377/7413] monster Death Knight -> skeletal humanoid warrior of medium human build, standing in a rigid militant po
[1378/7413] feat Shield Focus -> a heraldic heater-shaped shield bearing the emblem of a centered steel gauntlet 
[1379/7413] monster Elephant -> massive quadrupedal mammalian body, towering thick gray skin with deep wrinkles,
[1380/7413] monster Dust Goblin -> small humanoid creature with dry cracked grey skin stretched taut over emaciated
[1381/7413] monster Resinous Frog -> small squat amphibian body, thick sticky amber-colored resinous secretion coatin
[1382/7413] subclass The Great Elder Thing -> a heavy heraldic shield bearing an embossed central motif of an ancient, multi-t
[1383/7413] magic-item Buzzing Longsword -> long straight double-edged steel blade with a narrow central fuller, polished me
[1384/7413] magic-item Betterwand, 2 charges -> slender straight wooden wand, dark polished mahogany grain, smooth tapered cylin
[1385/7413] monster Pixiu -> large winged mammalian monstrosity, powerful lion-like quadrupedal body covered 
[1386/7413] magic-item Bloodthirsty Greataxe -> heavy iron greataxe with a wide, crescent-shaped double-bitted head, long branch
[1387/7413] monster Hippopotamus, Sacred -> massive quadrupedal mammalian body, thick grey hairless skin, broad barrel-shape
[1388/7413] feat Bonus Proficiencies (Lore) -> heraldic shield divided diagonally, upper left field bearing a silver open book 
[1389/7413] monster Ravenfolk Doom Croaker -> medium humanoid ravenfolk, tall slender bipedal posture, covered in dense dark b
[1390/7413] magic-item Quick-Change Mirror -> four foot tall rectangular standing mirror, two feet wide, plain utilitarian woo
[1391/7413] monster Goat -> medium quadrupedal mammal, sturdy compact body covered in dense coarse fur of mo
[1392/7413] monster Wizard Kobold -> small reptilian humanoid standing upright, slender body covered in rust-red scal
[1393/7413] monster Coven Green Hag -> humpbacked humanoid female of medium size, sickly green wrinkled skin, long matt
[1394/7413] spell Skull Road -> circular glowing portal in empty air, 5 to 20 feet in diameter, rimmed with jagg
[1395/7413] monster Sathaq Worm -> huge segmented serpentine worm, thick earthen-crusted hide of hardened mud and d
[1396/7413] spell Disintegrate -> thin pale green energy ray, perfectly straight beam cutting through space, core 
[1397/7413] spell Lair Sense -> a transparent shimmering perimeter boundary shaped as a cubic grid of faint puls
[1398/7413] magic-item Bloodfuel Crossbow Light -> light crossbow crafted from dark blackened iron and stained bone, slender stock 
[1399/7413] monster Kraken -> gargantuan aquatic monstrosity with a colossal cephalopod body, massive rounded 
[1400/7413] spell Insubstantiate -> semi-transparent ghostly silhouette of a human-shaped figure, edges dissolving i
[1401/7413] magic-item Staff of Fate -> A long wooden walking staff divided down its exact middle lengthwise into two co
[1402/7413] monster Flying Sword -> small animated construct forged from polished steel, narrow double-edged straigh
[1403/7413] monster Swarm, Gryllus -> a dense cluster of hundreds of interlocking mechanical construct insects forged 
[1404/7413] spell Inflict Wounds -> crude roiling sphere of absolute pitch blackness, crackling with jagged filament
[1405/7413] spell Teleportation Circle -> ten-foot diameter circular rune inscribed flat upon the ground, intricate geomet
[1406/7413] monster Cat -> tiny quadrupedal feline beast with soft fur, compact muscular body, pointed ears
[1407/7413] magic-item Battle Standard of Passage -> four-foot-long wooden carrying pole, rectangular fabric flag hanging vertically,
[1408/7413] feat Mystic Arcanum (Level 6 Spell) -> a circular heraldic shield bearing a centered arcane sigil of a large inscribed 
[1409/7413] magic-item Mountaineer's Heavy Crossbow -> heavy wooden stock with a weathered dark walnut surface, intricate mountain rang
[1410/7413] subspecies Red Dragonborn -> bipedal humanoid dragonkin, tall imposing stature, muscular heavy build, thick s
[1411/7413] monster Seahorse -> tiny aquatic fish, slender curved body encased in rigid bony segmented plates, p
[1412/7413] spell Dominate Person -> a swirling vortex of indigo and violet energy taking the hazy, indistinct outlin
[1413/7413] monster Giant Earth Elemental -> massive humanoid elemental composed entirely of compacted soil, jagged boulders,
[1414/7413] magic-item Circlet of Blasting -> slender metallic headband forged from dark iron, smooth polished surface, intric
[1415/7413] monster Warrior Snail -> massive gastropod creature with a heavily armored spiral shell patterned in rust
[1416/7413] feat Unarmored Movement -> A heavy cast-iron round medallion engraved with a raised relief of a winged runn
[1417/7413] monster Deathcap Myconid -> medium bipedal plant creature, greyish purple spongy flesh, bulbous cap shaped l
[1418/7413] magic-item Rod of Hellish Grounding -> smooth polished green jade rod, straight cylindrical metal-free shaft of medium 
[1419/7413] spell Sinister Polymorph -> swirling violet and crimson magical energy vortex, shifting ribbon tendrils of a
[1420/7413] magic-item Brazen Band -> small brass clockwork ring fashioned into the shape of a coiled metallic dragon,
[1421/7413] magic-item Staff of the Cephalopod -> gnarled gray driftwood shaft, crowned with a carved octopus of red and gray brec
[1422/7413] monster Miremal -> small bipedal fey creature with webbed digits on its hands and feet, slick dark 
[1423/7413] monster Grindylow -> pale green skin, slender humanoid torso, long muscular arms, clawed hands with i
[1424/7413] spell See Beyond -> a localized spherical distortion in the air, a rippling transparent lens of spac
[1425/7413] monster Flame Dragon Wyrmling -> medium serpentine dragon in flight, long tapering tail, leathery crimson and ora
[1426/7413] monster Gbahali -> massive dinosaurian quadruped with a heavily armored body covered in bony osteod
[1427/7413] spell Perfect Illusion -> a completely realistic phantom double of a human warrior, composed of shifting t
[1428/7413] spell Barkskin -> a human skin surface rigidly transformed into thick, deeply fissured oak bark, d
[1429/7413] magic-item Staff of Parzelon -> tarnished silver quarterstaff shaft, straight slender metal body, worn metallic 
[1430/7413] feat Survivor -> a weathered steel heraldic shield bearing a deep central crack mended with glowi
[1431/7413] monster Mage -> medium humanoid mage, upright bipedal posture, middle-aged human male, lined fac
[1432/7413] magic-item Handy Haversack -> worn brown leather backpack, large central vertical pouch flanked by two smaller
[1433/7413] monster Ghoulsteed -> Large skeletal warhorse, exposed ivory ribs and fractured pelvis, tightly drawn 
[1434/7413] monster Corrupted Unicorn -> large equine quadrapedal body, midnight black coat, rotting matted patches revea
[1435/7413] spell Dispel Evil and Good -> a vibrant spherical nimbus of pale gold abjuration energy tightly enwrapping a h
[1436/7413] monster Clockwork Leech -> medium-sized aquatic mechanical construct shaped like an oversized segmented lee
[1437/7413] spell Avert Evil Eye -> shimmering translucent pale blue protective barrier wrapping closely around a hu
[1438/7413] monster Liosalfar -> tall humanoid elemental body shape, large feathered wings sprouting from the bac
[1439/7413] monster Lindwurm -> massive serpentine dragon, elongated wingless reptilian body covered in dark gre
[1440/7413] monster Empyrean -> gargantuan humanoid giant with a statuesque and universally beautiful athletic p
[1441/7413] monster Scarecrow -> medium humanoid construct fashioned from weathered wooden stakes and straw bundl
[1442/7413] magic-item Sword of Wounding -> a finely crafted longsword with a dark iron crossguard shaped like gnarled briar
[1443/7413] monster Zimwi -> medium humanoid giant, muscular humanoid body shape, rough ash-grey skin mottled
[1444/7413] monster Blood Flurry -> medium-sized aberration in flight, organic aerodynamic body shape, leathery memb
[1445/7413] spell Imprisonment -> dense web of thick glowing violet magical chains wrapping tightly around an invi
[1446/7413] spell Trollish Charge -> a towering illusory entity taking the terrifying shape of a towering, multi-limb
[1447/7413] monster Tough Boss -> muscular medium humanoid with broad shoulders, thick greyish-green skin, deep sc
[1448/7413] monster Ravenfolk Doom Croaker -> medium humanoid avian creature with glossy black feathered skin, a large curved 
[1449/7413] monster Chemosit -> medium quadrupedal fiend with a gaunt hound-like body, dark ashen-grey skin stre
[1450/7413] spell Astral Step -> swirling portal of indigo and violet spatial energy, tearing open a jagged verti
[1451/7413] spell Commune with Nature -> a swirling vortex of emerald green and amber energy forming a massive transparen
[1452/7413] monster Crab -> tiny aquatic crustacea beast, low squat rounded body encased in a hard mottled b
[1453/7413] spell Arcane Epistle -> a floating sheet of heavy parchment glowing with faint violet runes, hovering in
[1454/7413] monster Uridimmu -> massive muscular human torso seamlessly fused with the body and four legs of a g
[1455/7413] spell Mass Heal -> a massive, blindingly bright white sphere of restorative energy expanding outwar
[1456/7413] monster Dancing Foliage -> medium plant creature, upright noble humanoid posture, body formed entirely of d
[1457/7413] spell Cinder Flesh -> a straight narrow lance of searing white-hot flame and crackling crimson lightni
[1458/7413] monster Horned Devil -> large humanoid fiend in flight, tall ogre-sized muscular physique, sheathed in i
[1459/7413] spell True Polymorph -> swirling vortex of transmutation magic, shifting ribbon-like strands of iridesce
[1460/7413] monster Commoner Mob -> A huge amorphous humanoid mass composed of dozens of tightly packed men and wome
[1461/7413] subclass Storm Domain -> a dark blue triangular heraldic shield bearing a raised metallic silver emblem o
[1462/7413] magic-item Bidding Bones, 3 charges -> a pair of weathered graying deer rib bones cut to equal lengths for percussion, 
[1463/7413] magic-item Oil of Numbing -> small stoppered glass vial with a thick neck, filled with a viscous translucent 
[1464/7413] monster Song Angel -> large humanoid celestial hovering in midair with a powerful and majestic posture
[1465/7413] spell Fly -> glowing azure energy wrapping tightly around the torso and limbs, forming swirli
[1466/7413] monster Gnome -> humanoid creature standing slightly over three feet tall, tan face with a broad 
[1467/7413] spell Cure Wounds -> golden healing energy manifesting as a dense, shimmering aura of warm light wrap
[1468/7413] monster Saber-Toothed Tiger -> massive muscular quadrupedal feline beast, thick golden-orange fur with faint da
[1469/7413] monster Lobe Lemur -> small quadrupedal mammalian body, sleek water-repellent gray fur with pale cream
[1470/7413] monster Death Dog -> medium monstrous canine quadruped with two distinct heads sharing one thick musc
[1471/7413] monster Golmana -> medium bipedal fiend with dark crimson skin, hunched muscular posture, elongated
[1472/7413] spell Word of Recall -> swirling vortex of pale golden astral energy, dense clouds of luminescent turquo
[1473/7413] monster Zoog -> tiny aberrant quadrupedal mammalian creature, hunched posture, grey rubbery skin
[1474/7413] monster Tricenatorus -> huge quadrupedal monstrosity with a massive bulk resembling an armored rhinocero
[1475/7413] monster Dream Wraith -> medium undead humanoid torso with tattered dark grey shroud-like lower body, hov
[1476/7413] monster Glass Golem -> small humanoid construct formed entirely of jagged, translucent blue-tinted glas
[1477/7413] spell By the Light of the Watchful Moon -> multiple vertical cylindrical shafts of bright silvery white moonlight five feet
[1478/7413] monster Ancient White Dragon -> gargantuan serpentine white dragon in powerful mid-air flight, immense wings spa
[1479/7413] monster Korrigan -> small fey humanoid standing three feet tall, slender proportions, weathered grey
[1480/7413] monster Fungi, Duskwilt -> small rounded fungal body, spongy dark grey cap mottled with deep indigo spots, 
[1481/7413] magic-item Serpent Staff -> long staff fashioned from pale twisted ash wood, polished surface showing distin
[1482/7413] spell Healing Grace -> a shimmering veil of pale golden light coalescing around a humanoid silhouette, 
[1483/7413] magic-item Scarab of Rebirth -> coin-sized carved figurine of a beetle, unidentifiable matte blue-gray metallic 
[1484/7413] monster Boar -> stocky quadrupedal mammalian beast, muscular medium-sized body covered in coarse
[1485/7413] spell Mental Tripwire -> subtle web of faint violet magical threads stretched tightly across a narrow cor
[1486/7413] monster Giant Seahorse -> massive aquatic beast shaped like a colossal seahorse, long curled tail with seg
[1487/7413] feat Paladin's Smite -> a rigid metallic kite shield bearing a raised central heraldic sunburst emblem, 
[1488/7413] magic-item Efficient Quiver -> cylindrical leather quiver made of dark brown supple hide, reinforced with brass
[1489/7413] magic-item Manual of Golems -> heavy thick tome bound in dark iron plates, embossed with arcane symbols of crea
[1490/7413] monster J'ba Fofi Spider -> massive eight-legged arachnid with a mottled brown and dark green hairy carapace
[1491/7413] spell Ashen Memories -> a swirling dense cloud of grey soot and dark charcoal embers rising in a vertica
[1492/7413] magic-item Vicious Weapon -> one-handed longsword, polished dark steel blade with a jagged crimson fuller run
[1493/7413] monster Red Hag -> stooped human-shaped fey woman of medium size, emaciated physical proportions, l
[1494/7413] monster Carrion Beetle -> large massive beetle with a thick segmented chitinous carapace caked completely 
[1495/7413] monster Windy Wailer -> large skeletal undead humanoid floating above the ground with tattered gray buri
[1496/7413] monster Veteran -> human veteran warrior, medium humanoid build, heavily muscled posture, scarred w
[1497/7413] magic-item Potion of Bad Taste -> small thick glass flask containing a turbid dark brown sludge, cork stopper seal
[1498/7413] feat Fear Breaker -> a brass-bound steel shield split down its center by a jagged vertical fracture, 
[1499/7413] spell Heart of Dis -> humanoid chest cavity opened wide in a vertical jagged tear, exposing a floating
[1500/7413] species Minotaur -> towering barrel-chested humanoid with the head of a bull, massive curving horns 
[1501/7413] monster Clockwork Armadillo -> small quadrupedal mechanical construct resembling an armadillo, tightly interloc
[1502/7413] monster Black Dragon -> massive reptilian quadruped with a heavy low-slung body, thick dull black scales
[1503/7413] magic-item Last Breath, shortsword, d8 damage, 1 charge -> a straight single-edged steel shortsword with a slender tapered blade of dull gr
[1504/7413] spell Spiritual Weapon -> floating translucent warhammer forged from pale blue glowing energy, semi-transp
[1505/7413] monster Great White Shark -> massive torpedo-shaped marine predator, twenty feet in length, powerful crescent
[1506/7413] monster Cloud Giant -> enormous humanoid giant, imposing muscular build, very light pale skin, long flo
[1507/7413] spell Babble -> a swirling cascade of translucent, multicolored phonetic symbols and fragmented 
[1508/7413] feat Well-Heeled -> gilded heraldic shield emblazoned with a winged boot and a dagger crossed with a
[1509/7413] monster Young Cave Dragon -> massive quadrupedal reptilian dragon with a heavily muscled serpentine body cove
[1510/7413] monster Scarecrow Harvester -> Medium humanoid construct formed from rotting straw, withered cornstalks, and sp
[1511/7413] feat Jack of All Trades -> a circular heraldic shield divided into four alternating quadrants of crimson an
[1512/7413] monster Sharkjaw Skeleton -> large skeletal bipedal humanoid skeleton constructed entirely from bleached whit
[1513/7413] spell Ectoplasm -> medium-sized humanoid-shaped mass of translucent pale green goo, undulating visc
[1514/7413] monster Hydra -> massive reptilian crocodilian body, dark green scales, five long serpentine neck
[1515/7413] spell Incorporeal Shrug -> translucent spectral humanoid silhouette composed of swirling pale violet mist a
[1516/7413] monster Ambush Hag -> medium fey humanoid, gaunt and twisted body shape, hunched posture, leathery gre
[1517/7413] monster Mei Jiao Shou -> gargantuan quadrupedal beast, massive muscular body covered in thick coarse dark
[1518/7413] monster Boar, Giant -> massive quadrupedal mammalian body shape, eight feet long, thick coarse bristly 
[1519/7413] spell Major Image -> a shifting, full-sized phantom duplicate composed entirely of semi-translucent, 
[1520/7413] monster Chimera -> large quadrupedal monstrosity with the hindquarters of a hairy goat including cl
[1521/7413] monster Troll -> hunched emaciated humanoid giant standing nine feet tall with extremely long dis
[1522/7413] magic-item Manual of the Mighty -> three large, ancient volumes stacked together, worn heavy covers of battered dar
[1523/7413] monster Blink Dog -> medium-sized canine beast with golden-brown fur, a lean muscular body, a long sl
[1524/7413] magic-item Rod of Icicles -> white crystalline rod shaped like an elongated icicle, jagged pointed ends, tran
[1525/7413] spell Locate Red Portal -> a vertical swirling tear in the air outlined in glowing crimson light, revealing
[1526/7413] monster Emerald Order Cult Leader -> medium humanoid standing in an imposing posture, tightly fitted dark leather arm
[1527/7413] monster Lycanthrope, Wereotter -> medium humanoid hybrid in a bipedal aquatic posture with a sleek elongated otter
[1528/7413] spell Vengeful Panopy of the Ley Line Ignited -> A human-shaped silhouette completely composed of dense, swirling amber-gold and 
[1529/7413] monster Sootwing -> small quadrupedal mammalian beast in mid-flight with a compact torso, short soot
[1530/7413] feat Mounted Warrior -> heraldic escutcheon divided per pale, dexter side displaying a charging knight i
[1531/7413] spell Soul Transfer -> translucent semi-transparent human-shaped spirit form composed of shifting wispy
[1532/7413] magic-item Splinter Staff -> rough quarterstaff of splintered dark wood, uneven surface featuring deep vertic
[1533/7413] spell Starry Wisp -> a single glowing mote of bright stellar light, compact spherical concentration o
[1534/7413] spell Time in a Bottle -> spherical containment field twenty feet in radius, swirling vortex of translucen
[1535/7413] background Gambler -> a human man with a confident smirk, short slicked-back dark hair, wearing a loos
[1536/7413] background Dungeon Robber -> human rogue with a cunning and alert demeanor, wearing dark gray leather armor r
[1537/7413] spell Irresistible Dance -> swirling vortex of violet and gold musical notes, dancing and leaping in a frant
[1538/7413] monster Young Cave Dragon -> large quadrupedal reptilian dragon body, heavily muscled and stoutly proportione
[1539/7413] monster Roachling Lord -> small humanoid roachling lord with chitinous segmented brown exoskeleton plates 
[1540/7413] monster Mordant Snare -> gargantuan burrowing aberration with a massive segmented serpentine body covered
[1541/7413] monster Homunculus -> tiny constructed humanoid figure, squirrel-sized body sculpted from hardened dar
[1542/7413] monster Animated Offal -> Huge sentient mass of rotting entrails and decaying viscera, undulating amorphou
[1543/7413] monster Dark Father -> large undead humanoid body shape, hovering slightly above the ground, tattered c
[1544/7413] monster Purple Worm -> gargantuan segmented segmented cylindrical body covered in deep purple chitinous
[1545/7413] feat Stroke of Luck -> a metallic heraldic shield embossed with a polished gold four-leaf clover at its
[1546/7413] monster Coven Sea Hag -> haggard humanoid female of medium height with a gaunt and twisted posture, water
[1547/7413] spell Dragon's Breath -> a dense swirling cone of crackling elemental energy surging outward from an unse
[1548/7413] magic-item Sponge Army, 1 use -> a dozen miniature humanoid soldier figurines carved from porous, tan and pale ye
[1549/7413] monster Wererat -> medium humanoid in hybrid lycanthropic form, wiry and twitchy muscular frame cov
[1550/7413] spell Carmello-Volta’s Irksome Preserves -> thick viscous ruby-red fruit jam oozing steadily from the intricate metal seams 
[1551/7413] monster Treacle -> tiny formless blob of viscous translucent amber goo, gelatinous consistency with
[1552/7413] subspecies Trollkin Heritage -> humanoid of rugged, massive stature with thick, powerful muscle mass, coarse ski
[1553/7413] monster Huli Jing -> medium fey creature shaped like an elegant vixen with pristine snow-white fur co
[1554/7413] background Beast Handler -> rugged human person standing with a firm posture and a weathered, calloused visa
[1555/7413] monster Rotting Wind -> large skeletal humanoid undead covered in tattered gray burial shrouds, emaciate
[1556/7413] feat Eldritch Mind -> a circular heraldic shield bearing a centered golden human brain in profile, thr
[1557/7413] monster Thug -> medium human male thug with a brutish build, a scarred and angular face, short u
[1558/7413] monster Fell Nightmare -> massive equine fiend with sleek pitch-black hide, immense leathery bat-like wing
[1559/7413] monster Phase Monster -> large quadrupedal monstrosity in flight, bulky muscular mammalian body covered i
[1560/7413] magic-item Living Juggernaut -> broad and bulky full suit of steel plate armor, dark iron metal surface etched w
[1561/7413] monster Thin Giant -> massive towering humanoid giant, exceptionally emaciated skeletal frame with tau
[1562/7413] feat Deadeye -> a circular metal heraldic shield bearing a centered relief emblem of a single un
[1563/7413] monster Djinn -> towering elemental humanoid with skin the color of a stormy sky, massive muscula
[1564/7413] magic-item Gloves of the Walking Shade -> a pair of very rare magical hand ornaments, each piece consisting of three polis
[1565/7413] magic-item Grave Ward Ring Mail -> set of ring mail armor crafted from dark blackened steel interlinked rings, embe
[1566/7413] magic-item Lifeblood Gear -> tiny five-toothed mechanical gear, forged from polished bronze, engraved with in
[1567/7413] spell Detect Magic -> translucent shimmering spherical ripple expanding outward in concentric expandin
[1568/7413] monster Owlbear -> huge bearlike body covered in a thick shaggy coat of brown feathers, large power
[1569/7413] monster Skitterhaunt -> large amorphous mass of translucent grey slime, shifting viscous body shape, int
[1570/7413] monster Crocodile, Giant -> massive aquatic reptile, thirty feet in length, immense heavy-set body with a br
[1571/7413] spell Reaper's Knell -> a spherical shockwave of churning dark violet and ashen gray energy expanding ou
[1572/7413] magic-item Gale Javelin -> metallic spear with a slender straight wooden shaft tipped by a polished steel s
[1573/7413] monster Cipactli -> massive amphibious reptilian fiend with a crocodilian body shape, dark scaly hid
[1574/7413] monster Firebird -> small avian body shape, slender graceful proportions, blazing crimson and orange
[1575/7413] magic-item Bloodfuel Greataxe -> massive greataxe forged from blackened iron, wide curved double-bitted head with
[1576/7413] monster Knight -> medium humanoid knight standing in a resolute posture clad in polished steel pla
[1577/7413] monster Lamassu -> massive celestial creature with the muscular body of a white-furred lion, four t
[1578/7413] monster Demon, Maha -> humanoid fiendish body, medium height, muscular build, charcoal-gray skin stretc
[1579/7413] monster Far Wanderer -> medium humanoid aberration with a slender distorted torso, elongated limbs endin
[1580/7413] feat Heavy Armor Master -> a massive heraldic shield emblem forged from thick overlapping plates of dull br
[1581/7413] spell Geas -> floating emerald green magical glyph, intricate glowing runic circle rotating ve
[1582/7413] spell Magnificent Mansion -> a glowing vertical rectangular portal five feet wide and ten feet tall shimmerin
[1583/7413] magic-item Pavilion of Dreams -> a foot-long rectangular wooden box six inches wide and six inches deep, construc
[1584/7413] spell Nightfall -> dense churning cylinder of absolute darkness, thirty-foot radius and one hundred
[1585/7413] monster Ancient Silver Dragon -> gargantuan quadrupedal dragon with massive feathered wings spanning hundreds of 
[1586/7413] monster Crocodile -> massive elongated reptilian body, thick armored skin covered in overlapping bony
[1587/7413] magic-item Blood-Soaked Hide -> A coarse animal hide cloak fashioned from thick leather, dyed a deep bruised pur
[1588/7413] monster Adult Flame Dragon -> huge quadrupedal reptilian dragon body, thick scarlet-red scales covering the en
[1589/7413] spell Conjure Animals -> a swirling mass of translucent golden-amber spirit energy shaped into a pack of 
[1590/7413] spell Protection from Evil and Good -> a shimmering circular barrier of pale gold energy enveloping a space, composed o
[1591/7413] spell Glibness -> an undulating aura of deep indigo and gold transmutation energy swirling in a de
[1592/7413] monster Xenabsorber -> Medium aberration, amorphous blob-like body of translucent purple gelatinous fle
[1593/7413] magic-item Staff of Scrying -> graceful slender long willow wood shaft with a smooth polished golden-brown surf
[1594/7413] magic-item Honeypot of Awakening -> stout earthenware pot, bulbous ceramic body, wide flat rim, thick circular base,
[1595/7413] monster Adult Mithral Dragon -> huge quadrupedal metallic dragon in flight with sweeping wings, lustrous bright 
[1596/7413] monster Air Elemental -> massive funneling cloud of whirling white and gray air, towering ten feet tall, 
[1597/7413] monster Purple Worm -> gargantuan segmented cylindrical body with thick purple skin, caked with dry bro
[1598/7413] monster Young Spinosaurus -> quadrupedal bipedal dinosaur with a long muscular tail, massive elongated crocod
[1599/7413] monster Brumalek -> small quadrupedal burrowing beast, compact body covered in caked dry earth and j
[1600/7413] monster Zmey Headling -> medium dragon with a serpentine aquatic body, scales of deep sea-green and dark 
[1601/7413] monster J'ba Fofi Spider -> massive eight-legged arachnid, bulky segmented body covered in dense coarse blac
[1602/7413] monster Devil, Moldering -> small hunched fiendish humanoid body, decaying gray flesh stretched taut over a 
[1603/7413] spell Cobra's Spit -> a stream of toxic emerald green venom shaped like a striking cobra, fluid undula
[1604/7413] spell Afflict Line -> a straight jagged streak of pitch-black necrotic energy crackling with microscop
[1605/7413] monster Banshee -> medium undead female elf spirit in flight, wispy translucent body, large tattere
[1606/7413] monster Iceworm -> small segmented aquatic worm-like monstrosity, slender elongated body covered in
[1607/7413] spell Reassemble -> a vortex of crackling, violet flames tightly coiling and swirling in a dense sph
[1608/7413] monster Fate Eater -> medium aberration with a segmented chitinous exoskeleton in shades of deep charc
[1609/7413] magic-item Bracers of Archery -> pair of thick cylindrical bracers crafted from dark polished leather, embossed w
[1610/7413] feat Hunter's Strategy -> a circular heraldic iron medallion depicting a curved hunting bow crossed behind
[1611/7413] spell Heroism -> vibrant golden aura enveloping a humanoid silhouette, a radiant corona of warm a
[1612/7413] spell Starry Vision -> a swirling cluster of pale silver points of light connected by thin glowing line
[1613/7413] spell Wind Tunnel -> a straight sixty-foot-long cylindrical corridor of violently spinning air, a hol
[1614/7413] spell Solar Portal -> a circular vertical tear in space, five feet in diameter, framed by jagged edges
[1615/7413] spell Pestilence -> a roiling dense cloud of black beetles, bloated green blowflies, and barbed mosq
[1616/7413] spell Open Red Portal -> circular tear in reality, three meters in diameter, ragged burning crimson edges
[1617/7413] monster Pixie's Umbrella -> small sentient plant creature, standing two feet tall with a slender green stalk
[1618/7413] magic-item Bloodfuel Handaxe -> single-bitted handaxe with a curved iron blade darkened to a deep charcoal hue, 
[1619/7413] magic-item Bloodthirsty Shortsword -> a steel shortsword with a straight double-edged blade, long branching fuller cha
[1620/7413] spell Altered Strike -> A melee strike manifesting as a transient transmutation magic effect, a weapon o
[1621/7413] monster Compsognathus -> tiny bipedal dinosaur with slender body and long balanced tail, scaled skin colo
[1622/7413] magic-item Flame Tongue -> single-edged longsword with a polished steel blade, a dark leather-wrapped grip,
[1623/7413] monster Nalfeshnee -> huge corpulent demon standing twice human height with a bloated ape-like body, o
[1624/7413] monster Tophet -> huge towering humanoid construct, body formed from massive interlocking iron pla
[1625/7413] feat Empowered Evocation -> a heraldic metal shield bearing a central charge of a clenched gauntlet surround
[1626/7413] monster Panther -> medium feline quadruped with sleek jet black fur, muscular and slender body shap
[1627/7413] monster Alabroza, Bloodfiend -> small winged fiend in mid-flight with a compact humanoid torso, leathery bat-lik
[1628/7413] monster Sea Dragon Wyrmling -> medium quadrupedal dragon in flight with a serpentine azure blue scaly body, a l
[1629/7413] magic-item Ring of the Water Dancer -> a thin braided ring fashioned from a single piece of purple coral, smooth and ma
[1630/7413] monster Estrie -> female humanoid spirit, slender ethereal body shape, pale translucent skin with 
[1631/7413] monster Gelatinous Cube -> ten-foot-cube-shaped mass of clear jelly, highly transparent and nearly invisibl
[1632/7413] subclass Way of the Wildcat -> A circular bronze heraldic medallion featuring the raised profile of a snarling 
[1633/7413] monster Ancient Silver Dragon -> gargantuan quadrupedal dragon with massive feathered wings spanning hundreds of 
[1634/7413] magic-item Rod of Conveyance -> Straight slender cylindrical rod made of dark polished hardwood, the top end cap
[1635/7413] monster Akaasit -> medium construct humanoid figure, carved entirely from dark basalt stone, angula
[1636/7413] monster Fire Elemental -> large towering humanoid shape composed entirely of wild moving orange and red fl
[1637/7413] monster Devil Bough -> huge monstrous plant fiend, massive gnarled deadwood trunk body, dense mass of t
[1638/7413] monster Earth Elemental -> massive humanoid bipedal mass of rough brown dirt and jagged grey stone, walking
[1639/7413] background Noble -> human noble wearing a heavy velvet doublet of deep crimson with intricate gold e
[1640/7413] monster Gypsosphinx -> large monstrous quadrupedal creature in mid-flight, muscular vulture body covere
[1641/7413] monster Horakh -> medium monstrosity creature with a muscular and humanoid physique, thick leather
[1642/7413] monster Voidpool -> large amorphous viscous pool of absolute black substance, surface swirling with 
[1643/7413] monster Foxfire Ooze -> large amorphous blob of translucent pale blue gel, hovering above the ground, tw
[1644/7413] spell Mirage Arcane -> shimmering wave-like distortion of warm air, a vast square area of semi-transpar
[1645/7413] spell Psychokinesis -> a shifting zone of distorted air, swirling semi-transparent purple shockwaves ri
[1646/7413] spell Calculate -> intricate geometric diagrams of burning turquoise light materializing in midair,
[1647/7413] spell Animal Friendship -> vibrant emerald green and soft golden magical energy particles swirling in a gen
[1648/7413] monster Zombie -> medium humanoid undead corpse, gray water-bloated skin, patches of putrefying fl
[1649/7413] magic-item Bag of Tricks (Rust) -> a small fabric pouch weighing one half pound, constructed from stiff rust-colore
[1650/7413] magic-item Bloodthirsty Morningstar -> heavy iron morningstar, spherical metal head covered in sharp pyramidal spikes, 
[1651/7413] monster Young Sapphire Dragon -> large quadrupedal dragon with an elongated serpentine body covered in multi-face
[1652/7413] spell Hedren’s Birds of Clay -> a swarm of small avian sculptures fashioned from raw grey clay, perfectly bird-s
[1653/7413] magic-item Scimitar of the Desert Winds -> curved single-edged steel blade polished to a mirror shine, intricate silver fil
[1654/7413] spell Telepathic Bond -> a complex web of glowing violet and electric blue threads of pure energy spannin
[1655/7413] feat Defensive Duelist -> an engraved circular steel shield emblem, a crossed rapier and longsword positio
[1656/7413] monster Giant Albino Bat -> massive mammalian quadruped with leathery white wing membranes spanning twenty f
[1657/7413] magic-item Phoenix Ember -> egg-shaped stone, matte obsidian-black base surface infused with deep crimson an
[1658/7413] spell Magic Mouth -> a disembodied human mouth manifesting upon the surface of an inanimate object, c
[1659/7413] monster Iron Golem -> massive towering giant wrought of heavy dark iron plates fashioned to look like 
[1660/7413] spell Void Rift -> a ten-foot-radius spherical tear in empty space revealing absolute nothingness, 
[1661/7413] monster Abominable Beauty -> medium fey creature with a humanoid feminine silhouette, pale ashen skin, elonga
[1662/7413] monster Spark -> tiny elemental creature hovering in midair, globular body composed of crackling 
[1663/7413] magic-item Chamrosh Salve -> three-inch-diameter spherical ceramic jar, smooth and glossy gold-white surface 
[1664/7413] spell Otherworldly Gate -> A jagged vertical tear in reality, six feet tall and three feet wide, revealing 
[1665/7413] monster Bone Crab -> small crustacean monster with a carapace constructed entirely from interlocking 
[1666/7413] monster Erinyes -> tall humanoid female fiend with a statuesque muscular build, pale skin, large fe
[1667/7413] spell Arcane Muscles -> dense crackling violet energy wrapping around and engulfing human arms, thick pu
[1668/7413] magic-item Tupshead Crown, +1 Armor, _bulky_ -> a bulky medieval helm crafted from dense, pale alpine oak carved into the realis
[1669/7413] monster Gnoll Pack Leader -> muscular medium humanoid hyena-like beast standing in an aggressive forward-lean
[1670/7413] spell Stone Shape -> a thick swirl of dense mineral dust and glowing ochre transmutation energy wrapp
[1671/7413] monster Kelp Drake -> medium aquatic dragon with a serpentine body, olive-green scales tangled in hang
[1672/7413] monster Young Bronze Dragon -> large quadrupedal reptilian body, broad chest, long thick tail, heavy wings with
[1673/7413] monster Fire Giant -> massive humanoid giant standing eighteen feet tall, coal black skin resembling c
[1674/7413] monster Ancient Gold Dragon -> gargantuan quadrupedal dragon with massive feathered wings spanning hundreds of 
[1675/7413] monster Adult Sea Dragon -> huge serpentine draconic body covered in overlapping dark blue-green scales, wid
[1676/7413] monster Azer -> medium humanoid elemental resembling a male dwarf sculpted from metallic bronze,
[1677/7413] monster Xanka -> small magical construct shaped like a humanoid figure, carved from pale weathere
[1678/7413] magic-item Rod of the Disciplinarian -> a straight cylindrical rod of deep black lacquered wood, banded at regular inter
[1679/7413] monster Ghoul, Imperial -> emaciated humanoid undead corpse with gray rotting flesh caked in thick crusts o
[1680/7413] spell Forbiddance -> a boundary of heavy golden and violet light forming a vast translucent hemispher
[1681/7413] magic-item Snail Boots -> pale leather knee-high boots, smooth matte surface, reinforced stitching, thick 
[1682/7413] monster Huecambra -> massive aquatic monstrosity with a serpentine serpentine body and heavily finned
[1683/7413] monster Copper Dragon Wyrmling -> medium-sized quadrupedal dragon with fine metallic copper scales covering its sl
[1684/7413] monster Minotaur Skeleton -> large skeletal minotaur with towering humanoid proportions, broad ribcage, and a
[1685/7413] monster High Priest -> medium humanoid standing upright in a rigid posture, wearing long flowing ceremo
[1686/7413] monster Young Brass Dragon -> large quadrupedal reptilian dragon body, warm polished brass colored metallic sc
[1687/7413] spell Innocuous Aspect -> a swirling distortion of translucent violet energy and shifting hazy particles, 
[1688/7413] monster Demon, Inciter -> medium humanoid fiend with a gaunt muscular torso, dark crimson skin, large leat
[1689/7413] magic-item Ring of X-ray Vision -> a small, delicate band forged from polished white bone, carved from a single pie
[1690/7413] magic-item Tenebrous Flail of Screams -> a heavy weapon handle carved from pale mammoth bone tightly wrapped in black lea
[1691/7413] monster Hinn -> massive hulking elemental of compacted stone and soil, large powerful body coate
[1692/7413] monster Snow Terror -> large muscular fiend with jagged obsidian horns curving backward from a heavy br
[1693/7413] magic-item Coral of Enchanted Colors -> dead white brain coral fragment, heavily convoluted hemispherical shape, dense n
[1694/7413] spell Encrypt / Decrypt -> a flat sheet of parchment paper, intricate black ink calligraphy lines shifting 
[1695/7413] spell Summon Old One's Avatar -> a towering humanoid avatar composed of absolute void and starless night, faceles
[1696/7413] monster Shockwing -> small quadrupedal beast in mid-flight, leathery bat-like wings outstretched from
[1697/7413] monster Kirikari -> huge aquatic monstrosity with a serpentine body, dark blue scaly hide, a massive
[1698/7413] spell Blade of Wrath -> magical longsword weapon forged entirely of brilliant white fire, pure flame sha
[1699/7413] magic-item Primordial Scale -> suit of scale mail armor fashioned from broad, interlocking subterranean beast s
[1700/7413] monster Field Commander -> medium humanoid creature with heavily muscled proportions, scarred grey skin str
[1701/7413] monster Tiger -> massive quadrupedal feline body, dense tawny-orange fur marked by vertical black
[1702/7413] monster Frost Elf -> tall slender humanoid, pale ice-blue skin, stark white hair falling in straight 
[1703/7413] monster Bugbear Stalker -> hunchbacked muscular medium humanoid standing in a stealthy crouching posture, c
[1704/7413] spell Arcanist's Sword -> a glowing translucent blade-shaped plane of pure force hovering in midair, disti
[1705/7413] magic-item Torc of the Comet -> rigid heavy silver neck ring formed from a continuous band of polished metal, on
[1706/7413] magic-item Blasphemous Writ -> rolled vellum scroll made of yellowed dried hide, bound with a blackened iron wi
[1707/7413] monster Efreeti Noble -> muscular human-shaped elemental towering twelve feet tall with crimson skin the 
[1708/7413] magic-item Moonpearl Talisman, 3 Charges -> A polished silver medallion shaped like a crescent moon, embedded with three smo
[1709/7413] feat Tough -> A heraldic shield emblem featuring a massive, cracked adamantine anvil centered 
[1710/7413] magic-item Rod of the Jester -> wooden rod, polished pale hickory shaft, brightly colored silk scarves tied in k
[1711/7413] spell Arcane Lock -> shimmering violet geometric runes interlaced with intricate glowing azure thread
[1712/7413] monster Hill Giant -> massive humanoid giant standing sixteen feet tall with a thick, heavy-set body a
[1713/7413] monster Cueyatl Warchief -> small aquatic humanoid amphibian standing with a hunched predatory posture, dark
[1714/7413] magic-item Bloodthirsty Sickle -> a curved sickle made of dark, pitted iron, featuring a deep, sickle-shaped blade
[1715/7413] spell Anti-Magic Globe -> A thin translucent sphere of shimmering violet force hovering above the ground, 
[1716/7413] spell Runic Harm -> A glowing violet sigil carved into a flat stone surface, composed of jagged inte
[1717/7413] magic-item Murder Minion, dagger, d6 damage, 1 charge. -> short steel dagger, narrow double-edged blade with dark crimson bloodstain dried
[1718/7413] spell Rotting Corpse -> a freshly deceased humanoid corpse lying flat on the ground, pale gray decaying 
[1719/7413] monster Fallen Planetar -> towering humanoid celestial in flight with massive tattered feathered wings span
[1720/7413] monster Emerald Eye -> tiny magical construct shaped like a hovering mechanical eye, spherical metallic
[1721/7413] magic-item Oni Mask -> ceramic mask shaped into the fearsome visage of an ogre-like oni, pale bone-whit
[1722/7413] magic-item Veilsilk Grip, 1 charge, _petty_ -> a fitted leather glove made of shimmering grey fabric woven from ethereal spider
[1723/7413] magic-item Ring of Three Wishes -> thick band of pale platinum metal, polished smooth with a heavy rounded profile,
[1724/7413] spell Shadow Blindness -> swirling dense pitch-black smoke wrapping tightly around a pair of glowing eyes,
[1725/7413] monster Dwarf, Pike Guard -> medium humanoid dwarf, muscular stocky build, broad shoulders, weathered leather
[1726/7413] feat Sentinel -> solid iron circular shield bearing the raised relief of a broadsword crossed wit
[1727/7413] magic-item Maiden's Tears -> tall slender glass bottle with a tapered neck and a heavy flat circular base, fi
[1728/7413] monster Trollkin Ironmonger -> muscular medium humanoid figure with mottled grey skin, broad shoulders, massive
[1729/7413] magic-item Brazen Bulwark -> rectangular shield, heavy brass plates covering the front surface, raised metall
[1730/7413] magic-item Iceblink Shortsword -> a shortsword with a slender, double-edged blade forged from pale silver-blue ste
[1731/7413] spell Bottomless Stomach -> transmutation magic manifests as a swirling indigo vortex of distorted space cen
[1732/7413] spell Seeming -> a shifting humanoid phantom composed of swirling translucent grey mist and faint
[1733/7413] monster Darkmantle -> small squid-like monstrosity with a bulbous mottled gray body resembling a rough
[1734/7413] monster Mountain Giant -> gargantuan humanoid giant, towering heavily muscled physique, jagged weathered g
[1735/7413] feat Blind Fighting -> a metallic heraldic shield embossed with a stylized blindfolded human eye at its
[1736/7413] monster Gibbering Mouther -> amorphous blob-like mass of translucent flesh, composed of numerous fused human 
[1737/7413] spell Aspect of the Serpent -> transmutation magic manifestation composed of writhing emerald green energy shap
[1738/7413] monster Miremuck Goblin King -> medium humanoid creature with leathery grey-green skin, a hunched posture, large
[1739/7413] monster Catscratch -> huge aberration with a bloated multi-jointed body, leathery hide mottled in shad
[1740/7413] monster Phase Spider -> large monstrous arachnid, massive bulbous abdomen, eight long segmented legs wit
[1741/7413] magic-item Rod of Security -> finely crafted tapered metal scepter, polished steel and platinum alloy, intrica
[1742/7413] spell Revivify -> a dense sphere of pale golden light coalescing directly above a lifeless target 
[1743/7413] spell Butterfly Effect -> a dense swarming cloud of hundreds of illusory butterflies with intricate neon-b
[1744/7413] monster Dragonbound Warrior -> medium humanoid warrior with scaled metallic bronze skin covering its muscular p
[1745/7413] monster Sand Hag -> medium humanoid fey, withered skeletal frame, tightly stretched parchment-like g
[1746/7413] spell Cure Wounds -> swirling sphere of emerald green restorative energy, coruscating ribbons of tran
[1747/7413] monster Minstrel -> medium humanoid figure with lean proportions, angular facial features, pale skin
[1748/7413] magic-item Ring of Arcane Adjustment -> stylized silver ring, polished sterling metal band, smooth rounded profile, intr
[1749/7413] spell Regenerate -> transmutation magic manifesting as a dense sphere of emerald green energy pulsat
[1750/7413] spell Scribe -> A cloud of semi-transparent golden geometric runes and flowing script characters
[1751/7413] magic-item Tick Stop Watch -> antique silver pocket watch, circular metallic casing engraved with intricate me
[1752/7413] spell Mud Pack -> a thick layer of heavy dark brown and grey earth coating a humanoid body shape, 
[1753/7413] magic-item Vinegar of sour moods, 4 uses -> a dusty glass bottle with a slightly bulbous body and a short narrow neck, seale
[1754/7413] monster Chimera -> large monstrous quadruped in mid-flight, hindquarters of a large shaggy goat wit
[1755/7413] subclass Circle of the Many -> heraldic shield shape displaying a stylized cluster of multiple interconnected f
[1756/7413] monster Gray Orc -> medium humanoid with a muscular and stooped body shape, thick ash-gray skin enti
[1757/7413] monster Myling -> small humanoid undead child, hunched posture, skeletal and emaciated body shape,
[1758/7413] spell Reject Unlife -> dense cloud of jagged indigo static electricity, branching violet lightning tend
[1759/7413] magic-item Hand of Glory -> severed human left hand, mummified, shriveled, dark brown leathered skin, tightl
[1760/7413] spell Wall of Time -> a massive vertical barrier constructed of stacked translucent crystalline blocks
[1761/7413] spell Unflappable Endurance -> translucent pale golden aura enveloping a humanoid body, faint steady shimmering
[1762/7413] spell Thunderstorm -> dense churning charcoal-gray storm cloud thirty feet in diameter, roiling in a r
[1763/7413] monster Thread-Bound Constrictor Snake -> huge serpentine construct composed of countless tightly wound multicolored threa
[1764/7413] monster Xhkarsh -> Massive bulbous aberration with a bloated purplish flesh body, numerous writhing
[1765/7413] spell Command -> a dense sphere of swirling cerulean energy text composed of ancient linguistic g
[1766/7413] magic-item Rod of Underworld Navigation -> finely carved dark stone rod, inlaid with intricate geometric patterns of gleami
[1767/7413] monster Corpse Thief -> medium humanoid body shape, gaunt and skeletal frame, ash-gray skin pulled tight
[1768/7413] monster Winter Wolf -> huge quadrupedal arctic wolf, massive muscular wolf build, thick snow-white fur 
[1769/7413] monster Bat -> tiny airborne mammal, elongated body covered in short brown fur, delicate leathe
[1770/7413] subclass Mercy Domain -> A metal heraldic shield embossed with a central open palm surrounded by stylized
[1771/7413] monster Gorgon -> massive quadrupedal monstrosity shaped like a heavy bull, covered entirely in in
[1772/7413] magic-item Molten Hellfire Scale Mail -> dark crimson scale mail forged from overlapping metallic plates edged with sharp
[1773/7413] magic-item Survival Knife -> sturdy steel utility knife with a thick fixed blade, a dull gray metal finish, a
[1774/7413] monster Rum Gremlin -> tiny hunchbacked fey humanoid with blue-grey damp skin, oversized webbed hands a
[1775/7413] monster Deep Drake -> large quadrupedal reptilian dragon in flight, heavy muscular body covered in dar
[1776/7413] monster Chill Haunt -> medium undead humanoid torso fused with swirling pale blue mist, skeletal ribcag
[1777/7413] spell Hoodwink Monster -> translucent lavender energy tendrils, circular glowing pink rune ring hovering h
[1778/7413] monster Tormented Qiqirn -> large humanoid fiend, hulking muscular frame, coarse bristly dark brown fur cove
[1779/7413] spell Fire Bolt -> a dense concentrated bolt of searing orange and yellow flame hurtling forward, a
[1780/7413] monster Zeitgeist -> translucent medium humanoid figure composed of swirling grey mist and shifting t
[1781/7413] magic-item Medal of Valor -> heavy circular bronze medallion, polished golden metallic surface, raised border
[1782/7413] magic-item Rod of Blade Bending -> straight cylindrical iron shaft, dark forged metal surface, heavy flanged mace h
[1783/7413] spell Curse of Boreas -> a thick sheet of frost crawling rapidly across a humanoid silhouette, jagged blu
[1784/7413] spell Dominate Person -> a swirling vortex of violet and indigo magical energy forming a dense cloud of e
[1785/7413] magic-item Undine Plate -> bright green full plate armor, metallic surface embossed with detailed raised im
[1786/7413] monster Master Assassin -> tall humanoid figure, lean muscular build, posture poised in a low crouch, midni
[1787/7413] monster Troll -> large gangling humanoid giant with rubbery moss green skin, towering hunched pos
[1788/7413] spell Cone of Flame -> a broad, expanding triangular volume of intensely bright amber and crimson fire,
[1789/7413] monster Skydancer -> medium humanoid body shape, slender athletic proportions, broad feathered wings 
[1790/7413] magic-item Dancing Floret -> two-inch-long miniature plant shaped like a humanoid, large purple blossom sitti
[1791/7413] spell Wizard's Exit -> a swirling spherical vortex of indigo energy measuring five feet in diameter, co
[1792/7413] magic-item Dust of Muffling -> a small cylindrical glass vial with a cork stopper, filled to the brim with fine
[1793/7413] monster Spectral Guardian -> medium undead humanoid figure, semi-transparent pale green ethereal form, tatter
[1794/7413] monster Adult Black Dragon -> huge quadrupedal reptilian dragon with a serpentine neck and long muscular tail,
[1795/7413] magic-item Language Pyramid -> small four-sided pyramid carved from pale tan sandstone, smooth matte stone surf
[1796/7413] spell Unleash Effigy -> animated stone statue shaped like a massive humanoid golem, solid grey granite b
[1797/7413] spell Raise Dead -> a human skeleton composed of sun-bleached white bones emerging upright from dark
[1798/7413] monster Caldera Kite -> large monstrous avian creature with a massive wingspan of leathery obsidian hide
[1799/7413] magic-item Bloodpearl Bracelet (Gold) -> flexible gold band, delicate interlocking metal links, three perfectly round dee
[1800/7413] background Crime Syndicate Member -> human male crime syndicate member standing with a watchful posture, wearing a da
[1801/7413] spell Summon Dragon -> a majestic spectral dragon formed entirely of crackling prismatic energy, manife
[1802/7413] monster Despair And Anger -> large towering celestial humanoid entity, heavy muscular physique, sprawling fea
[1803/7413] monster Scorch Drake -> large quadrupedal reptilian dragon in flight with a sweeping barbed tail, deep c
[1804/7413] magic-item Prospecting Compass -> battered circular brass casing with heavy dents and scratches along the rim, a h
[1805/7413] monster Merrow -> large aquatic monstrosity, hulking humanoid frame, sickly pale blue-green skin c
[1806/7413] magic-item Well of Many Worlds -> a fine black cloth, circular in shape, measuring six feet in diameter when fully
[1807/7413] monster Aural Hunter -> massive quadrupedal aberration with a bulky, heavy-set body and dense gray hide,
[1808/7413] spell Daylight -> A massive expanding sphere of intense golden radiance, perfectly spherical in fo
[1809/7413] subspecies White Dragonborn -> bipedal humanoid dragonborn standing seven feet tall with a powerful and muscula
[1810/7413] spell Vomit Tentacles -> distended human jaws stretched impossibly wide, dozens of thin translucent slimy
[1811/7413] monster Ancient Gold Dragon -> gargantuan serpentine quadrupedal dragon with brilliant metallic gold scales alo
[1812/7413] magic-item Brawlers teeth. -> a pair of large, pure gold front teeth, sculpted as broad, heavy incisors with s
[1813/7413] monster Akanka -> medium fey humanoid creature with an emaciated physique, taut dark gray skin str
[1814/7413] magic-item Driftglobe -> small hollow sphere of thick clear glass, perfectly spherical shape, smooth cold
[1815/7413] subclass Radiant Pikeman -> a raised heraldic shield emblazoned with a gleaming eight-pointed sunburst emble
[1816/7413] monster Insatiable Brood -> medium aberration in flight with a bloated, gelatinous torso, wide leathery wing
[1817/7413] spell Vital Mark -> a thick, dark crimson bloodstain coating the surface of a metallic object, formi
[1818/7413] monster Ogre, Rainforest -> massive humanoid giant with dark emerald-green skin patterned with mottled brown
[1819/7413] spell Corpse Puppets -> a humanoid shadow split from a caster detaching and stretching across the ground
[1820/7413] feat Pact of the Blade -> a carved heraldic shield made of dark iron, featuring an ornate glowing purple r
[1821/7413] spell Furious Hooves -> a pair of equine hooves glowing with bright orange transmutation energy, visible
[1822/7413] monster Dragonette, Barnyard -> tiny quadrupedal reptilian body, slender long tail ending in a spade-shaped tip,
[1823/7413] monster Rakshasa, Myrmidon -> humanoid fiend body shape, medium size, slender muscular build, tiger-striped fu
[1824/7413] magic-item Verses of Vengeance -> massive holy tome bound in heavy brass plates, a metal handle riveted to the bac
[1825/7413] spell Wormway -> massive gargantuan purple worm bursting upward from the subterranean earth, segm
[1826/7413] spell Create Food and Water -> a shimmering accumulation of conjured sustenance materializing on the ground, co
[1827/7413] monster Drowned Maiden -> humanoid undead female corpse swollen from water immersion, waterlogged decaying
[1828/7413] spell Tree Stride -> swirling emerald green bark particles and translucent golden botanical energy fl
[1829/7413] spell Lichsense -> a swirling vortex of pale indigo spiritual energy expanding outward in a sixty-f
[1830/7413] monster Wolf -> medium-sized quadrupeds with dense thick fur of blended grey and black, powerful
[1831/7413] magic-item Rift Orb -> three-inch diameter sphere, pitch-black polished obsidian material, completely s
[1832/7413] spell As You Were -> a thick translucent veil of pale golden necromantic energy wrapping tightly arou
[1833/7413] monster Deva -> humanoid figure of medium size with immaculate pale skin, two enormous feathered
[1834/7413] feat Athlete -> A stylized circular metal medallion featuring a high relief sculpture of a muscu
[1835/7413] feat Uncanny Dodge -> a heraldic shield divided diagonally with a silver blur transitioning into solid
[1836/7413] monster Dwarf -> stocky humanoid standing four feet tall with a broad compact muscular torso, dee
[1837/7413] spell Symbol of Resilience -> a tiny floating emblem shaped like a radiant outstretched hand, composed of dens
[1838/7413] spell Arcane Sight -> Translucent shimmering violet rings encircling human eyes, concentric geometric 
[1839/7413] monster Bilwis -> medium elemental humanoid figure, hovering slightly above the ground, dark trans
[1840/7413] monster Zmey Headling -> medium quadrupedal dragon with emerald green scales, a muscular slender serpenti
[1841/7413] spell Tongue Tied -> a sudden coiling band of pale violet energy wrapped tightly around a humanoid th
[1842/7413] monster Elvish Veteran Archer -> lean medium humanoid elven veteran archer with tall slender build, angular facia
[1843/7413] feat Cunning Action -> a circular brass heraldic shield bearing a raised metallic emblem of a dagger cr
[1844/7413] monster Wolf Reaver Dwarf -> stocky medium humanoid dwarf with braided dark grey beard and hair, heavily musc
[1845/7413] magic-item Assassin's Goblets -> pair of identical fragile crystal wine flutes, tall slender bowls tapering down 
[1846/7413] magic-item Rope of Climbing -> sixty-foot length of tightly braided white silk rope, one inch in diameter, cons
[1847/7413] monster Grim Jester -> emaciated undead humanoid skeleton of medium size, dark tattered jester motley w
[1848/7413] background Innkeeper -> stocky middle-aged human man with a friendly smiling face, cheerful crinkling gr
[1849/7413] monster Annelidast -> huge segmented annelid worm body covered in overlapping hardened chitinous plate
[1850/7413] monster Quasit -> tiny two-foot-tall green humanoid fiend, small curved horns atop its head, glowi
[1851/7413] species Halfling -> three feet tall humanoid standing in a relaxed posture, stout build weighing for
[1852/7413] spell Arcane Eye -> a hovering spherical eye, the size of a human fist, formed entirely of swirling 
[1853/7413] monster Adult Gold Dragon -> huge majestic quadrupedal dragon with massive feathered wings spanning outward, 
[1854/7413] monster Void Dragon Wyrmling -> medium dragon, hovering posture, dark shadowy scales, slender serpentine body, l
[1855/7413] feat Whirlwind Attack -> a carved stone heraldic shield featuring a circular emblem of twin curved wind s
[1856/7413] monster Stormboar -> massive quadrupedal beast, thick muscular porcine body, dark slate grey hide cov
[1857/7413] monster Mechanist -> medium humanoid figure, rigid articulated metallic torso made of interlocking br
[1858/7413] monster Astralsupial -> medium quadrupedal marsupial beast, sleek dark purple fur patterned with pale wh
[1859/7413] monster Gnyan -> large humanoid elemental formed from dense swirling earth and grey stone, massiv
[1860/7413] monster Moderate Malleable -> large amorphous aberration, shifting mass of undulating grey flesh, constantly m
[1861/7413] monster White Dragon Wyrmling -> small serpentine quadrupedal dragon, gleaming white scales frosted with packed g
[1862/7413] monster Cloudhoof Assassin -> medium quadrupedal beast resembling a wild ram, thick ash-grey wool covering its
[1863/7413] monster Bucca -> tiny fey creature in flight with delicate translucent insectoid wings, diminutiv
[1864/7413] spell Acid Arrow -> a glowing emerald green magical shaft of force shaped like an elongated fletched
[1865/7413] spell Conjure Fey -> a swirling portal of shimmering green energy, twisting ivy vines and vibrant wil
[1866/7413] feat Fiendish Resilience — Lightning -> a heavy heraldic heater shield bearing an embossed metallic emblem of a jagged e
[1867/7413] magic-item Flitterflare -> small terracotta clay amulet shaped like an abstract firefly, rounded abdomen fe
[1868/7413] spell Shocking Volley -> multiple glowing blue arrow-shaped bolts of jagged electrical energy radiating i
[1869/7413] feat Thespian -> a theatrical mask emblem carved from pale white stone, divided vertically down t
[1870/7413] spell Sneer -> translucent purple energy in the shape of a human upper lip curling upward into 
[1871/7413] monster Glacial Crawler -> huge segmented aberration body, elongated serpentine form, pale blue translucent
[1872/7413] magic-item Agile Chain Mail -> a form-fitting suit of intricately linked interlocking steel rings forming a fle
[1873/7413] monster Giant Lizard -> massive quadrupled reptilian body, low-slung heavily muscled torso, thick scaly 
[1874/7413] monster Wood Herald -> small sentient plant creature, humanoid bipedal body shape made of twisted dark 
[1875/7413] magic-item Ghost Barding Breastplate -> equine breastplate crafted from translucent blue-green spectral material, contou
[1876/7413] monster Lord of the Hunt -> tall slender humanoid fey figure, midnight blue skin, long white hair falling to
[1877/7413] magic-item Horn of Blasting -> a heavy, ancient battle horn forged from polished bronze with a tarnished green 
[1878/7413] monster Pony -> small stocky equine quadruped, compact muscular body shape, height of three to f
[1879/7413] magic-item Buckle of Blasting -> soot-colored steel belt buckle, rectangular shape with curved corners and bevele
[1880/7413] monster Werewolf -> bipedal hybrid creature blending a heavily muscled human torso with a ravening w
[1881/7413] spell Magic Missile -> three slender glowing violet darts of condensed magical force traveling simultan
[1882/7413] monster Tigebra -> large muscular quadrupedal monstrosity with the striped orange and black fur of 
[1883/7413] magic-item Hexen Blade -> sleek adamantine shortsword with a straight double-edged blade, narrow pointed t
[1884/7413] spell Pierce the Veil -> a translucent rectangular doorway outlined in glowing violet lines hovering in m
[1885/7413] monster Shimmer Seal -> medium aquatic beast with a streamlined fusiform body, thick blubbery hide cover
[1886/7413] monster Library Automaton -> small bipedal construct built of folded parchment sheets and leather bindings, j
[1887/7413] monster Barbed Devil -> tall humanoid fiend with a lean muscular build, skin covered entirely in dense s
[1888/7413] spell Dimension Door -> a sudden spatial rupture forming an oval doorway of swirling indigo mist and dis
[1889/7413] magic-item Iceblink Scimitar -> curved single-edged steel scimitar blade, pale frost-white metallic surface with
[1890/7413] magic-item Bloodfuel Crossbow Hand -> heavy-duty mechanical crossbow made of dark iron and polished bone, the main sto
[1891/7413] monster Shadow Elf Champion Warrior -> medium humanoid figure with midnight black skin, sharp angular facial features, 
[1892/7413] magic-item Gate Chalk, 1 use, _petty_ -> short thick cylindrical stick of heavy grayish-white limestone chalk, measuring 
[1893/7413] spell Beguilement -> translucent violet energy tendrils, swirling hypnotic spiral patterns of magenta
[1894/7413] spell Fire Bolt -> a streak of intense bright orange and yellow fire surging forward in a straight 
[1895/7413] feat Expertise (Ranger II) -> a golden heraldic shield emblem featuring a crossed hunting bow and a sharp dagg
[1896/7413] monster Baboon -> small quadrupedal mammal, thick grey fur covering a compact body, pale pink hair
[1897/7413] monster Krake Spawn -> huge monstrous cephalopod body, massive rubbery mantle covered in dark mottled p
[1898/7413] spell Phantasmal Nightmares -> a terrifying illusory nightmare manifestation taking the form of a massive, shad
[1899/7413] monster Dubius -> small squat fiend with leathery dark purple skin, a hunched posture, long thin a
[1900/7413] monster Speaker to the Darkness -> small humanoid body shape, slender proportions, ashen grey skin, elongated limbs
[1901/7413] monster Mammoth -> huge stocky elephantine quadruped, massive barrel-shaped body, thick shaggy dark
[1902/7413] monster Greyfur -> small humanoid body shape, hunched posture, dense coarse grey fur covering the e
[1903/7413] monster Ahu-Nixta Cataphract -> large hovering aberration with a bulbous segmented body, four leathery bat-like 
[1904/7413] monster Fire Imp -> tiny humanoid fiend, crouched hovering posture, leathery dark charcoal skin, rig
[1905/7413] subspecies Rock Gnome -> short human-like stature standing three feet tall, compact and sturdy build, red
[1906/7413] monster Wood Golem -> medium animated construct formed entirely from interlocking knotty branches and 
[1907/7413] magic-item Windwalker Boots -> lightweight calf-high boots, supple pale cream leather, slender profile, flexibl
[1908/7413] spell Create Undead -> three rotting humanoid corpses rising vertically from the ground, flesh pulling 
[1909/7413] monster Beholder -> large spherical levitating body covered in a smooth dark purple hide, a single m
[1910/7413] monster Rakshasa -> bipedal humanoid fiend with the striped orange and black fur head of a tiger, pi
[1911/7413] magic-item Sickle of Thorns -> short hand-held curved farming tool made of dark twisted black iron, a single ra
[1912/7413] monster Ushabti -> huge humanoid construct carved from dark grey basalt stone, imposing muscular pr
[1913/7413] magic-item The Thing That Destroys the World -> a solid steel cube measuring two inches on each side with a brushed metallic fin
[1914/7413] monster Zombie -> medium humanoid corpse, bloated gray-green flesh, stiff posture with one draggin
[1915/7413] monster Young Silver Dragon -> quadrupedal reptilian body, large proportions, covered in interlocking metallic 
[1916/7413] monster Blood Giant -> massive humanoid giant standing twenty feet tall, heavily muscled proportions wi
[1917/7413] spell Earthskimmer -> a flat rectangular slab of densely packed brown earth and gray cobblestones five
[1918/7413] spell Earthquake -> cracked and fractured earth surface splitting apart in a wide circular area, jag
[1919/7413] monster Deep One -> medium humanoid aquatic creature with a hunched posture, damp dark green and gre
[1920/7413] monster Efreeti -> hulking humanoid genie with magma-red skin, glowing eyes, broad shoulders, muscu
[1921/7413] magic-item Seelie Staff -> long straight staff of pale white ash wood, slender cylindrical shaft polished s
[1922/7413] monster Kraken -> gargantuan cephalopod creature with a massive bulbous mantle skin of dark blue-b
[1923/7413] spell Calm Emotions -> a spherical zone of ethereal pale blue mist measuring forty feet across, contain
[1924/7413] monster City Watch Captain -> medium humanoid human male city watch captain, standing in a commanding posture,
[1925/7413] feat Heavy Armor Expertise -> solid steel heraldic shield emblazoned with a gleaming iron breastplate emblem, 
[1926/7413] monster Sand Worm -> gargantuan segmented vermiform body, immense length of thick wrinkled hide coate
[1927/7413] monster Chain Devil -> medium humanoid fiend with ashen gray skin, completely shrouded in heavy rusted 
[1928/7413] monster Half-Dragon -> bipedal humanoid dragon hybrid with reptilian scales matching its chromatic or m
[1929/7413] monster Planewatcher -> medium celestial humanoid in flight with an athletic muscular physique, six larg
[1930/7413] monster Tar Ghoul -> emaciated humanoid corpse, medium-sized, skin composed of thick bubbling black t
[1931/7413] monster Bone Collector -> small skeletal undead humanoid figure in flight with tattered membranous wings s
[1932/7413] monster Viiret -> massive sprawling plant creature with a thick woody central trunk, numerous gras
[1933/7413] magic-item Animated Shield -> heavy steel kite shield, polished metallic silver surface etched with intricate 
[1934/7413] spell Damaging Intel -> a concentrated beam of jagged purple psychic energy projecting from a floating c
[1935/7413] spell Abrupt Hug -> coarse translucent blue energy arms forming massive ghostly spectral embrace env
[1936/7413] monster Nightgarm -> massive canine monstrosity with pitch-black matted fur, four muscular legs endin
[1937/7413] monster Mirager -> medium fey creature shaped like a slender canine with smooth hairless skin of sh
[1938/7413] monster Erina Defender -> small humanoid body shape, hunched burrowing posture, covered in crusts of dark 
[1939/7413] monster Cambium -> large humanoid fiend with muscular physique, deep crimson skin, heavy sweeping h
[1940/7413] feat Reckless Attack -> a circular heraldic shield bearing a centered crimson emblem of a heavy waraxe c
[1941/7413] spell Life Drain -> swirling vortex of dark purple energy, funnel-shaped column of crackling necroti
[1942/7413] spell Animate Object -> a large hardcover book levitating in the air, thick leather-bound cover bending 
[1943/7413] spell Encroaching Shadows -> a massive three-dimensional volume of inky black darkness measuring two hundred 
[1944/7413] monster Necrotech Thunderer -> huge skeletal construct formed from dark iron plating and stitched grey flesh, h
[1945/7413] monster Chernomoi -> tiny fey creature with a slender humanoid torso, delicate translucent insect win
[1946/7413] spell Wall of Force -> translucent shimmering barrier of hard force, rigid vertical plane, perfectly fl
[1947/7413] monster Hair Golem -> small humanoid construct formed entirely of tangled mats of human hair, compact 
[1948/7413] spell Dreamwine -> a glass bottle filled with a swirling, translucent violet liquid that emits tiny
[1949/7413] monster Idolic Deity -> small mechanical construct with segmented metallic plating, jointed limbs, and a
[1950/7413] monster Water Leaper -> large serpentine monstrosity in a midair banking posture, elongated sinuous body
[1951/7413] monster Shadow River Lord -> medium undead aquatic humanoid silhouette with semi-translucent dark gray flesh,
[1952/7413] spell Venomous Succor -> vibrant emerald green toxic energy surging through open lacerations, glowing aci
[1953/7413] spell Thousand Darts -> a torrential narrow stream of thousands of razor-sharp metallic needlelike proje
[1954/7413] subspecies Gnome Chassis -> short humanoid construct stature with a compact mechanical build, skin and body 
[1955/7413] magic-item Decayed Wooden Sword -> a weathered single-edged wooden sword carved from rotted oak, a short straight b
[1956/7413] spell Shade -> a swirling horizontal band of smoky black shadow material forming a dense opaque
[1957/7413] monster Fear Smith -> medium fey humanoid creature, slender athletic body shape, dark ashen gray skin 
[1958/7413] monster Star Drake -> massive quadrupedal dragon with an elongated serpentine body, midnight-blue scal
[1959/7413] monster Giant Bat -> massive mammalian quadruped with a body length of eight feet, covered in dense s
[1960/7413] monster Derro Guard -> short stunted humanoid standing five feet tall, chalky white skin with faint pat
[1961/7413] monster Giant Phase Spider -> massive monstrous arachnid, bloated dark indigo chitinous carapace mottled with 
[1962/7413] magic-item Dial of the Gods -> a small, ordinary handheld sundial crafted from weathered grey stone with an upr
[1963/7413] monster Eel Hound -> medium quadrupedal fey beast, elongated sinuous body shaped like an eel, dark sl
[1964/7413] spell Sanguine Spear -> a solid crystalline spear formed entirely of dark crimson frozen blood with shar
[1965/7413] magic-item Mordant Shortsword -> shortsword with a slender steel blade, dark iron crossguard shaped like curled c
[1966/7413] spell Last Rays of the Dying Sun -> a massive spherical shockwave of radiant golden and orange solar fire expanding 
[1967/7413] spell Psychic Skewer -> a razor-thin, rigid lance of solid indigo psychic energy, two yards long and tap
[1968/7413] spell Pit -> A ten-foot wide and ten foot deep jagged circular void opening directly into the
[1969/7413] spell Antilife Shell -> a shimmering dome-shaped barrier of translucent force surrounding a space, the s
[1970/7413] monster Wraith, Oathrot -> skeletal undead humanoid figure hovering in midair, tattered ashen grey shroud d
[1971/7413] feat Divine Intervention -> a circular heraldic shield bearing a gleaming golden celestial hand descending f
[1972/7413] monster Shadow of Death -> towering humanoid celestial entity, skeletal skeletal wings of obsidian bone str
[1973/7413] monster Archmage -> elderly human humanoid male archmage with deep wrinkles, long flowing silver hai
[1974/7413] magic-item Muffled Plate -> full suit of heavy plate armor made of dark gunmetal grey steel with a matte non
[1975/7413] monster War Wyvern -> massive draconic reptilian body, dark armored scales in charcoal gray and iron b
[1976/7413] monster Eonic Savant -> medium humanoid entity, gaunt and emaciated physical frame, translucent crystall
[1977/7413] spell Polymorph -> a dense swirling sphere of chaotic lavender and teal transmutation energy engulf
[1978/7413] magic-item Pot of Ever-flowing Porridge -> cast iron cooking pot with three short stubby legs, a rounded bulging belly, two
[1979/7413] monster Hill Giant -> massive humanoid giant, sixteen feet tall with a thick and bulky torso, heavy sa
[1980/7413] spell Disintegrate -> a thin vibrant emerald green energy beam slicing through empty space, a straight
[1981/7413] monster Muraenid -> massive serpentine aquatic monstrosity with a thick muscular eel-like body cover
[1982/7413] monster Moss Lurker -> small humanoid creature, slender body shape, damp grayish-green skin covered in 
[1983/7413] spell Charm Person -> swirling cloud of translucent rose-pink and magenta vapor in a spherical formati
[1984/7413] monster Deep Drake -> massive quadrupedal dragon with an elongated serpentine body covered in jagged d
[1985/7413] monster Apau Perape -> Large bipedal fiendish humanoid, towering muscular frame, ash-gray leathery skin
[1986/7413] magic-item Half Plate of Warding (+2) -> half plate armor crafted from polished steel plates featuring articulated should
[1987/7413] monster Merfolk Skirmisher -> medium humanoid aquatic creature, streamlined muscular upper torso with deep tur
[1988/7413] monster Nalfeshnee -> massive corpulent demon standing twice human height with a bloated ape-like body
[1989/7413] magic-item Armor of Vulnerability -> heavy full plate armor forged from dark blackened steel, dull matte finish devoi
[1990/7413] monster Haugbui -> corporeal undead human corpse in a state of advanced decay, medium stature, bloa
[1991/7413] monster Shadow Fey -> medium humanoid, slate-gray skin, sharp angular facial features, piercing pale s
[1992/7413] magic-item Shoes of the Shingled Canopy -> A pair of low-cut walking shoes constructed from smooth black leather, featuring
[1993/7413] spell Wild Shield -> a spherical barrier of swirling kaleidoscopic energy, crackling geometric ribbon
[1994/7413] spell Freedom of Movement -> a dense swirl of pale turquoise abjuration energy wrapping around a pair of bare
[1995/7413] feat Perfect Focus -> A solid metallic heraldic shield bearing a centered circular emblem, the emblem 
[1996/7413] spell Wellspring -> a ten-foot radius circular pool of crystal-clear sparkling water flush with the 
[1997/7413] spell Dominate Beast -> pulsating concentric rings of violet and indigo magical energy expanding outward
[1998/7413] magic-item Bagpipes of Battle -> traditional bagpipe instrument featuring a large cylindrical dark polished wood 
[1999/7413] feat Indomitable -> a raised bronze heraldic shield bearing the central embossed image of an unbroke
[2000/7413] monster Werebear -> massive muscular hybrid creature, towering bipedal bear-humanoid form, thick dar
[2001/7413] spell Shuffle -> two shifting humanoid silhouettes of translucent violet energy swapping spatial 
[2002/7413] monster Pine Doom -> huge walking pine tree monstrosity, massive thick trunk covered in rugged brown 
[2003/7413] spell Dimensional Shove -> a circular tear in space, shimmering violet edges peeling outward to reveal a da
[2004/7413] spell Celebration -> burst of vibrant multicolored sparks, swirling ribbons of golden light, floating
[2005/7413] subspecies Acid Cap -> short stature humanoid folk, slender build, pale greyish-green skin with mottled
[2006/7413] monster Ice Bogie -> small hunched fey creature with frost-rimmed jagged blue skin and pale white hai
[2007/7413] monster Animated Armor -> medium-sized empty suit of heavy steel plate armor, articulated metal gauntlets 
[2008/7413] spell Death Ray -> a straight, rigid, pencil-thin beam of pure black energy, crackling with microsc
[2009/7413] magic-item Potion of Ebbing Strength -> short heavy-bottomed glass flask filled with a thick matte charcoal-black liquid
[2010/7413] monster Werebat -> medium hybrid humanoid bat creature, hunchbacked goblin-like posture in mid-air 
[2011/7413] spell Force Weapon -> a metallic longsword blade entirely composed of vibrating translucent violet for
[2012/7413] background Deep Hunter -> a human rogue in their late thirties with a cautious, watchful demeanor, wearing
[2013/7413] monster Gaunt One -> medium humanoid aberration with an intensely emaciated and skeletal body shape, 
[2014/7413] magic-item Talking Tablets -> two rectangular brass tablets each with a flat smooth metallic surface, connecte
[2015/7413] magic-item Spectral Blade -> a translucent longsword shaped from shifting pale blue energy, the blade edge bl
[2016/7413] monster Bearfolk -> medium humanoid bipedal bearfolk with dense brown fur covering its muscular body
[2017/7413] spell Wind Wall -> a vertical sheet of rushing wind rising from the ground, fifty feet long, fiftee
[2018/7413] spell Bitter Chains -> thick heavy links of forged dark iron wrapping tightly in a continuous looping c
[2019/7413] spell Conjure Herald -> translucent glowing spectral humanoid figure the size of a small child composed 
[2020/7413] spell Catapult -> a solid slate-gray boulder suspended midair, surrounded by a swirling vortex of 
[2021/7413] spell Life Burst -> an expanding spherical shockwave of emerald-green and gold divine radiance, a ru
[2022/7413] monster Leech Swarm -> a writhing medium swarm composed of hundreds of thick, segmented black and dark 
[2023/7413] spell Rolling Thunder -> a massive spectral bronze bell shape rushing forward in a thirty foot long linea
[2024/7413] monster Fear Liath -> Massive skeletal humanoid towering twelve feet tall, rotting gray flesh stretche
[2025/7413] spell Compulsion -> a swirling vortex of indigo and violet arcane runes spinning in a tight circular
[2026/7413] magic-item Keffiyeh of Serendipitous Escape -> square checkered cotton headdress, interwoven white and dusty ochre threads form
[2027/7413] monster Oth -> large mass of undulating purple flesh, bulbous central body, numerous wet oozing
[2028/7413] magic-item Encouraging Scale Mail -> a set of magical scale mail crafted from interlocking metallic plates of polishe
[2029/7413] spell Phobia -> A dense swirling mass of midnight black shadow tentacles and jagged violet energ
[2030/7413] spell Torrential Moat -> massive swirling cylinder of violently churning pale blue gale force winds, thic
[2031/7413] monster Goblin Minion -> small humanoid creature, narrow and stooped body frame, oversized head with poin
[2032/7413] spell Power Word Heal -> a dense cascading sphere of brilliant emerald and gold prismatic energy particle
[2033/7413] spell Thaumaturgy -> vibrant golden magical energy manifesting as sudden swirling embers, faint glowi
[2034/7413] monster Ogre Mage -> massive muscular humanoid giant with light blue skin and a mane of dark hair, wi
[2035/7413] spell Disquieting Gaze -> two human eyes blazing with tiny floating sparks of deep crimson energy, the dar
[2036/7413] magic-item Ghost Barding Splint -> equine-shaped horse barding constructed from overlapping horizontal splints of t
[2037/7413] monster Satarre -> medium humanoid with ashen grey skin, elongated emaciated limbs, sharp clawed fi
[2038/7413] monster Zombie, Smokeplume -> large humanoid undead corpse with ashen charcoal-gray decaying flesh stretched t
[2039/7413] spell Fold Portal -> circular doorway opening directly into a distant wooden doorframe, a vertical te
[2040/7413] magic-item Cloak of the Manta Ray -> dark leather cloak crafted from the thick skin of a giant manta ray, wide wing-l
[2041/7413] background Elemental Warden -> human warden standing with a calm and grounded demeanor, wearing durable dark le
[2042/7413] spell Power Word Kill -> concentrated aura of absolute lethality, deep void-black shockwave ring expandin
[2043/7413] magic-item Ring of Sealing -> a heavy circular finger ring forged from interlocking golden chain links, crafte
[2044/7413] feat Aura of Devotion -> a heraldic crest featuring a stylized golden sunburst centered behind an upright
[2045/7413] monster Magnetic Elemental -> large hovering elemental body composed of jagged jagged chunks of dark metallic 
[2046/7413] spell Black Tentacles -> numerous thick twisting pitch-black tentacles erupting upward from the ground su
[2047/7413] magic-item Chainmail of Quick Assembly, 2 charges -> a pouch of dull grey iron links, tightly coiled and tangled within a small leath
[2048/7413] magic-item Bloodthirsty Lance -> a rare magical lance with a slender steel shaft wrapped in dark crimson leather,
[2049/7413] magic-item Bead of Nourishment -> small translucent spherical gel bead, uniform gelatinous texture, pale neutral c
[2050/7413] spell Slow -> a localized spatial disturbance shaped as a forty-foot cube of thickened stagnan
[2051/7413] monster Thug -> medium human male thug, muscular build, short dark brown hair, stern weathered f
[2052/7413] monster Frog -> tiny aquatic amphibian, squat and rounded body shape, moist slick skin colored a
[2053/7413] magic-item Gaze of Two Minds (d6), 2 charges -> blackened double bladed dagger, dark scorched steel metal surfaces, central hilt
[2054/7413] spell Slow -> transmutation magic effect showing a shifting spatial distortion field of pale l
[2055/7413] spell Fuse Armor -> dense violet energy crackling across a suit of heavy steel plate armor, jagged b
[2056/7413] spell Amplify Ley Field -> a spherical domain of crackling pale violet electrical arcs and intersecting geo
[2057/7413] monster Silent Crier -> medium humanoid fiend with ashen gray skin stretched tight over a skeletal frame
[2058/7413] monster Devil, Maelstrom -> large winged fiend in mid-flight with an aquatic serpentine body shape, dark blu
[2059/7413] spell Sniff -> a concentrated swirl of volatile indigo and chartreuse vapor particles spiraling
[2060/7413] monster Giant Husk -> huge undead humanoid corpse towering over twenty feet tall with desiccated grey 
[2061/7413] monster Nihileth -> large amphibious undead monstrosity with an elongated, slimy blue-gray fishlike 
[2062/7413] monster Graveyard Dragon -> large skeletal draconic corpse with protruding ribs, exposed rotting grey flesh 
[2063/7413] monster Malcubus -> medium fiend in flight, humanoid muscular build, deep crimson skin, dark leather
[2064/7413] magic-item Eversmoking Bottle -> a small, narrow-necked glass flask made of dark amber-colored tempered glass, it
[2065/7413] spell Adaptation -> translucent prismatic energy veil wrapping around an amorphous creature silhouet
[2066/7413] feat Patient Defense -> A circular heraldic shield featuring an embossed metallic buckler overlapping a 
[2067/7413] monster Young Shadow Dragon -> large quadrupedal serpentine dragon in flight, dark charcoal grey scales absorbi
[2068/7413] spell Nature's Fury -> a swirling vortex of emerald green leaves, jagged grey stones, and twisted brown
[2069/7413] magic-item Rod of Resurrection -> heavy slender rod of polished gold metal, straight cylindrical shaft, intricate 
[2070/7413] monster Skin Bat -> small skeletal bat skeleton draped tightly in gray rotting skin, hunched airborn
[2071/7413] monster Bucca -> tiny fey humanoid standing eighteen inches tall, slender body, delicate transluc
[2072/7413] monster Ape -> muscular medium primate with dense dark brown fur covering its heavy-set body, l
[2073/7413] spell Champion’s Weapon -> translucent spectral warhammer constructed entirely of pale violet force energy 
[2074/7413] monster Boar -> stocky quadrupedal mammal, thick bristly dark brown and grey fur covering a heav
[2075/7413] monster Mummy -> humanoid undead corpse, desiccated brown skin tightly stretched over visible bon
[2076/7413] feat Intimidating Presence -> a heraldic crest featuring a stylized menacing dragon skull in profile with wide
[2077/7413] magic-item Mirror Mirror, 1 charge -> large round glass mirror the size of a wagon wheel, heavy wooden backing frame e
[2078/7413] monster Gearmass -> large amorphous mass of translucent grey ooze, churning mechanical debris submer
[2079/7413] magic-item Honey Lamp -> globular magical lamp fashioned from a translucent sphere of hardened golden bee
[2080/7413] spell Steam Whistle -> a concentrated wave of superheated vapor, forming a dense white and translucent 
[2081/7413] magic-item Rod of the Wastes -> a heavy mace forged from red gold, featuring a thick, rounded head embossed with
[2082/7413] monster Paper Golem -> tiny humanoid construct sculpted entirely from layered white parchment sheets, s
[2083/7413] monster Death Shroud Golem -> large humanoid construct, hovering above the ground, skeletal iron frame wrapped
[2084/7413] monster Kaveph -> huge serpentine aberration, massive segmented body of dark purple scales, toweri
[2085/7413] monster Fraughashar -> small fey humanoid standing three feet tall, gaunt and twisted body shape, ashen
[2086/7413] monster Angler Worm -> huge segmented cylindrical monstrosity with thick segmented greyish-pink chitino
[2087/7413] monster Medusa -> medium humanoid female body shape with flawless human skin and youthful proporti
[2088/7413] spell Spreadshot -> a wide sixty-foot cone of multiple duplicate physical projectiles suspended mid-
[2089/7413] monster One-Headed Clockwork Dragon -> large mechanical dragon construct with articulated metallic brass and copper pla
[2090/7413] spell Hover -> a horizontal circular disc of crackling azure force energy two feet in diameter,
[2091/7413] magic-item Anointing Mace -> ornately decorated bronze mace with a stout cylindrical wooden haft wrapped in b
[2092/7413] monster Shadow Elf Warrior -> medium humanoid shadow elf warrior standing in a rigid combat posture, angular l
[2093/7413] monster Yowler -> tiny skeletal undead canine creature, hunched posture, exposed white bones devoi
[2094/7413] spell Control Water -> a massive column of water rising vertically, swirling in a violent cylindrical v
[2095/7413] spell Cosmic Alignment -> a massive celestial convergence of three glowing stellar bodies, a deep indigo s
[2096/7413] monster Mi-Go -> fungoid humanoid body composed of pale pinkish segmented chitin, tall slender pr
[2097/7413] monster Tophet -> massive humanoid construct formed from blackened iron plates and jagged stone bl
[2098/7413] spell Catch the Breath -> turbulent sphere of swirling violet and silver magical energy, a dense vortex of
[2099/7413] magic-item Studded-Leather of Warding (+1) -> fitted brown leather vest reinforced with heavy metal studs, adorned across the 
[2100/7413] monster Stegosaurus -> huge quadrupedal herbivorous dinosaur, heavily built barrel-shaped body, dark gr
[2101/7413] spell Snowblind Stare -> a pair of human eyes burning with intense pale blue white light, harsh luminesce
[2102/7413] magic-item Bloodfuel Greatsword -> massive two-handed steel greatsword, extremely broad straight double-edged blade
[2103/7413] magic-item Clockwork Rogue Ring -> brass clockwork ring shaped like a coiled dragon, intricately articulated metall
[2104/7413] feat Hurl Through Hell -> a heraldic shield emblazoned with a jagged vertical rift in deep crimson and obs
[2105/7413] species Drow -> slender humanoid female of medium height with obsidian black skin, stark white h
[2106/7413] monster Daeodon -> massive prehistoric mammal, heavy-set quadrupedal body, thick coarse dark brown 
[2107/7413] monster Homunculus -> tiny humanoid construct formed of hardened grey clay and ash, squirrel-sized bod
[2108/7413] magic-item Studded Leather Armor of the Leaf -> supple dark brown leather chest piece and matching pauldrons, surface intricatel
[2109/7413] monster Kobold, Leviathan Hunter -> medium humanoid kobold with teal scales and webbed digits, elongated streamlined
[2110/7413] monster Eye of Terror -> spherical floating body covered in thick purple scales, one gigantic central eye
[2111/7413] magic-item Ring of Protection -> solid silver band, polished metal surface, delicate engraved script wrapping aro
[2112/7413] spell Magic Mouth -> disembodied human-shaped mouth floating in midair, composed entirely of shimmeri
[2113/7413] spell Deadweight -> dense heavy aura of indigo energy tightly coiling around the targeted object, co
[2114/7413] spell Grinding Gears -> a cluster of massive interlocking iron and bronze gears bursting vertically out 
[2115/7413] monster Likho -> medium monstrosity, hunched skeletal humanoid body shape, withered ash-gray skin
[2116/7413] monster Mountain Dwarf Soldier -> stout medium humanoid male with broad shoulders, thick muscular limbs, ruddy ski
[2117/7413] monster Horde Demon -> medium fiend with a gaunt and muscular humanoid body shape, charred grey skin st
[2118/7413] monster Swarm of Sluaghs -> a dense roiling swarm of dozens of medium sized malicious fey humanoids in fligh
[2119/7413] monster Rafflesian -> small sentient plant creature, bulbous mottled maroon and cream-spotted flower h
[2120/7413] spell Harm -> viscous oily black necrotic energy forming a shifting mass of rotting disease te
[2121/7413] magic-item Rod of Bubbles -> straight cylindrical rod fashioned entirely from tightly packed rigid iridescent
[2122/7413] feat Destiny’s Call -> A circular heraldic medallion forged from dark iron, featuring an embossed centr
[2123/7413] spell Ancient Shade -> a towering phantom forged from swirling bone fragments and ash, a translucent hu
[2124/7413] monster Bandit Captain -> humanoid bandit captain with a scarred face, patch over one eye, wearing a worn 
[2125/7413] monster Monolith Champion -> massive humanoid construct carved from dark monolithic stone, towering over nine
[2126/7413] monster Dawnfly -> gargantuan beast with a massive dragon-like body, colossal feathered wings spann
[2127/7413] magic-item Leonino Wings -> a magical cloak crafted from a pattern of spotted white and brown barn owl wing 
[2128/7413] feat Primal Knowledge -> A carved stone heraldic shield featuring an open book flanked by a crossed sword
[2129/7413] magic-item Oil of Concussion -> a small, sealed glass flask filled with a thick, viscous gray oil that swirls sl
[2130/7413] spell Traveler's Ward -> a translucent spherical shell of pale blue force enveloping the target, thin geo
[2131/7413] monster Werehyena -> medium humanoid hybrid creature in a hunched bipedal stance, thick coarse grayis
[2132/7413] feat Improved Critical -> a heraldic escutcheon divided diagonally by a sharp silver line, featuring a pol
[2133/7413] feat Supreme Healing -> a large circular heraldic escutcheon of polished white metal, embossed at the ce
[2134/7413] monster Merrow -> hulking aquatic monstrosity with a massive bloated humanoid upper body covered i
[2135/7413] magic-item Ring of Bravado -> thick band made of polished golden brass, smooth cylindrical outer surface, deep
[2136/7413] spell Plant Growth -> A dense swarm of vibrant emerald-green vines and broad-leafed ferns surging upwa
[2137/7413] feat Arcane Apotheosis -> a golden heraldic shield emblazoned with a stylized glowing open eye at the cent
[2138/7413] monster Goblin Warlock -> small humanoid goblin, wiry green skin, oversized pointed ears, jagged yellowed 
[2139/7413] monster Alchemical Golem -> large humanoid construct composed of rusted iron plates bolted together, heavy b
[2140/7413] magic-item Oil of Defoliation -> a small cylindrical glass vial filled with a thick, greasy amber fluid, tiny cru
[2141/7413] magic-item Sandals of Sand Skating -> a pair of low-profile sandals crafted from sun-bleached tan leather, flat flexib
[2142/7413] monster Arcamag -> tiny hovering monstrosity, diminutive segmented insectoid body, small translucen
[2143/7413] spell Guiding Bolt -> a concentrated beam of piercing brilliant light, a blinding streak of incandesce
[2144/7413] monster Matriarch Serpentine Lamia -> massive serpentine lamia matriarch with the muscular upper torso of an athletic 
[2145/7413] magic-item Babbleflask, 2 uses -> small thick blown glass flask, bulbous spherical body with a narrow cylindrical 
[2146/7413] spell Minor Genesis -> A three-dimensional floating cube of concentrated violet light measuring exactly
[2147/7413] monster Frostjack -> Medium fey creature, jagged posture, frost-rimed gnarled skin, pale blue and ash
[2148/7413] spell Lovesick -> a ten-foot-radius sphere of swirling translucent pink and crimson air, thousands
[2149/7413] monster Bearfolk Chieftain -> medium humanoid ursine body, massive muscular build, upright posture, dense dark
[2150/7413] monster Lion -> large muscular quadrupedal feline with tawny gold fur, a powerful stocky body, a
[2151/7413] spell Blood Scarab -> a large stylized scarab beetle formed entirely from translucent deep red ruby cr
[2152/7413] spell Curse Unlife -> dense roiling cloud of charcoal gray necrotizing vapor swirling in a tight verti
[2153/7413] spell Black Swan Storm -> a dense churning whirlwind of countless jagged dark feathers forming a sharp-edg
[2154/7413] species Dwarf -> short stocky humanoid standing four feet tall with extremely broad shoulders and
[2155/7413] magic-item Goggles of Night -> A pair of heavy dark leather goggles, thick brass frames holding deeply tinted b
[2156/7413] spell Time Vortex -> spherical spatial distortion ten-foot radius, transparent undulating bubble warp
[2157/7413] magic-item Elixir of Focus -> small spherical glass vial with a flat circular base, containing a deep amber li
[2158/7413] spell Antimagic Field -> a ten-foot-radius spherical spatial distortion, a perfectly spherical boundary w
[2159/7413] magic-item Glazed Rapier -> sleek narrow steel blade coated in smooth pale pink ceramic glaze, slender cross
[2160/7413] monster Moonkite -> large celestial creature with a noble bearing, hovering posture, pristine white 
[2161/7413] spell Wintry Glide -> swirling vortex of frigid azure frost particles, cascading crystalline jagged ic
[2162/7413] feat Athletic -> a golden heraldic shield emblem featuring a stylized muscular human leg midstrid
[2163/7413] monster Troll, Gutter -> emaciated medium humanoid giant with elongated limbs, slick rubbery blue-grey sk
[2164/7413] monster Angler Worm -> huge segmented cylindrical vermiform body covered in thick rubbery dark brown ch
[2165/7413] feat Fiendish Vigor (Fiend Patron) -> a circular heraldic iron medallion depicting a stylized, snarling fiendish visag
[2166/7413] spell Fly -> transmutation magic manifestation composed of swirling cobalt blue kinetic energ
[2167/7413] spell Alarm -> transparent shimmering boundary perimeter, subtle vertical ripple distortion in 
[2168/7413] monster Dissimortuum -> medium undead humanoid corpse with severely decayed grey flesh tightly drawn ove
[2169/7413] spell Hold Person -> pale violet magical energy field encasing a rigid humanoid silhouette, rigid ver
[2170/7413] spell Bloody Hands -> two humanoid hands covered in dripping crimson blood, the skin weeping thick dar
[2171/7413] monster Kobold -> small reptilian humanoid standing three feet tall with a slender hunched frame, 
[2172/7413] monster Spinosaurus -> gargantuan bipedal dinosaur with a long scaly tail, massive elongated crocodile-
[2173/7413] magic-item Staff of Serpents (d8), 4 charges. -> a long staff carved from translucent pale green jade, shaped as an undulating se
[2174/7413] feat Great Weapon Master -> a large circular heraldic shield bearing a massive two-handed greatsword crossed
[2175/7413] monster Sazakan -> medium elemental creature, humanoid body shape, jagged rocky skin of dark basalt
[2176/7413] spell Fortune -> swirling cloud of golden starbursts, sparkling amber particles moving in ascendi
[2177/7413] spell Spell Glyph -> a flat circular five-foot diameter arcane inscription glowing with intricate vio
[2178/7413] magic-item Wand of Harrowing -> A slender magical wand crafted from a gnarled branch of dark brown heartwood, me
[2179/7413] spell Lightning Tendril -> writhing network of jagged electric arcs, brilliant azure and electric blue ener
[2180/7413] spell Speak with Animals -> an emerald green magical aura shaped like intertwined silhouettes of various for
[2181/7413] spell Icicle Daggers -> three jagged translucent blue ice daggers hovering horizontally in the air, tape
[2182/7413] background Cursed -> emaciated middle-aged human commoner with sunken, hollow cheeks, dark purplish b
[2183/7413] feat Heightened Spell -> a metallic heraldic shield bearing a raised relief of a glowing crystalline orb 
[2184/7413] background Guildmember -> human guildmember with a focused demeanor standing upright, wearing a fitted woo
[2185/7413] monster Gnarljak -> small bipedal construct creature, roughly two feet tall, carved from dense dark 
[2186/7413] monster Giant Snow Beetle -> massive armored hexapod beast, bulky low-slung body shape, thick chitinous exosk
[2187/7413] magic-item Reef Splitter -> a heavy warhammer with a head constructed of dark, porous undersea volcanic rock
[2188/7413] magic-item Gem of Brightness -> faceted multi-sided crystalline prism, clear transparent mineral material, polis
[2189/7413] spell Project Image -> semitransparent spectral duplicate hovering upright in the air, composed of fain
[2190/7413] spell Delayed Healing -> swirling sphere of amber restorative energy, pulsating warm golden light envelop
[2191/7413] monster Giant Centipede -> gigantic segmented multi-legged insectoid monster, elongated segmented chitinous
[2192/7413] monster Chimera -> huge quadrupedal monstrosity with the muscular forequarters and head of a golden
[2193/7413] monster Darakhul Spy -> medium undead humanoid, desiccated gray flesh stretched tightly over a protrudin
[2194/7413] monster Nharyth -> huge hovering aberration, massive bulbous fleshy body, sweeping leathery wings s
[2195/7413] spell Light -> a sphere of intensely bright crimson energy radiating outward in an expanding ha
[2196/7413] monster Bear, Polar -> massive quadrupedal mammalian beast with a thick layer of dense water-repellent 
[2197/7413] magic-item Chillblain Scale Mail -> overlapping blue steel plates frosted with a permanent rime of white ice, scale 
[2198/7413] magic-item White Honey Buckle -> a heavy silver belt buckle shaped like a stylized bear head, thick polished meta
[2199/7413] magic-item Shield of Gnawing -> round battle shield crafted from dark battered oak wood, thick wooden rim densel
[2200/7413] spell Dominate Monster -> A dense cloud of magenta and violet ethereal mist swirling in tight concentric r
[2201/7413] monster Wallflower -> medium plant creature, humanoid vine-covered body shape, thick intertwining gree
[2202/7413] magic-item Leather Armor of Warding (+1) -> flexible suit of boiled leather armor, deep brown hide surface, etched intricate
[2203/7413] magic-item Ring of Djinni Summoning -> heavy band of beaten platinum, polished silver surface, engraved with swirling a
[2204/7413] magic-item Shield of the Cavalier -> large heavy kite shield forged from polished steel, vertical reinforcement bar r
[2205/7413] monster Gnoll Demonfang -> medium humanoid canine-headed gnoll, muscular hyena-like torso, dark gray spotte
[2206/7413] monster Solar -> towering humanoid celestial with pale skin, long flowing platinum hair, four lar
[2207/7413] spell Creation -> a dense cubic mass of swirling smoky violet and pitch black shadows condensing i
[2208/7413] monster Giant Ant -> huge segmented insectoid body the size of a draft horse, chitinous exoskeleton o
[2209/7413] magic-item Tracking Dart -> slender metallic fletched dart, tapered metal shaft, vibrant multicolored paint 
[2210/7413] monster Dire Lionfish -> massive aquatic beast shaped like a colossal lionfish, round stout body covered 
[2211/7413] monster Sandwyrm -> massive serpentine dragon, elongated muscular body covered in thick overlapping 
[2212/7413] spell Wall of Thorns -> dense barrier of tough pliable tangled brushwood, ten feet high and five feet th
[2213/7413] spell Conjure Woodland Beings -> a swirling vortex of emerald green and golden yellow botanical energy, composed 
[2214/7413] magic-item Slimeblade Greatsword -> slender steel greatsword, heavy crossguard of tarnished brass, cylindrical pomme
[2215/7413] monster Giant Hyena -> massive quadrupedal mammalian beast with a hunched sloping back, thick coarse br
[2216/7413] spell Power Word Kneel -> a sudden heavy shockwave of invisible concussive force slamming downward against
[2217/7413] monster Adult Silver Dragon -> huge quadrupedal reptilian dragon in flight with a massive muscular body covered
[2218/7413] magic-item Breastplate of Warding (+2) -> a sturdy steel breastplate featuring a polished metal surface etched with intric
[2219/7413] magic-item Hide Armor of Warding (+3) -> flexible hide breastplate made of thick brown leather, surface completely covere
[2220/7413] monster Green Knight of the Woods -> tall humanoid fey creature, skin composed of dark textured tree bark intertwined
[2221/7413] monster Malphas -> medium fey creature in mid-flight with powerful feathered wings spanning twice i
[2222/7413] magic-item Kobold Firework -> small cylindrical pouch made of rough stitched brown leather, bulging with volat
[2223/7413] spell Sonic Shattering -> a violent expanding dome of concussive force, radiating concentric rings of viol
[2224/7413] spell Force of Will -> a dense sphere of pale blue translucent geometric force energy surrounding a neg
[2225/7413] magic-item Holy Verdant Bat Droppings -> small round ceramic jar, three inches in diameter, earthen glazed clay surface, 
[2226/7413] monster Meerkats, Swarm -> collective mass of hundreds of small, slender-bodied burrowing mammals, each wit
[2227/7413] monster Ghoul -> haggard humanoid corpse, emaciated skeletal frame with taut gray-blue undead fle
[2228/7413] monster Haunted Giant -> huge bipedal humanoid giant with towering muscular proportions, ashen grey skin 
[2229/7413] monster Young Flame Dragon -> large quadrupedal reptilian dragon in flight with a sweeping serpentine body, cr
[2230/7413] subclass Path of Mistwood -> a heraldic shield emblem featuring a stylized silhouette of a weathered woodland
[2231/7413] monster Druid -> humanoid figure of medium height, weathered tan skin, dark tangled hair flecked 
[2232/7413] feat Shield Master -> a metallic heraldic shield emblazoned with a raised lion rampant at its center, 
[2233/7413] feat Natural Recovery -> a metallic circular shield emblem engraved with a stylized green blooming fern f
[2234/7413] monster Specter -> medium-sized translucent humanoid undead spirit, hovering slightly above the gro
[2235/7413] monster Ahu-Nixta -> massive serpentine aberration with a segmented chitinous body in dark teal and v
[2236/7413] subclass School of Liminality -> A circular heraldic shield bearing a centered silver keyhole overlapping an in-p
[2237/7413] spell Grease -> a slick amber-yellow oily substance coating a patch of stone ground, thick visco
[2238/7413] magic-item Chalice of Forbidden Ecstasies -> hollow human skull carved from deep red garnet forming the cup, smooth polished 
[2239/7413] magic-item Knockabout Billet -> stout one-handed wooden cudgel carved from dense dark oak, cylindrical shaft tap
[2240/7413] monster Derro, Hellforged -> small humanoid derro with pale chalk-white skin, disproportionately large head, 
[2241/7413] spell Lightless Torch -> dense swirling black smoke, inky dark tendrils curling outward, expanding in a t
[2242/7413] subspecies Drow -> slender humanoid with obsidian dark grey skin, sharp angular facial features, po
[2243/7413] monster Chameleon Hydra -> huge multi-headed reptilian monstrosity, five serpentine necks topped with scaly
[2244/7413] monster False Dragon -> small reptilian body, tiny winged lizard resembling a miniature dragon, slender 
[2245/7413] monster Beach Weird -> large amorphous elemental composed of churning wet sand and seawater, shifting s
[2246/7413] spell Nip at the Heels -> an illusory pack of translucent spectral wild dogs materializing around a single
[2247/7413] monster Devil, Devilflame Juggler -> large humanoid fiend with ashen grey skin, muscular bipedal build, elongated arm
[2248/7413] feat Mystical Talent -> an ornate heraldic shield displaying a split design, the left half featuring a r
[2249/7413] monster Ravenfolk Scout -> medium humanoid ravenfolk scout, slender bipedal avian body shape, covered in de
[2250/7413] feat Thrown Weapon Fighting -> a round metallic heraldic shield bearing a central embossed emblem of three over
[2251/7413] monster Mountain Dryad -> huge humanoid fey creature, towering towering massive proportions, thick skin en
[2252/7413] spell Stinking Cloud -> dense churning mass of yellowish green vapor, heavy rolling clouds of noxious fo
[2253/7413] monster Shield Guardian -> massive bipedal construct of thick interlocking iron plates, heavy boxy torso wi
[2254/7413] monster Djinni -> tall well-muscled humanoid body shape, vibrant blue skin, dark eyes, noble and p
[2255/7413] monster Vrock -> large fiend with a gnarled bestial humanoid torso, hunched posture, massive broa
[2256/7413] magic-item Umbral Lantern -> hooded brass lantern with a tarnished metallic surface, intricate dark metal fil
[2257/7413] monster Dune Mimic -> huge massive monstrous beast mimicking a pile of shifting desert sand, undulatin
[2258/7413] spell Ice Ray -> straight linear beam of jagged frost, swirling densely packed jagged ice shards 
[2259/7413] monster Vættir -> undead human humanoid corpse, medium size, pale grey decaying skin pulled tight 
[2260/7413] spell Mending -> a swirling spiral of pale turquoise threadlike energy weaving across a jagged fr
[2261/7413] monster Purple Worm -> colossal segmented cylindrical body, deep vibrant purple hide, thick chitinous o
[2262/7413] monster Kobold Sorcerer Dragon Servitor -> small reptilian humanoid standing with a slight hunch, slender scaled body cover
[2263/7413] spell Machine Sacrifice -> a swirling vortex of jagged brass gears and glowing crimson necrotic energy chan
[2264/7413] monster Pale Screamer -> medium aquatic aberration with a pale bloated humanoid torso, elongated thin arm
[2265/7413] monster Young Sea Dragon -> massive serpentine aquatic draconic body covered in deep turquoise scales fading
[2266/7413] monster Black Pudding -> massive amorphous mound of sticky black sludge, quivering viscous mass with no d
[2267/7413] spell Harmonic Resonance -> concentric rings of translucent pastel blue and amber soundwaves vibrating outwa
[2268/7413] magic-item Granny Wax -> small transparent glass jar containing a greasy yellow substance, foul-smelling 
[2269/7413] magic-item Scorn Pouch -> small leather pouch, irregular heart shape, stiff blackened grain texture, dark 
[2270/7413] spell True Sight -> A pair of glowing, prismatic ocular irises overlaid with intricate shifting geom
[2271/7413] monster Boloti -> tiny humanoid fey creature, slight fragile build, extremely small stature, slend
[2272/7413] monster Gargoctopus -> large aquatic monstrosity with a muscular bulbous body resembling a cephalopod, 
[2273/7413] spell Yellow Sign -> an intricate, sinister symbol inscribed in glowing, radiant sulfur-yellow energy
[2274/7413] magic-item Commander's Plate -> heavy full plate armor forged from polished steel with a mirror finish, articula
[2275/7413] spell Goat's Hoof Charm -> translucent pale violet energy field shaped precisely like the cloven hooves of 
[2276/7413] monster Earth Elemental -> massive humanoid figure shaped from a walking hill of compacted brown dirt and j
[2277/7413] magic-item Satchel of Seawalking -> small rectangular satchel, dark grey eel-hide leather body, finely scaled skin t
[2278/7413] monster Wereowl -> medium humanoid hybrid creature in a mid-transformation stance, upper body cover
[2279/7413] monster Venomous Mummy -> medium humanoid undead body wrapped tightly in dark, decaying linen bandages sta
[2280/7413] spell Polymorph -> swirling spherical cloud of dense violet transmutation magic enveloping empty sp
[2281/7413] monster Doppelganger -> hairless humanoid figure, smooth featureless flesh with no distinct facial featu
[2282/7413] monster Spider -> tiny arachnid body, eight segmented legs radiating outward, bulbous abdomen cove
[2283/7413] spell Lightning Leash -> a whip fashioned entirely from crackling electric energy, a flexible strand of b
[2284/7413] monster Accursed Spirit Naga -> massive serpentine monstrosity, enormous coiled serpentine body covered in scale
[2285/7413] monster Broodiken -> tiny animated construct humanoid doll crafted from mismatched wooden splinters a
[2286/7413] monster Giant Lanternfish -> massive deep-sea teleost fish with a bulky laterally compressed body, dark charc
[2287/7413] magic-item Masher Basher -> thick gnarled oak tree branch shaped into a massive crude greatclub, rough grey 
[2288/7413] magic-item Rod of the Infernal Realms -> a long slender cylindrical rod forged from dark blackened iron etched with faint
[2289/7413] spell Mislead -> a translucent shimmering duplicate figure composed entirely of shifting magical 
[2290/7413] magic-item Ring of Dragon's Discernment -> ornate polished silver band, heavy circular setting, large oval chatoyant orange
[2291/7413] spell Scintillate -> a dense cloud of jagged, pulsing geometric fragments, sharp multifaceted prisms 
[2292/7413] magic-item Tenebrous Mantle -> a full-length hooded cloak made of woven absolute black darkness with jagged fra
[2293/7413] monster Yann-An-Oed -> huge aquatic aberration, amorphous boneless body of dark indigo-blue flesh mottl
[2294/7413] spell Ambush Chute -> two heavy square wooden trapdoors embedded directly into a solid surface, one up
[2295/7413] magic-item Dragon Orb -> a perfectly spherical magic orb composed of dark, smokey obsidian glass with swi
[2296/7413] magic-item Troll Skin Hide -> troll skin hide armor piece crafted from thick warty green hide with coarse dark
[2297/7413] monster Otyugh -> large grotesque bulbous grey body supported by three sturdy thick legs, a single
[2298/7413] magic-item Iron Gloves of Might -> a pair of thick mittens constructed entirely from interlinked dark iron rings, c
[2299/7413] spell Glacial Cascade -> massive spherical torrent of violently churning azure and pale white frost, dens
[2300/7413] spell Shining Smite -> A metal melee weapon gripped tightly, glowing intensely with a brilliant, blindi
[2301/7413] spell Gust of Wind -> a concentrated horizontal current of transparent rushing air, visible only throu
[2302/7413] spell Irradiate -> a spherical volume of eerie pulsating blue light expanding outward in concentric
[2303/7413] monster Commoner -> medium humanoid commoner, standing upright in a relaxed posture, average human b
[2304/7413] spell Doom of Dancing Blades -> multiple hovering illusory copies of a forged metal weapon, each duplicate float
[2305/7413] magic-item Butter of Disbelief -> a rectangular stick of pale golden yellow dairy butter, solid and firm-surfaced,
[2306/7413] monster Willowhaunt -> huge undead arboreal humanoid monstrosity, towering twisted willow tree trunk bo
[2307/7413] subclass Animal Lords -> heraldic shield divided diagonally, upper left field depicting a ferocious brown
[2308/7413] monster Ahu-Nixta Mechanon -> medium humanoid construct forged from interlocking plates of tarnished bronze an
[2309/7413] magic-item Tincture of Moonlit Blossom -> small glass phial shaped like an elongated teardrop, stoppered with a polished s
[2310/7413] spell Poisoned Volley -> dozens of translucent emerald green energy arrows materializing in midair with a
[2311/7413] monster Adult Silver Dragon -> huge quadrupedal dragon with an elongated serpentine body covered in overlapping
[2312/7413] magic-item Honest Earworms -> wriggling parasitic worm, size of a child pinky finger, slender segmented cylind
[2313/7413] spell Harry -> a swirling cluster of violet and dark grey energy tendrils, writhing and twistin
[2314/7413] monster Mage Apprentice -> humanoid teenager of medium build, youthful and slender proportions, fair skin t
[2315/7413] monster Derro Fetal Savant -> tiny deformed humanoid with pale bluish-grey skin stretched tightly over an over
[2316/7413] magic-item Glazed Longsword -> steel longsword with a straight double-edged blade covered in a smooth transluce
[2317/7413] magic-item Lockbreaker -> stiletto-bladed dagger, slender straight steel crossguard, narrow tapered double
[2318/7413] monster Silenal -> small fey creature with a slender humanoid torso, pale rose skin, translucent dr
[2319/7413] spell Speak with Animals -> a swirling vortex of emerald green and golden yellow translucent energy ripples 
[2320/7413] spell Repel -> a violent spherical zone of invisible kinetic repulsion manifesting as two colli
[2321/7413] feat Cleric Spellcasting -> a heraldic shield divided vertically into gold and deep blue, bearing a raised m
[2322/7413] spell Commander's Pavilion -> translucent glowing blue conical military command tent thirty feet wide and thir
[2323/7413] monster Chelicerae -> massive monstrous aberration with a bulbous segmented body, eight towering joint
[2324/7413] spell Winter's Radiance -> a blinding accumulation of piercing rays of pure white daylight reflecting off a
[2325/7413] spell Withering Field -> a thirty-foot square cubic volume of violent necrotic magic filling the air, a d
[2326/7413] monster Ammut -> large quadrupedal mythological beast with the forequarters of a golden lion, the
[2327/7413] monster Werebear -> massive humanoid bear hybrid standing on powerful hind legs, towering over nine 
[2328/7413] monster Mule -> medium beast with a quadrupedal equine body shape, compact muscular build, coars
[2329/7413] monster Horde of Shadows -> large undead horde composed of countless coalesced humanoid skeletal remains dra
[2330/7413] monster Mirror Hag -> gaunt female humanoid fey of medium stature, ash gray skin, leathery wings spann
[2331/7413] monster Scheznyki -> small fey humanoid, slender hunchbacked body, ash-grey skin, long spindly arms e
[2332/7413] monster Cyclops Myrmidon -> huge muscular humanoid giant body shape, towering stature, dark weathered grey s
[2333/7413] monster Ghost -> humanoid undead spirit, medium size, translucent pale bluish-gray incorporeal bo
[2334/7413] spell Resistance -> A glowing aura of pale golden light surrounding a solid silhouette, shimmering l
[2335/7413] spell Desolation -> a massive expanding wave of pitch-black necrotic energy rippling outward across 
[2336/7413] feat Boon of Truesight -> a silver heraldic shield bearing a centered golden eye motif with twelve outward
[2337/7413] feat Elemental Adept -> a solid bronze shield shaped as a twelve-pointed star, four stylized elemental s
[2338/7413] feat Weapon Mastery (Fighter) -> heraldic shield bearing crossed steel longswords centered beneath a golden laure
[2339/7413] monster Nightmare -> massive skeletal horse, pitch black hide stretched tight over visible ribs, feat
[2340/7413] monster Foxin -> small fey creature shaped like a tiny fox, delicate pointed muzzle, oversized tr
[2341/7413] spell Goodberry -> A cluster of ten small plump spherical berries, each berry possessing a smooth t
[2342/7413] monster Karakura -> medium fiend in flight, powerful humanoid body shape with leathery bat-like wing
[2343/7413] spell False Foes -> pulsating haze of heavy violet smoke clinging low to the target creature, twisti
[2344/7413] monster Clockwork Huntsman -> medium-sized humanoid construct built of interlocking polished brass plates and 
[2345/7413] monster Shoggoth -> massive amorphous mountain of dark pitch-black bubbling tar, undulating mass of 
[2346/7413] monster Anzu -> massive avian monstrosity in flight with a powerful leonine body, a thick coat o
[2347/7413] monster Ngobou -> massive bulky quadrupedal beast, thick dark grey hide resembling rhinoceros skin
[2348/7413] magic-item Chain Shirt of Warding (+2) -> interlocking steel rings forming a long-sleeved chain shirt, heavy iron links et
[2349/7413] magic-item Cleaning Concoction -> spherical glass flask with a narrow neck and a cork stopper, filled to the brim 
[2350/7413] magic-item Forgotten Sword-Master's Blade d8 damage, 2 charges -> longsword with a worn and weathered blue-gray steel blade, slender straight full
[2351/7413] magic-item Forgefire Warhammer -> heavy steel warhammer with a striking head forged in the exact shape of a miniat
[2352/7413] spell Hypnic Jerk -> a sudden flash of deep indigo phantasmal energy shaped like a violently contract
[2353/7413] subclass Oathless Betrayer -> a tarnished steel heraldic shield bearing the emblem of a fractured golden crown
[2354/7413] monster Vampire -> tall humanoid with corpse-pale skin stretched tightly over prominent cheekbones,
[2355/7413] spell Prismatic Spray -> eight distinct dazzling rays of light erupting simultaneously from a single cent
[2356/7413] monster Adult Wasteland Dragon -> huge quadrupedal dragon in flight with a massive elongated body covered in jagge
[2357/7413] feat Feral Instinct -> heraldic shield bearing a rearing wolf head in silver relief against a split fie
[2358/7413] monster Elemental, Rockslide -> massive hulking elemental composed entirely of jagged grey granite boulders and 
[2359/7413] spell Auditory Illusion -> a shifting distortion in the air resembling a translucent, shimmering heat haze,
[2360/7413] monster Dipsa -> tiny translucent aquatic ooze, amorphous gelatinous body with shifting contours,
[2361/7413] magic-item Necklace of Adaptation -> a delicate silver chain suspending a small, perfectly spherical glass orb filled
[2362/7413] monster Green Dragon -> massive quadrupedal reptilian dragon with exceptionally long legs and an equally
[2363/7413] monster Nyctli -> tiny fey humanoid with slender proportions, dark midnight-blue skin, four membra
[2364/7413] monster A-mi-kuk -> massive serpentine aquatic aberration, immense elongated serpentine body caked i
[2365/7413] monster Adult Copper Dragon -> huge quadrupedal reptilian dragon with a massive elongated body, large leathery 
[2366/7413] monster Swarm, Swamp Slirghs -> large conglomerate mass of dark muck and murky swamp water, amorphous undulating
[2367/7413] monster Bull -> massive quadrupedal mammalian body, thick muscular build, dense short-haired bro
[2368/7413] magic-item Howling Rod -> sturdy iron rod, straight cylindrical shaft of dark oxidized iron, topped with t
[2369/7413] magic-item Grave Ward Studded Leather -> fitted black leather cuirass and matching pauldrons, studded uniformly with glea
[2370/7413] magic-item Bloodprice Ring-Mail -> a suit of ring-mail armor forged from dark oxidized iron links riveted to blacke
[2371/7413] monster Void Giant -> massive towering humanoid giant, charcoal-black skin resembling pitted basalt, d
[2372/7413] monster Thuellai -> huge elemental creature formed entirely from a chaotic mass of dark gray storm c
[2373/7413] monster Grizzly Bear -> massive quadrupedal mammalian body, thick dense shaggy brown and silver-tipped f
[2374/7413] monster Ikuchi -> gargantuan serpentine aquatic elemental body composed of dark swirling river slu
[2375/7413] monster Rum Gremlin -> tiny fey creature with a hunched humanoid body, knobby limbs ending in clawed ha
[2376/7413] magic-item Ghost Barding Chain Shirt -> translucent blue-green chain shirt constructed from interlocking metal links tha
[2377/7413] magic-item Talisman of Ultimate Evil -> A heavy black stone medallion shaped like a skull, carved from solid obsidian wi
[2378/7413] monster Shadow Elf High Priest -> tall slender humanoid figure with charcoal gray skin and long stark white hair, 
[2379/7413] monster Warp Panther -> six-legged panther-like feline body, large muscular frame, sleek dark blue fur, 
[2380/7413] spell Earth Leash -> thick tether composed of densely packed soil, crushed stone, and jagged rock fra
[2381/7413] monster Dragon Turtle -> gargantuan aquatic reptilian monster with a massive body, a thick shell of dark 
[2382/7413] spell Magic Weapon -> A steel longsword floating upright in the center of the frame, surrounded by a s
[2383/7413] spell Icy Touch -> a dense circular layer of jagged crystalline frost and opaque white ice spreadin
[2384/7413] monster Wood Elf Sharpshooter -> medium humanoid wood elf with coppery skin and long braided emerald green hair, 
[2385/7413] monster Kobold Broodguard -> small reptilian humanoid standing with a hunched posture, slender muscular build
[2386/7413] monster Mi-Go -> pinkish fungal body resembling a segmented arthropod, four pairs of spindly join
[2387/7413] monster Chronalmental -> large elemental composed of swirling translucent hourglass-shaped crystalline fr
[2388/7413] monster Rat King -> multitudinous mass of dozens of intertwined brown and gray rats fused together a
[2389/7413] magic-item Anchor of Striking -> small rusty iron anchor shaped like a traditional maritime anchor with a vertica
[2390/7413] magic-item Flute of Saurian Summoning -> a slender wind instrument crafted from polished greenish dinosaur bone, wrapped 
[2391/7413] magic-item Grave Ward Plate -> full plate armor crafted from heavy steel polished to a mirror finish, emblazone
[2392/7413] monster Alseid Grovekeeper -> medium monstrosity with the upper torso of a pale human and the lower body of a 
[2393/7413] spell Martial Transformation -> swirling aura of transmutation energy wrapping around the caster, thick tendrils
[2394/7413] monster Risen Reaver -> massive hulking undead skeletal humanoid towering over nine feet tall, rotting s
[2395/7413] magic-item Mace of Smiting -> heavy metallic flanged mace, dark steel shaft wrapped in faded black leather, la
[2396/7413] magic-item Wand of Depth Detection -> straight cylindrical slender wooden wand, rich dark brown walnut grain surface, 
[2397/7413] monster Hyena, Giant -> massive quadrupedal mammalian beast resembling an enormous hyena, towering over 
[2398/7413] monster Fleshspurned -> medium undead humanoid figure with tattered grey flesh stretched taut over a pro
[2399/7413] monster Ettin -> massive two-headed giant standing upright with a thick brutish torso, wide shoul
[2400/7413] subspecies Hill Dwarf -> stocky humanoid standing four feet tall with exceptionally broad shoulders and a
[2401/7413] magic-item Cloak of Invisibility -> heavy ankle-length hooded cloak, fine silken fabric woven from midnight blue and
[2402/7413] monster Kobold, Ghost Hunter -> small reptilian humanoid standing with a rigid posture, covered in coarse scales
[2403/7413] spell Lunar Beam -> a vertical cylindrical column of cool blue and pale white light, five feet in ra
[2404/7413] monster Nightgarm -> massive wolf-like monstrosity with jet-black fur, four muscular legs ending in s
[2405/7413] spell Beast Within -> a swirling aura of dark grey shadow and translucent grey mist wrapping around a 
[2406/7413] monster Harefolk -> small humanoid rabbit-folk standing upright with a noble posture, tall upright f
[2407/7413] magic-item Half Plate of Warding (+3) -> gleaming steel half plate armor consisting of a curved breastplate, matching pau
[2408/7413] monster City Watch Captain -> humanoid male in his late forties with a scarred square jaw, short-cropped iron-
[2409/7413] monster Adult Blue Dragon -> massive quadrupedal reptilian body, enormous leathery wings, vibrant blue scales
[2410/7413] magic-item Dust of Desiccation -> A small, roughly square packet fashioned from coarse, weathered gray parchment, 
[2411/7413] magic-item Greater Scroll of Conjuring -> ancient rolled manuscript of thick yellowed parchment, bound at both ends with t
[2412/7413] monster Soul Eater -> medium fiend creature in flight, skeletal and emaciated humanoid body shape, lea
[2413/7413] spell Silhouette -> a flat two-dimensional silhouette shape composed of pure darkness projected agai
[2414/7413] magic-item Mordant Longsword -> a finely forged steel longsword with a straight double-edged blade and a deep ce
[2415/7413] magic-item Footpad's Friend -> a pair of soft dark brown leather walking shoes, supple stitched seams, flexible
[2416/7413] subclass Grove Warden -> A circular wooden shield carved from thick oak, bearing the heraldic emblem of a
[2417/7413] monster Greater Death Butterfly Swarm -> huge swirling cloud of thousands of large spectral butterflies, each insect poss
[2418/7413] spell Secret Blind -> An immobile five-foot-radius spherical barrier of churning opaque charcoal-black
[2419/7413] feat Magical Cunning -> A circular heraldic shield bearing a centered golden profile of a fox head overl
[2420/7413] monster Grave Behemoth -> massive quadrupedal undead skeletal behemoth, towering skeletal frame composed o
[2421/7413] monster Dead Mans Fingers -> medium humanoid plant creature, dense tangle of withered dark brown and charcoal
[2422/7413] monster Stuhac -> medium humanoid fiend with ashen grey skin stretched taut over a gaunt, skeletal
[2423/7413] spell Heroism -> A towering, translucent humanoid silhouette composed of shimmering golden light 
[2424/7413] feat Weapon Mastery (Ranger) -> crossed metal broadsword and recurve bow forming an X shape, encircled by a twis
[2425/7413] spell Freeze Blood -> dense swirling crystalline frost spreading across a living body, razor-sharp jag
[2426/7413] spell Greater Ley Pulse -> a twenty-foot cube of shimmering violet and emerald magical energy ripples with 
[2427/7413] spell Seed Bomb -> four small spherical seeds glowing with a bright emerald green magical energy, s
[2428/7413] monster Invisible Stalker -> medium-sized elemental body composed of clear swirling air and vapor, hovering i
[2429/7413] monster Black Sun Priestess -> medium humanoid female figure, gaunt ebony skin, tall obsidian-black horns curvi
[2430/7413] spell Absolute Command -> a surge of shifting indigo magical energy and intricate glowing brass clockwork 
[2431/7413] monster Shrieker -> human-sized upright mushroom, thick fibrous cylindrical stalk, bulbous rounded c
[2432/7413] monster Wolf Spirit Swarm -> swarm of spectral translucent lupine silhouettes coalescing into a shifting mass
[2433/7413] spell Tick Stop -> a concentrated pulse of golden-amber temporal energy forming a precise, glowing 
[2434/7413] monster Bulette -> massive quadrupedal monstrosity resembling a land shark, thick armored plates of
[2435/7413] monster Spellhound -> large quadrapedal canine monstrosity, lean muscular build, dark midnight blue sk
[2436/7413] spell Door of the Far Traveler -> a glowing indigo outline of a rectangular door drawn in chalk on a solid vertica
[2437/7413] spell Speak with Nature -> A swirling vortex of translucent emerald green and amber leaf shaped runes, coal
[2438/7413] monster Cockatrice -> small monstrosity with a reptilian scaly body, a feathered avian head with a sha
[2439/7413] monster White Dragon Wyrmling -> small serpentine quadrupedal dragon, slender snow-white scaled serpentine body, 
[2440/7413] monster Ashwalker -> humanoid undead skeletal body, medium height, charred blackened bones covered in
[2441/7413] monster Ala -> medium-sized fey creature in a powerful mid-air banking flight posture, human-li
[2442/7413] monster Minotaur of Baphomet -> massive muscular humanoid body, towering nine feet tall, thick fur covering coar
[2443/7413] magic-item Sentinel Portrait -> rectangular oil painting in a heavy ornate carved dark wood frame, canvas surfac
[2444/7413] monster Spy -> medium humanoid figure standing in a cautious and neutral posture, clad in dark 
[2445/7413] magic-item Ghoulbane Oil -> a small squat stoppered glass flask filled with a rusty-red gelatinous liquid, t
[2446/7413] magic-item Mantle of the Forest Lord -> cloak resembling thick oak bark with a flexible fibrous texture, rough greyish-b
[2447/7413] magic-item Cloak of Protection -> heavy woolen cloak of deep midnight blue, thick and tightly woven fabric, hemmed
[2448/7413] magic-item Communal Flute -> straight slender transverse flute, carved from dark polished ebony wood, surface
[2449/7413] spell Unseen Servant -> a completely invisible and shapeless entity manifesting solely through the visib
[2450/7413] spell Floating Disk -> circular flat disc of translucent force, three feet in diameter, composed of shi
[2451/7413] spell Flaming Sphere -> five foot diameter perfect sphere composed entirely of rolling bright orange and
[2452/7413] spell Ring Ward -> thin vertical metallic band of pure force, fifteen-foot radius, circular ring fl
[2453/7413] monster Soil Snake -> huge serpentine construct composed of densely packed compacted earth and angular
[2454/7413] species Human -> adult human of medium build, standing five and a half feet tall, weighing one hu
[2455/7413] monster Dretch -> small hunched demon with rubbery grayish-purple loose skin, disproportionately l
[2456/7413] monster Goliath Longlegs -> gargantuan arachnid monstrosity, massive bulbous abdomen, eight enormously long 
[2457/7413] magic-item Ring of the Grove's Guardian -> pale gold ring formed from delicately braided metal vines wrapped tightly around
[2458/7413] feat Lightly Armored -> a polished silver shield shaped in a vertical kite contour, an embossed golden s
[2459/7413] monster Vampire Spawn -> medium undead humanoid, emaciated and gaunt body shape with taut ashen-gray skin
[2460/7413] monster Young Red Dragon -> large quadrupedal reptilian body, crimson scales, sprawling leathery wings with 
[2461/7413] spell Captivate -> a swirling vortex of glittering golden rose petals and sparkling magenta musical
[2462/7413] spell Rope Trick -> one end of a sixty-foot hempen rope rising vertically upward into the empty air,
[2463/7413] monster Young Black Dragon -> large quadrupedal reptilian dragon in flight with a long serpentine neck, a tape
[2464/7413] monster Darkmantle -> small squidsized aberration with a bulbous mottled gray stony head tapering into
[2465/7413] spell Labyrinth Mastery -> interlocking glowing gold geometric lines tracing a vast three-dimensional bluep
[2466/7413] spell Withered Sight -> two glowing hollow sockets emitting thin wisps of smoky ash-gray necromantic ene
[2467/7413] spell Ley Energy Bolt -> a straight horizontal beam of crackling multicolored geometric energy one hundre
[2468/7413] magic-item Jar of Ants -> cylindrical glass jar with a slightly tapered neck, fitted with a tightly corked
[2469/7413] spell Doom of Disenchantment -> a swirling aura of crackling violet and indigo energy enveloping a metallic surf
[2470/7413] magic-item Animus needle (d4) -> a small slender copper sewing needle measuring three inches in length, straight 
[2471/7413] monster Cloaker -> large aberration shaped like a dark leathery cloak, flat body composed of cartil
[2472/7413] spell The Black God's Blessing -> thick billows of absolute darkness swirling in a dense spherical mass, tendrils 
[2473/7413] monster Otyugh -> large bulbous grayish-brown bloated body supported by three short sturdy legs, s
[2474/7413] monster Shadow -> medium humanoid silhouette composed of pure darkness and shifting charcoal vapor
[2475/7413] spell Machine Speech -> concentric glowing brass rings spinning rapidly around a focal point, interlocki
[2476/7413] monster Snake Lamia -> large serpentine monstrosity with a muscular lower serpentine body covered in ol
[2477/7413] magic-item Tamer's Whip -> a magical leather whip braided from twelve distinct beast hides showcasing alter
[2478/7413] magic-item Pearl of Power -> spherical deep ocean-blue saltwater pearl, perfectly round, flawless smooth nacr
[2479/7413] spell Conjure Elemental -> a swirling vortex of elemental matter coalescing from nothingness, a towering an
[2480/7413] monster Rhinoceros -> massive heavy-set quadrupedal mammalian body, thick grey hairless skin folded in
[2481/7413] monster Kobold Alchemist -> small reptilian humanoid standing upright with scaled rust-red skin, a slender l
[2482/7413] monster Adult White Dragon -> massive serpentine dragon in mid-air, huge leathery wings fully extended, stark 
[2483/7413] monster Garmvvolf -> huge quadrupedal monstrous canine body shape, massive muscular frame, thick matt
[2484/7413] spell Fear -> a thirty-foot cone of translucent shifting violet and indigo mist, writhing phan
[2485/7413] monster Darakhul -> emaciated humanoid corpse, grey rotting flesh stretched tightly over visible rib
[2486/7413] spell Breath Soup -> A dense, opaque soup-like vapor materializing in a localized volume, churning wi
[2487/7413] monster Ghostwalk Spider -> large arachnid monstrosity with an eight-legged translucent chitinous body, pale
[2488/7413] monster Mortifera -> large aquatic aberration with a massive bulbous body, dark purple skin covered i
[2489/7413] subclass Circle of Wind -> a circular heraldic shield bearing a stylized winged hurricane gale emblem, carv
[2490/7413] spell Awaken -> transmutation magic visibly manifesting as an emerald green botanical energy and
[2491/7413] magic-item Lodestone Caltrops -> small gray leather drawstring pouch, containing dozens of heavy metallic spheres
[2492/7413] magic-item Golden Bolt -> heavy crossbow forged entirely from polished yellow gold, thick wooden stock enc
[2493/7413] spell Create or Destroy Water -> a dense, tumbling cube of falling translucent raindrops materializing instantly 
[2494/7413] magic-item Impact Club -> heavy stout wooden club made of dense ironwood, rough dark brown bark-textured s
[2495/7413] monster Storm Giant -> huge humanoid giant with pale purple-gray skin, thick pale purple-gray hair, and
[2496/7413] spell Overclock -> a glowing golden mechanical gear mechanism vibrating intensely, hundred of tiny 
[2497/7413] monster Reef Shark -> streamlined torpedo-shaped body six to ten feet in length, dark grey upper body 
[2498/7413] monster Nichny -> medium fey creature with a humanoid shape, gaunt and twisted proportions, long t
[2499/7413] spell Thought Wisp -> tiny cloud-like semisolid wisp, glowing electric blue coloration, swirling misty
[2500/7413] monster Shadow Ooze -> medium-sized amorphous mass of absolute darkness, semi-fluid gelatinous consiste
[2501/7413] feat Monster Hunter -> A heraldic shield emblem depicting a stylized silver crossbow and a tapering dag
[2502/7413] monster Adult Brass Dragon -> huge dragon with a massive elongated serpentine body, warm burnished brass-color
[2503/7413] magic-item Mordant Halberd -> long dark iron polearm shaft, pitted and corroded surface, heavy steel halberd h
[2504/7413] monster Chatterlome -> medium fiend, humanoid torso with leathery dark red skin, hunched posture, elong
[2505/7413] feat Cutting Words -> a golden heraldic shield emblazoned with a raised relief of an ornate open scrol
[2506/7413] spell Disaster Fluid -> viscous dark indigo liquid pooling across a square patch of ground, emitting a c
[2507/7413] monster Hirudine Stalker -> medium-sized segmented aquatic monstrosity, elongated tubular muscular leech-lik
[2508/7413] species Tiefling -> humanoid stature, solid red skin, large curling ram horns sweeping back from the
[2509/7413] spell Dispel Evil and Good -> an aura of pale silvery energy encasing a humanoid silhouette, a dense swirling 
[2510/7413] monster Spawn Of Arbeyach -> medium-sized fiendish humanoid body shape, dark reddish-black scythe-like chitin
[2511/7413] monster Aalpamac -> Huge aquatic monstrosity with a serpentine serpentine body and sleek blue-green 
[2512/7413] monster Wampus Cat -> medium-sized feline monstrosity, muscular panther-like body covered in short taw
[2513/7413] monster Ghoul -> emaciated humanoid corpse, medium size, pale grey taut flesh stretched tightly o
[2514/7413] magic-item Sacrificial Knife -> dagger with a straight double-edged steel blade, a central fuller etched with gl
[2515/7413] monster Tembril -> massive serpentine monstrosity, thick scaled hide in mottled shades of dark grey
[2516/7413] magic-item Ghoul Fingers, 3 uses -> a bundle of three severed human fingers, gray and partially mummified, wrinkled 
[2517/7413] spell Bless -> A localized swirling sphere of golden stardust and shimmering amber light motes 
[2518/7413] magic-item Bloodthirsty Trident -> magical trident crafted from dark brushed steel, featuring a long central shaft 
[2519/7413] spell Doom of Voracity -> a circular extra-dimensional pit ten feet in radius and ten feet deep recessed i
[2520/7413] monster Skein Witch -> medium celestial humanoid body shape, wide span of feathered white wings attache
[2521/7413] monster The Barbed -> small humanoid body shape, slender proportions, ashen grey skin covered entirely
[2522/7413] spell Feather Field -> a dense rotating sphere composed of thousands of overlapping chaff feathers in p
[2523/7413] background Recovered Cultist -> middle-aged human cultist in civilian recovery, weary and hollow-eyed demeanor w
[2524/7413] spell Armored Heart -> A human-sized anatomical heart composed of intricate interlocking brass and copp
[2525/7413] monster Savior Lumen -> large celestial entity with a humanoid torso and avian wings, powerful feathered
[2526/7413] monster Rock Salamander -> tiny serpentine elemental, low-slung segmented body encased in a thick crust of 
[2527/7413] subclass Wyrdweaver -> sculpted heraldic shield divided into midnight blue and deep violet quarters, ce
[2528/7413] monster Sky Giant -> massive humanoid giant standing thirty feet tall, slender muscular proportions, 
[2529/7413] spell Temporary Reprieve -> dense sphere of swirling golden light enclosing a human-sized void, rippling con
[2530/7413] monster Coven Night Hag -> gaunt humanoid female figure, hunched posture, dry blue-black skin resembling cr
[2531/7413] feat Grappler -> a circular heraldic shield bearing a centered raised metal relief emblem of two 
[2532/7413] spell Scorching Ray -> three separate incandescent streaks of brilliant orange and yellow fire darting 
[2533/7413] feat Improved Elemental Fury -> A polished circular iron medallion bearing a raised heraldic relief of a roaring
[2534/7413] spell Vampiric Touch -> a human hand wreathed in roiling black and deep violet shadows that swirl in a t
[2535/7413] spell Clear the Board -> A dense wave of jagged purple and indigo spatial energy rippling across the grou
[2536/7413] subspecies Fire Giant -> massive humanoid giant standing eighteen feet tall with a thick muscular build, 
[2537/7413] spell Reverse Gravity -> a vertically oriented cylindrical volume of space fifty feet in radius and one h
[2538/7413] magic-item Odd Bodkin -> a magical dagger with a twisted jagged steel blade, a dark iron crossguard shape
[2539/7413] spell Stupefaction -> pulsating sphere of dull violet energy, three feet in diameter, composed of drif
[2540/7413] spell Ley Storm -> a massive flat horizontal disc of dense roiling stormclouds spanning three hundr
[2541/7413] spell Private Sanctum -> a dome-shaped perimeter of shimmering dimensional distortion marking the boundar
[2542/7413] monster Insect, Giant Scorpion -> huge arachnid body shape, massive chitinous exoskeleton coated in a thick crust 
[2543/7413] monster Lymarien -> tiny fey humanoid in mid-air flight, delicate translucent insectoid wings spanni
[2544/7413] monster Garroter Crab -> tiny aquatic crustacean, dark mottled green and brown chitinous carapace, spindl
[2545/7413] monster Giant Vulture -> huge avian beast with a massive barrel-shaped body, oversized hooked ivory beak,
[2546/7413] magic-item Trident of Fish Command -> a magic trident crafted from dark polished sea-green metal with three long strai
[2547/7413] monster Mummy Lord -> tall humanoid undead creature wrapped tightly in ancient, yellowed linen burial 
[2548/7413] monster Revilock -> medium humanoid figure composed entirely of swirling shadowy vapor, dense obsidi
[2549/7413] magic-item Mirrored Plate -> full suit of heavy plate armor made of steel, flawless mirror-finish polished me
[2550/7413] spell Shared Frenzy -> crimson magical energy pulse radiating outward in a spherical shockwave, jagged 
[2551/7413] magic-item Scepter of Majesty -> stout golden rod of heavy metal, smooth polished surface, intricate engraved fil
[2552/7413] monster Lizard -> tiny quadrupedal reptile, slender low-slung body, four short legs with small cla
[2553/7413] monster Roper -> large grey stony body shaped exactly like a jagged stalagmite, rough rocky exter
[2554/7413] magic-item Bowl of Commanding Water Elementals -> a broad shallow bowl fashioned from pale translucent aquamarine stone, its outer
[2555/7413] spell Winding Key -> a massive golden clockwork key rotating continuously in midair, intricate brass 
[2556/7413] spell Cursed Gift -> dark heavy corruption energy coalescing into a dense malevolent fog wrapping tig
[2557/7413] monster Vampire Bat -> massive leathery wings spanning five feet, dense charcoal-black fur covering a c
[2558/7413] monster Apaxrusl -> medium construct automaton, thick blocky torso of compacted dark gray stone and 
[2559/7413] monster Dust Goblin -> small humanoid creature, slender emaciated frame, ash-gray skin tone, jagged fea
[2560/7413] monster Bearded Devil -> muscular humanoid fiend with crimson scaly skin, long pointed ears, glowing yell
[2561/7413] magic-item Ravager's Axe -> heavy greataxe with a massive double-bitted crescent head forged from dark black
[2562/7413] spell Whirlwind Kick -> vertical spinning aerial column of pale blue kinetic wind and swirling transmuta
[2563/7413] monster Air Elemental -> large churning funneling cloud of whirling white-gray air and dust, towering amo
[2564/7413] monster Ooze, Manure -> medium amorphous mass of foul-smelling dark brown excrement, semi-liquid sludge 
[2565/7413] magic-item Umbral Chopper -> single-edged iron axe head with a dark matte metal surface inset into a wooden h
[2566/7413] magic-item Bookkeeper Inkpot -> small clear glass inkpot, cylindrical base with a flat bottom, narrow tapering n
[2567/7413] spell Time Slippage -> a chaotic distortion of space and air forming an unstable transparent temporal r
[2568/7413] spell Ally Aegis -> transparent shimmering curved barrier of pale blue magical force enclosing a hum
[2569/7413] background Con Artist -> a cunning human con artist with slicked-back raven hair, a sharp neatly trimmed 
[2570/7413] monster Ssadar -> medium humanoid body shape, slender proportions, smooth greyish skin mottled wit
[2571/7413] monster Grimmlet Swarm -> large hovering monstrosity composed of a dense swarm of multi-winged insectoid c
[2572/7413] magic-item Spellguard Shield -> heavy rectangular metal shield forged from polished steel with reinforced brass 
[2573/7413] magic-item Potion of Water Breathing -> small glass flask containing cloudy green fluid, floating translucent jellyfish-
[2574/7413] monster Arborcyte -> massive sentient plant creature, thick woody trunk torso, four sprawling root-li
[2575/7413] monster Quoreq -> medium aberration with a segmented bulbous grey carapace, hunchbacked posture, f
[2576/7413] subspecies Dwarf Chassis -> short stout humanoid stature, heavy muscular build, dense dark metallic iron-gre
[2577/7413] magic-item Bloodfuel Javelin -> slender balanced iron spear shaft, dull dark grey metallic surface with faint re
[2578/7413] spell Morph Earth -> A forty-foot cube of earth undergoing violent transformation, stone splitting an
[2579/7413] magic-item Potion of Greater Healing -> small spherical glass flask, thick dark red tinted crystal walls, stoppered with
[2580/7413] spell Darkbolt -> three jagged streaks of pure black energy, crackling with dark violet static alo
[2581/7413] monster Angel, Zirnitran -> huge towering celestial humanoid with a noble bearing, immense feathered wings s
[2582/7413] magic-item Ghost Barding Scale Mail -> equine-shaped scale mail barding forged from translucent blue-green spectral met
[2583/7413] monster Erina Scrounger -> small humanoid creature with a compact body shape, covered entirely in thick, ha
[2584/7413] magic-item Adamantine Armor -> full suit of heavy plate armor crafted from exceptionally dense adamantine metal
[2585/7413] subclass Snake Speaker -> A bronze heraldic heater shield bearing an embossed, upright viper coiled in a f
[2586/7413] spell Consult the Storm -> a massive swirling vortex of dark violet thunderclouds and crackling electric bl
[2587/7413] magic-item Padded Armor of Warding (+3) -> fitted suit of quilted fabric armor dyed deep crimson, adorned with alternating 
[2588/7413] magic-item Briarthorn Bracers -> pair of dark brown hardened leather forearm bracers, thick curved plates wrappin
[2589/7413] spell Chill Touch -> a ghostly skeletal hand composed of pale blue energy with faint indigo mist curl
[2590/7413] monster Darkmantle -> small squid-like monstrosity with a bulbous mottled gray body tapering to a coni
[2591/7413] spell Reaver Spirit -> swirling vortex of crimson and obsidian energy shaped like a howling humanoid be
[2592/7413] monster Mind Flayer -> bipedal humanoid body of medium height and slender proportions, purple-mauve ski
[2593/7413] spell Ravenless Message -> a translucent streak of spectral violet force shaped like a rushing avian silhou
[2594/7413] monster Alabaster Tree -> huge towering arboreal entity, thick chalk-white bark resembling smooth polished
[2595/7413] spell Toxic Blast -> a compact swirling orb of corrosive green acid, violently radiating a turbulent 
[2596/7413] monster Ancient Void Dragon -> gargantuan quadrupedal dragon with an immense serpentine body, deep indigo scale
[2597/7413] spell Envision -> translucent semi-transparent spectral ocular sphere the size of a human fist com
[2598/7413] magic-item Ring of Invisibility -> simple plain band of pale silvery metal, smooth polished metallic surface reflec
[2599/7413] monster Giant Ant Queen -> massive bulbous cream-colored abdomen twenty feet long, segmented chitinous exos
[2600/7413] spell Decelerate -> A localized spatial distortion manifests around a human-sized silhouette, a tran
[2601/7413] magic-item Molten Hellfire Chain Mail -> interlocking dark crimson iron links forming a full suit of heavy chain mail, sh
[2602/7413] spell Jump -> an intense ripple of emerald green magical energy swirling tightly around the em
[2603/7413] monster Insect, Giant Wasp -> medium flying insect, massive segmented body, bright yellow and black horizontal
[2604/7413] spell Corrosive Burst -> spherical mass of churning emerald-green liquid acid, thick frothing bubbles bur
[2605/7413] monster Lazavik -> tiny fey humanoid creature with slender aquatic proportions, smooth blue-green s
[2606/7413] spell Grease -> a ten-foot square patch of thick, amber-colored oily fluid coating the ground, g
[2607/7413] magic-item Hazelwood Wand -> A slender twig of pale golden-brown hazelwood, roughly twelve inches in length, 
[2608/7413] monster Grimlock -> medium humanoid body shape, completely hairless and ash gray skin, smooth and ta
[2609/7413] spell Blood-Writ Bargain -> two thick scrolls of yellowed parchment unfurled in midair, suspended by coiling
[2610/7413] magic-item Figurine of Wondrous Power (Tin Dog) -> small metallic statuette cast in the shape of a seated hound, forged entirely fr
[2611/7413] magic-item Staff of the Armada -> thick wooden quarterstaff fashioned from a weathered galleon mast, polished dark
[2612/7413] spell Necrotic Touch -> swirling tendrils of ashen black smoke and jagged crackling bolts of sickly gree
[2613/7413] monster Koralk -> large muscular fiend with crimson skin, towering humanoid silhouette, massive cu
[2614/7413] spell Harsh Light of Summer’s Glare -> a sudden spherical wave of blindingly intense white sunlight expanding outward f
[2615/7413] magic-item Pact Paper -> a rectangular sheet of smooth vellum-like paper made from interlocking iridescen
[2616/7413] spell Glyph of Warding -> a glowing geometric warding circle inscribed flat upon a stone floor, composed o
[2617/7413] magic-item Magma Mantle -> cracked black leather cloak, warm exterior surface, network of fissures glowing 
[2618/7413] monster Isonade -> gargantuan serpentine marine monstrosity, colossal aquatic beast, dark blue scal
[2619/7413] monster Haleshi -> Large humanoid fey creature with sleek iridescent blue skin and webbed fingers, 
[2620/7413] monster Holler Spider -> tiny arachnid body shape, pitch-black segmented chitinous exoskeleton, eight spi
[2621/7413] monster Illhveli, Nauthveli -> gargantuan aquatic serpentine monstrosity, massive undulating oceanic body cover
[2622/7413] magic-item Spyglass of Summoning -> collapsible brass handheld spyglass composed of three sliding cylindrical metal 
[2623/7413] monster Roper -> large grey rock-textured monstrosity shaped like a jagged stalagmite, conical bo
[2624/7413] magic-item Impaling Rapier -> slender steel rapier blade tapering to a needle-sharp point, polished silver-whi
[2625/7413] spell Heal -> a swirling vertical column of bright golden-yellow and emerald-green light, comp
[2626/7413] spell Conjure Fey -> a shimmering tear in reality surrounded by swirling emerald green mist and falli
[2627/7413] magic-item Muffled Splint -> heavy splint armor suit composed of vertical overlapping steel plates, a dull ch
[2628/7413] spell Storm of Vengeance -> massive churning dark gray storm cloud filling the upper air, dense roiling vapo
[2629/7413] monster Dogmole -> medium-sized mammalian beast with a stout barrel-shaped body, thick loose-fittin
[2630/7413] monster Caustic Charger -> huge quadrupedal monstrosity with a muscular subterranean burrowing body, thick 
[2631/7413] spell Crown of Thorns -> circlet of rigid black thorny branches floating inches above a humanoid head, ja
[2632/7413] monster Bouda -> humanoid bipedal hyena fiend, medium height with a muscular and sinewy build, co
[2633/7413] magic-item Ring of Feather Falling -> A thick band of burnished platinum, intricately engraved along its outer circumf
[2634/7413] monster Swarm of Fire Dancers -> swarm of numerous medium elemental beings hovering closely together in midair, e
[2635/7413] magic-item Ring Mail of Warding (+2) -> interlocking steel rings forming a heavy knee-length hauberk, dull grey metal su
[2636/7413] feat Improved Brutal Strike -> a heavy circular iron heraldic medallion, engraved with a pair of crossed jagged
[2637/7413] spell Dream -> translucent swirling violet mist shaped into a vague human silhouette, drifting 
[2638/7413] spell Pocket Sun -> a sphere of concentrated blinding white light, six feet in diameter, emitting ou
[2639/7413] monster Lou Carcolh -> giant amphibious gastropod monster, immense glistening dark purple slime-covered
[2640/7413] spell Heartstrike -> translucent spectral energy archers formed from glowing pale blue force lines dr
[2641/7413] magic-item Spice Box of Zest -> small square wooden box, intricately carved exterior featuring miniature relief 
[2642/7413] spell Winged Spies -> a dense swarm of countless jet-black avian forms wheeling through the air in a u
[2643/7413] monster Smaragdine Golem -> massive humanoid construct carved from translucent emerald crystal blocks fitted
[2644/7413] spell Arcanist's Magic Aura -> A semi-transparent spherical field of shimmering indigo energy ripples outward i
[2645/7413] monster Awakened Shrub -> small animated deciduous shrub, humanoid body shape roughly two and a half feet 
[2646/7413] spell Giant Insect -> transmutation magic energy radiating as a shimmering violet aura enveloping mult
[2647/7413] monster Necromancer -> medium humanoid wizard, gaunt posture, sunken pale face with dark hollows around
[2648/7413] magic-item Dagger of Returning, 3 charges -> steel dagger with a double-edged leaf-shaped blade, slender central fuller, cros
[2649/7413] spell Find the Flaw -> a shimmering crystalline fracture pattern spreading across a metallic surface, g
[2650/7413] feat Extra Attack (Fighter) -> a heraldic heater shield bearing an embossed steel emblem of two crossed longswo
[2651/7413] monster Ancient Aboleth -> huge sluglike aquatic aberration, massive fleshy dark blue cylindrical body tape
[2652/7413] spell True Strike -> a concentrated sphere of pale silver divination energy hovering in midair, compo
[2653/7413] magic-item Moonsteel Rapier -> slender rapier with a long straight double-edged steel blade that emits a pale i
[2654/7413] monster Hezrou -> massive bulky bipedal fiend with toadlike proportions, warty slimy dark green sk
[2655/7413] monster Remorhaz -> massive segmented centipede-like monster with a low-slung heavily armored chitin
[2656/7413] spell Heart to Heart -> two translucent human hearts floating side by side in midair, connected by a thi
[2657/7413] magic-item Fanged Mask -> tribal wooden mask shaped to a humanoid face with carved tribal patterns, dark b
[2658/7413] background Barber-Surgeon -> middle-aged human man standing with a stern posture, wearing a dark grey canvas 
[2659/7413] monster Jaculus -> small serpentine dragon in midair, slender scaled body covered in emerald green 
[2660/7413] monster Bugbear -> hulking medium humanoid with massive muscular build, coarse mangy fur of dark br
[2661/7413] monster Gnoll Havoc Runner -> medium humanoid canine-headed monstrosity, tall and lank-limbed with a hunched m
[2662/7413] spell Ultimate Sacrifice -> a thick leather-bound tome suspended in midair, a dense sphere of crimson and go
[2663/7413] feat Pact of the Chain -> an ornate medieval heraldic shield bearing a raised metal emblem of three heavy 
[2664/7413] monster Kalke -> small quadrupedal fiend, slender reptilian body covered in jagged crimson scales
[2665/7413] spell Dominate Monster -> a dense cloud of iridescent violet and deep indigo magical energy forming thick 
[2666/7413] monster Black Dragon Wyrmling -> medium quadrupedal dragon in flight with a sleek serpentine body, coal-black sca
[2667/7413] monster Phoenixborn Sorcerer -> medium humanoid in flight, warm copper skin patterned with intricate gold-etched
[2668/7413] monster Eala -> small quadrupedal monstrosity with a compact avian body, covered in dense downy 
[2669/7413] spell Winter's Woe -> blizzard of jagged ice shards and swirling razor-sharp snowflakes, massive swirl
[2670/7413] monster Mule -> medium-sized equine quadruped beast, compact muscular body, thick reddish-brown 
[2671/7413] monster Emerald Dragon Wyrmling -> medium serpentine emerald dragon wyrmling with shimmering green scale patterns c
[2672/7413] monster Kot Bayun -> gigantic feline monstrosity with sleek silver fur, an elongated muscular body, a
[2673/7413] monster Redcap -> wizened undersized gnome-like fey, hunched back, sinewy muscular frame, pale wri
[2674/7413] magic-item Apparatus of the Crab -> large heavy iron barrel shaped like a giant crustacean, rough dark gray rusted m
[2675/7413] magic-item Staff of the Peaks -> a slender quarterstaff formed entirely of transparent, colorless rock crystal, f
[2676/7413] magic-item Lock Powder, one use -> a coarse greyish-green powder composed of dried amphibian remnants, stored insid
[2677/7413] monster Goblin Captain -> small humanoid, hunched posture, wiry musculature, mottled green skin with scarr
[2678/7413] monster Adult Flame Dragon -> huge quadrupedal dragon in mid-flight with an elongated serpentine neck, a broad
[2679/7413] monster Ooze, Scintillating -> large amorphous gelatinous blob, constantly shifting translucent body composed o
[2680/7413] magic-item Spell Scroll -> tightly rolled cylinder of aged parchment, yellowed and brittle with frayed and 
[2681/7413] spell Sunbeam -> a thick, blindingly intense beam of brilliant white and pale gold sunlight strea
[2682/7413] monster Nkosi War Ostrich -> massive flightless bird, towering twelve feet tall, thick muscular legs ending i
[2683/7413] feat Improved Blessed Strikes -> a heraldic heater shield bearing an embossed golden sunburst emblem with twelve 
[2684/7413] feat Dual-Wielding Expert -> two crossed longswords centered within a circular heraldic shield, pommels point
[2685/7413] monster Badger -> tiny low-slung quadrupedal burrowing mammal, stout cylindrical body covered in c
[2686/7413] spell Riptide -> a surging wall of pressurized seawater forming a churning twenty-foot square wav
[2687/7413] feat Boon of Irresistible Offense -> A heraldic shield displaying a heavy iron broadsword crossed diagonally with a j
[2688/7413] spell Major Genesis -> A solid block of forged iron and granite measuring five cubic feet, a dense geom
[2689/7413] magic-item Potion of Giant Strength (Hill) -> stout flask made of thick clear glass with a cork stopper, filled with a transpa
[2690/7413] magic-item Ioun Stone -> small dusty crystal, geometric polyhedron shape, smooth translucent facets, eart
[2691/7413] magic-item Armor of Resistance -> A meticulously crafted suit of heavy plate armor forged from dark blackened stee
[2692/7413] spell Breathtaking Wind -> swirling dense column of frigid white mist and howling pale blue wind currents f
[2693/7413] monster Hydra -> massive reptilian aquatic monster, heavy crocodilian body covered in thick dark 
[2694/7413] magic-item Scroll of the Giants, Spellbook, bulky -> massive giant-sized pull-out scroll constructed from interlocking curved white w
[2695/7413] monster Tosculi Warrior -> small insectoid monstrosity, slender chitinous exoskeleton of mottled dark amber
[2696/7413] magic-item Bone Skeleton Key -> an ancient master key carved entirely from aged yellowed bone, a cylindrical sha
[2697/7413] monster Alchemist -> small humanoid alchemist standing in a hunched posture, wiry and frail build, wr
[2698/7413] monster Shadow Goblin -> small humanoid creature with emaciated limbs, gaunt proportions, charcoal-gray s
[2699/7413] magic-item Second Wind -> a simple ring crafted from tarnished reddish-brown copper, featuring a smooth ci
[2700/7413] monster Amphibolt -> large massive aquatic monstrosity with a sleek muscular amphibian body, dark blu
[2701/7413] magic-item Stonechewer Gauntlets -> a pair of massive gauntlets forged from dull dark-gray adamantine, covered in th
[2702/7413] monster Gold Dragon Wyrmling -> small quadrupedal reptilian body, gleaming metallic gold scales, powerful bat-li
[2703/7413] monster August Rooster -> medium monstrosity resembling an oversized rooster, aggressive forward-leaning p
[2704/7413] spell Counterspell -> a swirling spherical barrier of translucent indigo force energy, shimmering conc
[2705/7413] monster Guard Squad -> three muscular human guards standing in a tight defensive formation, clad in den
[2706/7413] spell Arcane Sword -> a floating spectral longsword formed entirely from crackling violet magical forc
[2707/7413] spell Animal Messenger -> tiny spectral woodland beast silhouette composed of translucent shimmering emera
[2708/7413] monster Vorthropod -> aquatic medium monstrosity with a segmented carapace, sleek streamlined body sha
[2709/7413] monster Mask Wight -> haggard undead humanoid of medium stature, withered grey flesh stretched tight o
[2710/7413] monster Adult Mithral Dragon -> huge quadrupedal dragon with an elongated serpentine neck and body, large powerf
[2711/7413] magic-item Sun Blade -> hiccup-style metallic hilt, heavy round pommel, curved crossguard of dark gunmet
[2712/7413] monster Mahoru -> massive quadrupedal monstrosity with a bulky muscular torso, thick grey-hided sk
[2713/7413] spell Silence -> a twenty-foot-radius spherical spatial anomaly, absolute void of physical matter
[2714/7413] monster Azer Sentinel -> humanoid elemental composed of living bronze skin and roaring flames, medium siz
[2715/7413] monster Ancient Green Dragon -> Gargantuan serpentine emerald-green dragon in flight, massive sweeping membranou
[2716/7413] spell Glyph of Power -> glowing violet arcane inscription inscribed on a flat stone surface, intricate g
[2717/7413] monster Kuunganisha -> small fiend with a compact humanoid torso, slender leathery wings spanning twice
[2718/7413] monster Faerie Dragon -> tiny cat-sized dragon in mid-flight with vibrant rainbow-hued scales, large irid
[2719/7413] monster Lacedon -> emaciated humanoid undead corpse, waterlogged gray decaying skin stretched tight
[2720/7413] monster Dwarven Ringmage -> medium humanoid dwarf with a stocky muscular build, weathered pale skin, braided
[2721/7413] subspecies Mutated -> tall slender humanoid stature, wiry muscular build, ashen gray skin, chalk white
[2722/7413] monster Deer -> slender quadrupedal mammal with a compact body, long thin legs ending in small d
[2723/7413] magic-item Song-Saddle of the Khan -> ergonomically contoured horse saddle, rich dark brown enchanted leather, smooth 
[2724/7413] magic-item Encouraging Breastplate -> a magical steel breastplate forged from polished silvered metal, contoured to fi
[2725/7413] monster Archmage -> elderly human male humanoid of medium build, deeply lined and wrinkled face, lon
[2726/7413] monster Myrmex -> medium-sized humanoid elemental with a rugged body caked in thick compacted eart
[2727/7413] monster Yeti -> hulking simian monstrosity, massive muscular body covered in thick snow-white fu
[2728/7413] spell Warrior's Instincts -> A localized atmospheric distortion of faint amber air currents swirling in rapid
[2729/7413] magic-item Skull Cap, 1 charge -> metal helmet fashioned in the exact anatomical shape of a human skull, smooth po
[2730/7413] magic-item Bracers of Strength, d6 charges -> A matching pair of thick copper bracers shaped to cover most of the forearm, the
[2731/7413] monster Acolyte -> humanoid figure of medium height and slender build, standing in an upright postu
[2732/7413] magic-item Scrimshaw Comb -> scrimshaw comb carved from a single piece of yellowed whale bone, rectangular fl
[2733/7413] magic-item Whalerʼs Lodestone -> A palm-sized magnetic lodestone of dark grey iron ore, roughly carved into the m
[2734/7413] spell Thwart the Elements -> A protective aura of pale blue prismatic geometric planes encasing a target, rig
[2735/7413] monster Ancient Black Dragon -> gargantuan quadrupedal dragon with pitch-black scales, massive bat-like wings sp
[2736/7413] subspecies Hill Giant -> massive humanoid standing sixteen feet tall with a thick, heavy-set build, slopi
[2737/7413] monster Scarlet Ibis -> medium avian monstrosity in mid-flight, long slender body, deep scarlet feathers
[2738/7413] monster Kikimora -> medium fey humanoid female creature with gnarled wooden skin and knotted bark li
[2739/7413] subclass Gambling General -> heraldic shield featuring a crossed golden playing card and a steel cavalry sabe
[2740/7413] magic-item Blade of the Temple Guardian -> shortsword with a straight slender steel blade, a simple crossguard of brushed b
[2741/7413] magic-item Frost Pellet -> small spherical magic item, fashioned from thick rubbery shark stomach lining, d
[2742/7413] spell Snow Boulder -> a massive sphere composed of densely packed swirling white snow and glittering i
[2743/7413] monster Imperator, Penguin Swarm -> huge aquatic beast shaped like a colossal penguin, immense heavy body with dense
[2744/7413] monster Gladiator -> muscular human gladiator in an aggressive stance, short-cropped dark hair, heavy
[2745/7413] spell Simple Illusion -> shimmering semi-transparent spectral duplicate, faint blue translucent energy si
[2746/7413] spell Commune -> a vertical opening tear in the air outlined by thin golden light, a radiant pill
[2747/7413] monster Elder Vampire -> emaciated humanoid body shape, pale grey desiccated skin stretched taut over pro
[2748/7413] monster Ghost Dwarf -> medium undead humanoid dwarf, translucent grey ghostly body, hovering above the 
[2749/7413] spell Clairvoyance -> transparent spherical orb the size of a human fist floating motionless in midair
[2750/7413] monster Kobold Spellclerk -> small humanoid reptilian creature, slender scaly body, rust-brown scales, hunche
[2751/7413] monster Giant Ant -> enormous amber colored ant, massive segmented thorax, large rounded abdomen, thr
[2752/7413] monster Monkey'S Bane Vine -> massive thick woody vine, dull greyish-brown bark, twisting coiling posture, num
[2753/7413] monster Spawn of Rhopalocerex -> large hovering fiend with a massive insectoid body, wide leathery bat wings span
[2754/7413] magic-item Sword of Life Stealing -> An elegant longsword with a dark obsidian blade etched with crimson runes along 
[2755/7413] spell Ring Strike -> two solid iron bands, three inches in diameter, revolving in a horizontal orbit,
[2756/7413] spell Curse of Dust -> thick swirling cloud of bone-dry gray desert dust and microscopic ash particles 
[2757/7413] monster First Servant -> medium humanoid figure, rigid posture, featureless smooth metallic gray mask cov
[2758/7413] magic-item Map of the Predator -> aged dark brown stretched leather scroll, rectangular parchment sheet, rough unt
[2759/7413] monster Div -> small elemental creature, roughly humanoid body shape, dense swirling smoke-like
[2760/7413] magic-item Bloodfuel Blowgun -> slender dark iron blowgun tube, polished crimson-stained brass mouthpiece, intri
[2761/7413] spell Boreas’s Breath -> a massive twenty-foot cube of jagged, solid blue-white ice erupting instantly fr
[2762/7413] monster Lamia -> large monstrosity featuring a beautiful humanoid female upper body with long dar
[2763/7413] magic-item Wand of Giggles -> a slender wooden wand polished to a pale ash-blonde finish, carved from a single
[2764/7413] magic-item Constant Dagger -> a rare magical dagger with a straight steel blade etched with geometric repeatin
[2765/7413] spell Distraction Cascade -> a burst of fractured azure and silver light erupts around a medium-sized humanoi
[2766/7413] feat Keen Intellect -> an intricate heraldic shield divided diagonally, featuring a sharp profile of a 
[2767/7413] spell Miniaturize -> a dense swirling vortex of iridescent silver and indigo energy sparks, collapsin
[2768/7413] monster Malphas (Storm Crow) -> medium-sized avian fey creature, sleek midnight-black feathered body with an elo
[2769/7413] magic-item Ash of the Ebon Birch -> cylindrical ceramic jar containing a thick viscous paste with a deep cerise red 
[2770/7413] magic-item Blue Rose -> single unblown magical rose, deep cerulean blue petals with a velvet texture, pa
[2771/7413] background Trader -> middle-aged human male trader with weathered skin and crow's feet around observa
[2772/7413] background Lyceum Student -> young human student wearing heavy woolen robes in dark navy blue with stiff silv
[2773/7413] spell Conjure Construct -> a swirling spatial tear of violet magical energy and crackling blue arcana coale
[2774/7413] monster Ankou Soul Seeker -> large quadrupedal dragon in mid-flight with an arched serpentine body, massive l
[2775/7413] monster Vile Barber -> small humanoid fey creature with gray wrinkled skin, long pointy ears, oversized
[2776/7413] magic-item Trollsblood Elixir -> small cylindrical glass vial filled with a thick opaque bright pink liquid that 
[2777/7413] monster Sanddrift Drake -> large quadrupedal reptilian dragon with a heavily muscled serpentine body and po
[2778/7413] background Kettlewright -> middle-aged human tinker with a soot-stained face and calloused hands, wearing a
[2779/7413] feat Interception -> a circular heraldic shield emblem made of polished steel, crossed with a pair of
[2780/7413] spell Mass Healing Word -> six distinct swirling clusters of emerald green and pale gold flower-shaped ligh
[2781/7413] magic-item Philter of Love -> crystal vial shaped like a delicate heart, polished rose quartz glass body, shim
[2782/7413] spell Modify Memory -> a swirling vortex of pale blue and violet magical energy particles forming a den
[2783/7413] monster Faerie Dragon Familiar -> tiny dragon in flight, extremely small serpentine body covered in iridescent sca
[2784/7413] magic-item Cordial of Understanding -> small bulbous glass flask, short narrow neck with a flared lip, stoppered with a
[2785/7413] magic-item Wand of Vapors -> slender straight cylindrical hollow glass wand, translucent transparent glass ma
[2786/7413] magic-item Worg Salve -> small squat ceramic jar, dark charcoal-grey glazed earthenware surface, rough-he
[2787/7413] monster Ruby Ooze -> medium amoeboid ooze, translucent deep ruby red gelatinous mass, irregular shift
[2788/7413] magic-item Arrow-Catching Shield -> sturdy circular steel shield, polished gunmetal grey surface, concentric engrave
[2789/7413] spell Toxic Pollen -> a dense billowing sphere of chartreuse and sickly yellow pollen particles swirli
[2790/7413] spell Darkvision -> a translucent swirling indigo aura enveloping a pair of human hands, faint viole
[2791/7413] spell Inconspicuous Facade -> a translucent shimmering grey semi-spherical illusionary dome of magical energy 
[2792/7413] monster Duskthorn Dryad -> medium humanoid fey creature, slender female silhouette, skin textured like dark
[2793/7413] monster Fomorian -> huge giant with a grossly misshapen and warty body, extremely deformed anatomy w
[2794/7413] background Hermit -> middle-aged human hermit with a deeply weathered face, sunken cheeks, and unkemp
[2795/7413] monster Shark, Reef -> sleek hydrodynamic medium-sized aquatic body, streamlined dark grey upper body t
[2796/7413] monster Spider Thief -> small mechanical spider construct, eight jointed metallic legs with pointed tips
[2797/7413] monster Weasel -> tiny slender mammalian body with brown fur, short stubby legs with sharp claws, 
[2798/7413] monster Fennec Fox -> tiny quadrupedal desert fox, slender body, tapered muzzle, short legs, thick taw
[2799/7413] subclass Haunted Warden -> A raised heraldic crest featuring a tarnished iron shield bordered by spiked bri
[2800/7413] magic-item Brass Snake Ball -> heavy spherical metal object, solid cast brass material, six inches in diameter,
[2801/7413] monster Pelagic Blush Worm -> gargantuan aquatic monstrosity, immense segmented cylindrical body tapering to a
[2802/7413] monster Garlicle -> small bulbous plant creature covered in packed earth and dry roots, four stubby 
[2803/7413] spell Creation -> a swirling vortex of raw violet arcane energy coalescing into a solid five-foot 
[2804/7413] spell Right the Stars -> a cosmic conjuration effect manifesting as a swirling vortex of deep indigo spac
[2805/7413] magic-item Amulet of Memory -> a spherical gold locket, engraved with two cresting waves facing away from each 
[2806/7413] magic-item Voidskin Cloak -> pitch-black hooded cloak, ankle-length garment crafted from thin leather with a 
[2807/7413] magic-item Greater Potion of Troll Blood -> thick-walled globular glass flask filled with a viscous opaque crimson liquid th
[2808/7413] spell Magic Seal -> a circular planar glyph inscribed directly onto a wooden surface, composed of in
[2809/7413] monster Green Hag -> hunched humanoid female humanoid body shape, medium size, rotting olive green sk
[2810/7413] feat Fiendish Resilience -> a heavy iron heraldic shield bearing an embossed emblem of a stylized barbed fie
[2811/7413] spell Curse of Weakness -> ghastly ashen grey energy flickering within a ten-foot radius spherical boundary
[2812/7413] monster Flab Giant -> massive towering humanoid giant, grotesque obese flabby body covered in sagging 
[2813/7413] monster Necrotech Bonecage Constrictor -> huge undead serpentine monstrosity, skeletal skeletal ribcage forming a continuo
[2814/7413] subclass Spore Sorcery -> bronze heraldic shield bearing an embossed central emblem of a human skull entwi
[2815/7413] spell Programmed Illusion -> a phantasmal, translucent magical projection shaped like a life-sized standing h
[2816/7413] monster Sphinx -> a large winged monstrosity with the muscular body of a golden-furred lion, the m
[2817/7413] monster Lotus Golem -> large humanoid construct, carved from dark weathered stone, integrated blooming 
[2818/7413] magic-item Encouraging Ring Mail -> heavy metal ring mail suit composed of interlocking iron rings riveted to supple
[2819/7413] magic-item Spear of the Western Whale -> long whaling spear, heavy pliant ash wood shaft, pale yellow-white bone point, l
[2820/7413] monster Herald Of Darkness -> large muscular humanoid fiend, in mid-flight posture, dark ashen gray leathery s
[2821/7413] monster Bear King -> massive humanoid bear creature with thick russet fur, standing upright on two mu
[2822/7413] monster Mahoru -> Massive aquatic monstrosity with a hulking, broad-shouldered serpentine body cov
[2823/7413] monster Nodosaurus -> massive quadrupedal dinosaur, heavy robust torso, low-slung posture, short muscu
[2824/7413] monster Wyvern -> large serpentine draconian monster, massive heavy-set reptilian body covered in 
[2825/7413] monster Noctiny -> medium humanoid silhouette, elongated slender limbs, ash-gray skin tightly stret
[2826/7413] monster Ancient Mandriano -> huge menacing plant creature, towering thick woody central trunk with deeply fis
[2827/7413] spell Pyschic Touch -> translucent violet ethereal tendrils of psychic energy swirling outward from a p
[2828/7413] spell Tireless -> a swirling aura of dense translucent amber light shaped into jagged intersecting
[2829/7413] magic-item Plate of Warding (+3) -> heavy full plate armor forged from dark blackened steel, entire surface intricat
[2830/7413] monster Spire Walker -> tiny humanoid fey creature, elongated slender proportions, pale translucent skin
[2831/7413] monster Boot Grabber -> small aberrant creature, roughly humanoid body shape, squat proportions, pale ru
[2832/7413] spell Greater Seal of Sanctuary -> a circular geometric sigil inscribed flat upon stone, glowing pale golden lines 
[2833/7413] spell Prismatic Bolt -> streak of turbulent multicolored energy, violently shifting hues of ruby red, em
[2834/7413] spell Arcane Lock -> intricate glowing blue geometric runes sealing a wooden doorframe, tight interlo
[2835/7413] subclass Hunt Domain -> a heraldic shield emblem featuring a crossed hunter bow and long dagger against 
[2836/7413] monster Dragon, Prismatic Adult -> huge quadrupedal dragon with massive swept-back horns and a long segmented tail,
[2837/7413] magic-item Marvelous Pigments -> A collection of small heavy ceramic pots with glazed multicolored surfaces, cont
[2838/7413] spell Arcane Confinement -> four thick glowing magenta ropes bound tightly around an unseen human-sized cyli
[2839/7413] feat Draconic Ancestor — Acid -> a metallic shield bearing a heraldic engraving of a wide-jawed dragon head seen 
[2840/7413] monster Suppurating Ooze -> medium amorphous blob of viscous, putrid green jelly, undulating uneven surface 
[2841/7413] spell Conjure Scarab Swarm -> two dense masses of thousands of metallic iridescent turquoise and copper scarab
[2842/7413] spell Dark Heraldry -> swirling cloud of pitch black smoke forming three amorphous humanoid silhouettes
[2843/7413] monster Bloodsapper -> medium aberration, bulbous soft-bodied mass of mottled purple and grey flesh, bl
[2844/7413] magic-item Farmer Shabti -> one-foot-tall terracotta statuette shaped like a stylized human laborer with rig
[2845/7413] monster Alligator Turtle -> medium-sized quadrupedal reptile, massive armored shell covered in jagged dark g
[2846/7413] monster Skeletal Champion -> humanoid skeleton composed of bleached yellowed bones, medium stature, upright m
[2847/7413] monster Lava Keeper -> huge elemental humanoid formed of jagged black basalt rock and hardened slag, to
[2848/7413] subclass Warrior of the Open Hand -> a circular heraldic shield featuring an open human handprint at the center with 
[2849/7413] magic-item Mirror of Eavesdropping -> circular eight-inch diameter looking glass, polished reflective glass surface, d
[2850/7413] spell Blade Barrier -> a vertical barrier of spinning steel blades and flashing metallic edges forming 
[2851/7413] spell Create Undead -> dark purple and sickly green necromantic energy billowing across the ground in d
[2852/7413] monster Merrow -> large hulking aquatic monstrosity with a muscular humanoid upper body, grey-gree
[2853/7413] spell Batsense -> a swirling aura of translucent silver-gray sound waves composed of hundreds of i
[2854/7413] feat Eldritch Resilience -> a solid iron heraldic shield bearing a centered raised emblem of an unbreaking o
[2855/7413] spell Stinking Cloud -> a sprawling twenty-foot radius sphere of dense, heavy gas, a sickly sulfurous ye
[2856/7413] monster Ashen Custodian -> medium fey humanoid constructed entirely of compacted gray ash and cinder, slend
[2857/7413] spell Spirit Guardians -> a swarm of translucent glowing humanoid spiritual guardians hovering in midair, 
[2858/7413] spell Clearing the Field -> a massive circular shockwave of pale earthen transmutation energy radiating outw
[2859/7413] spell Kareef’s Entreaty -> a dense swirling sphere of pale golden light and soft amber energy particles exp
[2860/7413] magic-item Mordant Glaive -> long polearm with a dark iron haft wrapped in tarnished silver wire, a broad ste
[2861/7413] spell Telepathy -> translucent glowing purple ether, swirling psychic filaments forming two interco
[2862/7413] monster Roachling Skirmisher -> small humanoid body shape, chitinous brown exoskeleton plates covering skin, mul
[2863/7413] monster Snake, Swarm of Poisonous Snakes -> a writhing medium-sized mass of dozens of intertwined slender snakes with scaly 
[2864/7413] monster Young Copper Dragon -> large quadrupedal reptilian dragon in flight, long flexible neck, long whip-like
[2865/7413] monster Witch Queen -> small humanoid female witch queen with pale gray skin, an emaciated frame, long 
[2866/7413] spell Hallucinatory Terrain -> shimmering translucent distortion ripples across a massive rectangular boundary 
[2867/7413] spell Shiver -> a humanoid silhouette filled from within by a swirling dense mass of pale azure 
[2868/7413] magic-item Bonebreaker Mace -> heavy one-handed mace, dark pitted iron haft wrapped in faded black leather, mas
[2869/7413] monster Reptilian -> bipedal humanoid reptile standing seven feet tall with a thick muscular torso an
[2870/7413] magic-item Molten Hellfire Plate -> full suit of heavy plate armor, dark almost black crimson metallic surface, nume
[2871/7413] spell Reverie -> a swirling cloud of pastel pink and lavender mist, drifting in slow hypnotic cir
[2872/7413] spell Shadowy Retribution -> A swirling dense mass of pure darkness shaped like a jagged silhouette of a huma
[2873/7413] monster Pirate -> humanoid male pirate standing in an aggressive combat stance, medium build, sun-
[2874/7413] spell Jump -> vibrant emerald green arcane energy swirling tightly around two muscular legs, g
[2875/7413] monster Weirding Scroll -> tiny animated parchment scroll with rolled ends, two stiff feathered wings sprou
[2876/7413] magic-item Staff of Voices -> dark grey weathered wooden quarterstaff, tall straight cylindrical shape, surfac
[2877/7413] monster Astral Snapper -> medium-sized aberration with a globular, purplish-gray fleshy body, a massive ga
[2878/7413] monster Backup Holler Spider -> tiny spider beast, round abdomen, eight thin jointed legs, dark chitinous exoske
[2879/7413] spell Extraplanar Request -> a swirling, opaque planar rift shaped like a jagged, vertical tear in space, shi
[2880/7413] subclass Underfoot -> A circular brass heraldic shield featuring an embossed metal design of a sturdy 
[2881/7413] background Scrivener -> middle-aged human male scrivener with a receding graying hairline and tired ambe
[2882/7413] monster Lemure Band -> A large mass of humanoid figures fused together into a writhing agglomeration of
[2883/7413] magic-item Ring of Giant Mingling -> thick heavy band of dark iron forged in a crude oversized proportion, surface et
[2884/7413] spell Necromantic Storm -> massive roiling cloud of charcoal gray storm clouds peppered with floating human
[2885/7413] spell Pass Without Trace -> a circular sphere of shifting inky black shadows and absolute silence, ten feet 
[2886/7413] monster Magma Mephit -> small elemental creature composed of jagged crusts of black rock and cooling sto
[2887/7413] monster Abominable Snowman -> massive bipedal humanoid beast covered in thick shaggy white fur, towering heigh
[2888/7413] monster Mirager -> medium fey quadruped with slender muscular feline body proportions, short sleek 
[2889/7413] monster Serpopard -> large quadrupedal feline body with tawny gold fur, muscular shoulders, long sinu
[2890/7413] subclass Resonant Body -> A polished silver heraldic shield displaying a central metallic tuning fork emit
[2891/7413] monster Mngwa -> muscular quadrupedal feline beast, size of a large leopard, brindle-patterned da
[2892/7413] magic-item Ziphian Eye Amulet -> heavy polished gold medallion circular in shape with an intricate border of rais
[2893/7413] magic-item Bloodthirsty Crossbow Light -> light crossbow fashioned from dark oiled yew wood, steel bow prod with deep bran
[2894/7413] spell False Death -> A volatile corona of crackling dark violet necrotic energy swirling tightly arou
[2895/7413] monster Golem, Tar -> medium humanoid construct formed entirely of thick black bubbling tar, semi-flui
[2896/7413] monster Kobold, Drake Rider -> small reptilian humanoid standing in a confident riding posture, scaly reddish-b
[2897/7413] monster Sap Demon -> small semi-fluid ooze creature, viscous amber-colored sap body, thick translucen
[2898/7413] feat Twinned Spell -> A cast bronze heraldic escutcheon bearing a mirrored pair of identical, outward-
[2899/7413] magic-item Ring of Spell Turning -> thick band of polished platinum, heavy heavy-duty forged metal, intricately engr
[2900/7413] magic-item Resolute Bracer -> thick polished steel wrist guard, rigid cylindrical forearm plate, narrow brass 
[2901/7413] monster Minotaur Skeleton -> massive skeletal minotaur standing upright with towering humanoid proportions, b
[2902/7413] magic-item Thornish Nocturnal -> ancient nautical navigation instrument, circular astrolabe device, tarnished dar
[2903/7413] monster Night Hag -> emaciated humanoid female fiend of medium stature, hunched posture with exaggera
[2904/7413] monster Elementalist -> medium humanoid figure composed entirely of swirling elemental matter, shifting 
[2905/7413] monster Shadow Fey Ambassador -> tall slender humanoid figure with ash-gray skin, angular facial features, pointe
[2906/7413] monster Scout -> medium human scout standing in a vigilant posture, weather-beaten tanned skin, s
[2907/7413] spell Chill Touch -> a ghostly skeletal hand composed of pale blue translucent energy and wisps of gr
[2908/7413] spell Symbol -> a glowing magical glyph inscribed in midair, composed of intricate interlocking 
[2909/7413] monster Veteran -> humanoid warrior of medium build, weathered and muscular physique, short graying
[2910/7413] spell Mind Spike -> a solid tapered spike of concentrated mental force composed of jagged geometric 
[2911/7413] monster Flying Lion -> large quadrupedal monstrosity with the muscular body of a golden-tawny lion, fea
[2912/7413] magic-item Clockwork Mynah Bird -> small mechanical mynah bird nine inches long from beak tip to tail end, construc
[2913/7413] monster Falsifier Fog -> huge hovering undead creature, massive billowing mass of grey and black supernat
[2914/7413] monster Scarsupial -> small quadrupedal marsupial beast, ash-gray fur covered in jagged crisscrossing 
[2915/7413] feat Peerless Skill -> a circular heraldic crest divided diagonally, featuring a polished steel longswo
[2916/7413] spell Produce Flame -> a single compact flame flickering and dancing with intense yellow and orange hue
[2917/7413] spell Throes of Ecstasy -> a localized distortion of the air resembling a shifting, translucent pink and de
[2918/7413] monster Asanbosam -> massive humanoid aberration with ashen gray skin, towering over nine feet tall, 
[2919/7413] monster Eel Hound -> medium serpentine fey creature with a slender undulating hound body, long scaly 
[2920/7413] monster Hundun -> massive four-winged celestial entity in mid-flight, broad humanoid torso with go
[2921/7413] spell Energy Foreknowledge -> a shifting spherical geometric lattice of interlocking crystalline geometric pol
[2922/7413] magic-item Ring of the Frost Knight -> a band of polished white gold, encrusted with a thin, permanent layer of frost a
[2923/7413] monster Sunflower Sprite -> tiny humanoid fey creature, slender upright posture, skin of golden-yellow bark,
[2924/7413] monster Fire Giant -> massive humanoid giant, towering height, charcoal-black skin with cracked fissur
[2925/7413] spell Alone -> a swirling sphere of violet force energy hovering in midair, pulses of deep indi
[2926/7413] spell Sign of Koth -> a massive black magical rune shaped like a jagged angular geometric glyph, hover
[2927/7413] monster Cikavak -> tiny fey humanoid creature in mid-air flight, delicate translucent insectoid win
[2928/7413] monster Paper Drake -> small quadrupedal dragon, slender serpentine body constructed entirely of overla
[2929/7413] spell Bolster Fortifications -> translucent dome of pale golden energy enclosing a stone wall, geometric runes o
[2930/7413] magic-item Healer Shabti -> one-foot-tall human-shaped statuette, sculpted from grey terracotta, holding a s
[2931/7413] magic-item Boots of Striding and Springing -> sturdy knee-high leather boots made of thick dark brown oxhide, reinforced with 
[2932/7413] magic-item Figurine of Wondrous Power (Lapis Camel) -> small carved statuette of a kneeling camel, solid deep blue lapis lazuli stone, 
[2933/7413] spell Find in Nature -> an undulating ephemeral compass needle of pale green energy hovering in midair, 
[2934/7413] magic-item Potion of Animal Friendship -> small glass flask with a cork stopper, filled with opaque muddy brown liquid, ti
[2935/7413] monster Ancient Green Dragon -> gargantuan serpentine quadrupedal dragon, emerald green scales shifting to yello
[2936/7413] magic-item Bloodthirsty Handaxe -> heavy steel handaxe, curved single-bitted blade, dark iron socket, straight wood
[2937/7413] spell Animated Scroll -> an animated magical parchment folded into the precise anatomical shape of a beas
[2938/7413] monster Manabane Scarab Swarm -> a dense swarm of hundreds of medium-sized beetles, each insect featuring an eart
[2939/7413] monster Troll, Tumor -> massive hulking humanoid giant with mottled gray flesh covered in bulbous malign
[2940/7413] monster Forest Marauder -> huge humanoid giant, muscular proportions, rough dark-brown skin, coarse matted 
[2941/7413] magic-item Handy Scroll Quiver -> stiff cylindrical belt quiver crafted from dark brown tooled leather, wide circu
[2942/7413] monster Eonic Drifter -> medium humanoid figure with a featureless translucent gray skin stretched over a
[2943/7413] spell Hirvsth's Call -> a stampeding herd of spectral ponies composed of semi-transparent, pale green en
[2944/7413] monster Akkorokamui -> gargantuan aquatic creature, massive undulating body shape, smooth pale skin wit
[2945/7413] magic-item Dwarven Thrower -> a heavy warhammer with a blocky rectangular steel head etched with deep runic ge
[2946/7413] monster Pishacha -> medium fiend, emaciated humanoid body shape, ashen grey wrinkled skin, hunched p
[2947/7413] monster Cloud Giant -> huge muscular humanoid body, towering humanoid stature, light-colored skin, long
[2948/7413] monster Kobold, Sapper -> small slender scaly humanoid reptilian body, dusty rusty-red skin caked in thick
[2949/7413] monster Monolith Footman -> massive humanoid construct carved from dark monolithic stone, towering humanoid 
[2950/7413] spell Convey Inner Peace -> transmutation magic manifesting as a soft sage green aura shaped like a series o
[2951/7413] spell Night Sphere -> fifty-foot-wide spherical void of absolute darkness, outer boundary mapped with 
[2952/7413] monster Grimlock Technical -> hairless pale grey humanoid body, completely smooth and featureless where eyes a
[2953/7413] monster Revenant -> medium humanoid corpse rising from the earth, pale decaying flesh stretched tigh
[2954/7413] monster Philosopher's Ghost -> translucent gelatinous medium ooze, amorphous semi-liquid body shape shifting sl
[2955/7413] monster Beetle, Clacker Swarm -> swarm of medium beetles, hard segmented chitinous carapaces in mottled shades of
[2956/7413] spell Uncurse -> An undulating field of shimmering pale violet energy surrounds a target, compose
[2957/7413] background Fate-Touched -> human background character, travel-worn dark leather tunic, patched canvas trous
[2958/7413] feat Rimecaster -> a metallic heraldic shield embossed with a jagged ice crystal emblem at its cent
[2959/7413] monster Drainpipe Gargoyle -> medium elemental gargoyle with weathered stone skin, broad bat-like wings spanni
[2960/7413] feat Linguistics Expert -> an ornate circular heraldic shield bearing a centered open book with ancient run
[2961/7413] monster Massive Malleable -> gargantuan amorphous creature of shifting flesh, towering hulking mass of undula
[2962/7413] monster Gold Dragon Wyrmling -> medium-sized gold dragon wyrmling in flight, slender serpentine body covered in 
[2963/7413] magic-item Encouraging Plate -> heavy plate armor crafted from polished steel with gilded brass filigree edging,
[2964/7413] monster Young Boreal Dragon -> large quadrupedal dragon with an elongated serpentine body covered in pale ice-b
[2965/7413] monster Kot Bayun -> massive muscular feline body covered in dense ash-gray fur, long thick prehensil
[2966/7413] monster Sprite -> tiny humanoid fey standing eighteen inches tall with slender proportions, delica
[2967/7413] monster Kobold Warrior -> small reptilian humanoid standing three feet tall with a slender hunched posture
[2968/7413] monster Coralfish -> small aquatic monstrosity shaped like a flattened oval, rigid segmented coral-li
[2969/7413] monster Ogre Chieftain, Corrupted -> massive muscular humanoid giant with ashen grey skin mottled with dark purple co
[2970/7413] magic-item Sanguine Lantern -> a rectangular metal lantern, frosted brown-stained glass panes, tightly sealed s
[2971/7413] spell Ancestor’s Strength -> translucent ethereal blue muscular silhouette shaped like a towering humanoid fi
[2972/7413] spell Looping Trail -> transmuting energy, a winding earthen pathway physically distorting and curving 
[2973/7413] monster Flutterflesh -> large undead skeletal winged creature in flight with tattered grayish skin stret
[2974/7413] spell Burnishing Bubble -> transparent spherical barrier of pure force, flawlessly smooth orb, rigid transl
[2975/7413] monster Dragon, Sand Wyrmling -> medium-sized serpentine dragon in mid-flight with powerful leathery wings outstr
[2976/7413] magic-item Octopus Bracers -> A pair of heavy cast bronze wrist bracers, cylindrical curved metal cuffs, polis
[2977/7413] monster Harpy -> medium monstrosity with the body legs and wings of a vulture combined with the t
[2978/7413] magic-item Prayer Mat -> a small rectangular woven rug, flat fabric surface, intricate sacred iconography
[2979/7413] monster Scorpion Cultist -> humanoid cultist with dark skin, wearing segmented chitinous armor plates carved
[2980/7413] monster Gilded Devil -> medium humanoid fiend with polished gold metallic skin plating over sculpted mus
[2981/7413] monster Master Alchemist -> medium humanoid figure with a gaunt frame, sharp angular facial features, pale s
[2982/7413] monster Storm Spirit -> medium elemental creature with a humanoid upper body and a swirling vortex lower
[2983/7413] monster Monarch Skeleton -> bipedal skeletal humanoid of average human proportions, weathered and yellowed h
[2984/7413] spell Blazing Defense -> a magical round shield formed entirely of roaring, dense orange and crimson flam
[2985/7413] spell Water Wall -> a thirty foot long vertical barrier of churning water five feet thick and ten fe
[2986/7413] spell Extract Foyson -> A concentrated sphere of translucent golden magical energy, three inches in diam
[2987/7413] feat Eldritch Sight -> a metallic circular heraldic shield bearing an embossed central design of a wide
[2988/7413] magic-item Wand of Ignition -> slender straight wand carved from dark charred wood, jagged vertical and branchi
[2989/7413] magic-item Bag of Bramble Beasts -> small drawstring pouch made of coarse drab green canvas cloth, slightly wrinkled
[2990/7413] magic-item Toothsome Purse -> small weathered brown leather pouch with a gathered drawstring neck, a textured 
[2991/7413] spell Arcane Fireworks -> a massive sudden explosion of blinding magical fire, erupting into a towering sp
[2992/7413] spell Imprisonment -> heavy glowing violet chains of crackling arcane energy weaving through the air, 
[2993/7413] feat Multiattack -> a heraldic shield emblazoned with two crossed broadswords behind a glowing centr
[2994/7413] monster Cloud Giant Noble -> huge humanoid giant standing twelve feet tall with an athletic and imposing phys
[2995/7413] monster Ogre, Kadag -> massive towering humanoid giant, heavy muscular build, dark mottled grey skin, t
[2996/7413] monster Lantern Beetle -> tiny winged beetle, rounded chitinous carapace in a dull rust-brown color, six s
[2997/7413] background Artisan -> human artisan standing in a composed posture, wearing a sturdy leather apron ove
[2998/7413] spell Attract -> two metallic iron spheres, each four inches in diameter, suspended in midair wit
[2999/7413] monster Pal-Rai-Yuk -> huge serpentine aquatic monstrosity covered in thick earth-caked dark scales, el
[3000/7413] monster Young Bronze Dragon -> large quadrupedal reptilian body, sleek metallic bronze scales shifting to blue-
[3001/7413] magic-item Honest Earworm, 1 use -> foul-smelling pinky-sized parasitic worm, segmented cylindrical pale pink flesh 
[3002/7413] magic-item Potion of Superior Healing -> small crystal flask, bulbous spherical body with a tapering narrow neck, stopper
[3003/7413] monster Rime Worm -> massive segmented vermiform body covered in thick caked earth and jagged crusts 
[3004/7413] spell Grudge Match -> two opposing groups of humanoid silhouettes outlined in jagged crackling crimson
[3005/7413] monster Giant Frilled Lizard -> massive quadrupedal reptilian beast, long muscular body covered in thick overlap
[3006/7413] monster Swine Thing -> bipedal humanoid monster with the heavy muscular body of a massive boar, thick b
[3007/7413] monster Flab Giant -> massive humanoid giant, towering height, sagging rolls of pale grey and yellowis
[3008/7413] monster Ancient White Dragon -> gargantuan serpentine white dragon, massive feathered wings with tattered membra
[3009/7413] magic-item Scarab of Protection -> a medallion carved in the precise shape of a scarab beetle, fashioned from polis
[3010/7413] spell Conjure Spectral Allies -> swarm of translucent spectral human figures rising upwards from dark graveyard d
[3011/7413] monster Gulper Behemoth -> gargantuan aquatic monstrosity with a massive whale-like reptilian body, mottled
[3012/7413] magic-item Witch Stone, 2 charges -> a smooth oval petrified avian egg, dense stone material, mottled moss green surf
[3013/7413] monster Satyr -> stout human male upper body with warm tan skin, thick curly brown beard and hair
[3014/7413] monster Young Blue Dragon -> large quadrupedal reptilian dragon in flight, massive leathery blue wings spanne
[3015/7413] monster Hippopotamus -> massive barrel-shaped aquatic mammal, dark gray hairless skin with pinkish folds
[3016/7413] feat Channel Divinity (Paladin) -> a polished silver heraldic shield bearing an embossed vertical sunburst with a b
[3017/7413] monster Ramag -> medium humanoid creature, smooth metallic bronze skin etched with glowing blue g
[3018/7413] spell Disguise -> shimmering translucent distortion field encasing a humanoid silhouette, shifting
[3019/7413] monster Riding Horse -> Large quadrupedal mammalian beast with a robust muscular body, long straight bac
[3020/7413] magic-item Burning Skull -> misshapen oversized human skull helm, alien and monstrous proportions, hollow in
[3021/7413] monster Qorgeth -> gargantuan towering burrowing fiend, immense serpentine body coated in thick cru
[3022/7413] magic-item Rod of Repossession -> short metallic rod, cylindrical shaft made of dark iron, surface completely cove
[3023/7413] monster Titanoboa -> gargantuan prehistoric snake, immense muscular serpentine body fifty feet long, 
[3024/7413] feat Extra Attack (Monk) -> heraldic heater shield bearing an embossed golden medallion depicting two styliz
[3025/7413] monster Darakhul Shadowmancer -> emaciated undead humanoid corpse, towering slender height, desiccated gray skin 
[3026/7413] magic-item Feather Token -> small feather fashioned from pale silver metal, tiny delicate barb details etche
[3027/7413] spell Prestidigitation -> a concentrated burst of crackling azure sparks and swirling violet magical energ
[3028/7413] magic-item Earrings of the Storm Oyster -> pair of earrings, deep blue spherical pearls as the core, jagged silver metal se
[3029/7413] monster Algorith -> medium winged construct, geometric metallic body plates of polished brass and ir
[3030/7413] spell Divine Retribution -> an orb of blinding white energy crackling outward from a central point, sending 
[3031/7413] magic-item Ammunition, +1 -> sleek metal arrow with a narrow tapered steel arrowhead, polished silver shaft e
[3032/7413] monster Skeleton -> bleached human skeleton, humanoid skeletal frame with yellowed ivory bones locke
[3033/7413] magic-item Ensnaring Ammunition -> magical arrow with a straight ash wood shaft, fletched with dark green goose fea
[3034/7413] monster Imperial Ghoul -> medium humanoid undead creature, gaunt and skeletal body, taut greyish skin cake
[3035/7413] magic-item Bloodprice Breastplate -> heavy steel breastplate, dark crimson metal surface etched with jagged black vei
[3036/7413] magic-item Scale Mail of Warding (+3) -> articulated scale mail armor crafted from overlapping metallic bronze plates, in
[3037/7413] monster Pescavitus -> small celestial creature with an aquatic humanoid torso and a shimmering fish ta
[3038/7413] monster Foxwoman -> tall slender humanoid female body shape, thick reddish orange fur covering entir
[3039/7413] monster Chaos-Spawn Goblin -> small twisted humanoid body, mottled grey-green skin warped by mutation, disprop
[3040/7413] monster Swarm of Prismatic Beetles -> dense tightly packed swarm of hundreds of small hard-shelled beetles, each insec
[3041/7413] monster Young Wasteland Dragon -> large quadrupedal reptilian dragon in mid-flight, broad jagged wings spanning wi
[3042/7413] spell Life Sense -> pulsing pale green translucent aura expanding in a spherical thirty foot radius 
[3043/7413] spell Blindness/Deafness -> dense cloud of absolute charcoal smoke, inky black vapor swirling tightly in a v
[3044/7413] subclass Swift Strategist -> a polished bronze heraldic shield bearing a raised emblem of an open compass ove
[3045/7413] monster Sand Spider -> large monstrous arachnid body covered in a thick crust of dry baked mud and sand
[3046/7413] spell Beguiling Gift -> shimmering translucent pink and violet magical energy forming an intricate glowi
[3047/7413] spell Water Breathing -> swirling cluster of pale turquoise bubbles and luminous aqua energy threads undu
[3048/7413] monster Fidele Angel -> medium humanoid celestial with large feathered white wings spanning twice its bo
[3049/7413] magic-item Corpsehunter's Medallion -> Amulet crafted from three tiny bleached rat skulls wired together in a tight tri
[3050/7413] spell Librarian's Trap -> swirling vortex of inky black parchment shards shaped like sharp jagged book pag
[3051/7413] spell Malevolent Waves -> a swelling dome-shaped expanse of dark purple transparent haze, churning and und
[3052/7413] spell Word of Recall -> a burst of golden divine energy, a swirling sphere of radiant amber light, twist
[3053/7413] spell Control Weather -> a massive atmospheric disturbance centered overhead, a swirling vortex of dense 
[3054/7413] monster Horse, Riding -> large quadrupedal mammal, powerful barrel-shaped body, deep chest, long muscular
[3055/7413] feat Hardy Adventurer -> a heavy cast iron shield shaped like a medieval heater shield, embossed in high 
[3056/7413] monster Rat King -> a mass of dozens of large brown and black rats fused together by their matted ta
[3057/7413] monster Knight of the Road -> medium humanoid figure clad in rusted iron plate armor completely enveloping the
[3058/7413] monster Eldritch Ooze -> amorphous massive blob of translucent purple jelly, shifting semi-solid mass lac
[3059/7413] magic-item Mace of Disruption -> heavy flanged mace, forged from dull iron and polished silver, crafted with a th
[3060/7413] magic-item Feysworn Contract -> rolled parchment scroll made of pale vellum, inscribed with flowing cursive scri
[3061/7413] spell Cure Wounds -> swirling cloud of faint translucent pink mist condensing into tiny floating drop
[3062/7413] feat Magical Discoveries -> an embossed metallic heraldic shield bearing a centered open scroll flanked by a
[3063/7413] magic-item Encouraging Chain Mail -> a suit of standard-pattern metal chain mail armor forged from interlocking rings
[3064/7413] monster Bandit Captain -> medium human male bandit captain standing in an assertive posture, weathered tan
[3065/7413] magic-item Vorpal Sword -> A straight double-edged steel longsword with a mirror-polished finish, a razor-s
[3066/7413] spell X-Ray Vision -> transparent prismatic energy wave rippling outward in expanding spherical concen
[3067/7413] monster Lemure -> medium fiend, shapeless humanoid mass of pale, dripping molten flesh, vaguely hu
[3068/7413] monster Cavelight Moss -> dense patch of bioluminescent emerald-green moss covering a large subterranean r
[3069/7413] magic-item Digger Shabti -> one foot tall humanoid statuette, sculpted from coarse terracotta clay, rigid up
[3070/7413] magic-item Cataloguing Book -> thick heavy tome bound in dark brown scuffed leather, rectangular spine with fiv
[3071/7413] monster Manticore -> large quadrupedal monstrosity with the muscular body of a golden lion, a vaguely
[3072/7413] spell Wayfinding -> a pulsing vertical ribbon of pale golden light, shaped like a long translucent a
[3073/7413] feat Crossbow Expert -> a circular heraldic shield bearing a heavy steel crossbow mounted horizontally a
[3074/7413] magic-item Staff of Thorns -> gnarled and twisted oak staff, rough brown bark surface, numerous sharp woody th
[3075/7413] magic-item Dancing Caltrops -> handful of small iron caltrops, each featuring four sharp piercing spikes arrang
[3076/7413] monster Shadow Antipaladin -> small humanoid figure draped in tattered midnight-black plate armor, obscured en
[3077/7413] spell Analyze Device -> a translucent, spherical field of pale blue divination energy surrounding a comp
[3078/7413] monster Night Hag -> haggard humanoid female fiend, medium stature, blue-gray skin covered in warts a
[3079/7413] monster Deathcap Myconid -> medium humanoid plant creature, pale spongy grayish-white skin, stalk-like torso
[3080/7413] monster Swarm of Compsognathus -> a churning mass of dozens of tiny bipedal dinosaur-like creatures, each individu
[3081/7413] magic-item Periapt of Proof Against Lies -> pendant fashioned from a curved dark grey dragon claw, tapered point, smooth sca
[3082/7413] magic-item Chillblain Splint -> a set of magic armor forged from overlapping cold blue steel plates, covered in 
[3083/7413] magic-item Big Dipper -> a cylindrical wooden rod of dark weathered walnut wood, carved from a single den
[3084/7413] magic-item Homunculus Nail, 1 use, _petty_ -> small slender iron nail, three inches in length, sharply pointed tip at one end,
[3085/7413] feat Wild Resurgence -> a circular bronze heraldic medallion, a central raised embossed carving of a roa
[3086/7413] monster Bone Devil -> large humanoid fiend in flight with dried yellowish skin stretched tight across 
[3087/7413] magic-item Wand of Extinguishing -> a straight thin wand made of charred and blackened wood, twelve inches in length
[3088/7413] monster Alchemist -> medium humanoid alchemist with a gaunt frame and hunched posture, leathery wrink
[3089/7413] magic-item Crystal Ball -> a six-inch diameter perfectly spherical orb of flawlessly clear polished quartz 
[3090/7413] subspecies Abyssal Tiefling -> tall slender human-shaped humanoid with ashen gray skin, solid crimson eyes lack
[3091/7413] spell Control Water -> massive cubic volume of swirling ocean water within a hundred foot perimeter, se
[3092/7413] magic-item Bookmark of Eldritch Insight -> long narrow strip of aged yellowish linen cloth, frayed at both short ends, surf
[3093/7413] magic-item Forgefire Maul -> two-handed smithing hammer, heavy rectangular iron head shaped precisely like a 
[3094/7413] monster Mamura -> small winged aberration hovering midair, slender humanoid torso with mottled gre
[3095/7413] monster Lantern Hagfish -> slender eel-like aquatic body three feet in length, pale translucent pinkish ski
[3096/7413] monster Cobbleswarm -> Medium monstrosity composed of a tightly packed, animated aggregate of jagged co
[3097/7413] monster Ravenfolk Warrior -> medium humanoid ravenfolk warrior, slender bipedal avian humanoid body, head of 
[3098/7413] magic-item Deck of Illusions -> A small rectangular wooden box with a hinged lid, carved from dark aged oak with
[3099/7413] monster Frog, Giant Poisonous -> massive squat amphibian body, mottled dark green and black slimy skin, thick mus
[3100/7413] magic-item Ghost Thread -> miles-long strand of gossamer silk, translucent silvery-white filament, phase-sh
[3101/7413] magic-item Leaf-Bladed Rapier -> thin curved steel blade, polished metallic edge, intricate bell guard shaped lik
[3102/7413] monster Snake, Giant Poisonous -> medium aquatic beast, serpentine body shape, elongated scaled torso covered in s
[3103/7413] monster Eagle -> small avian raptor, compact streamlined body covered in thick brown feathers, wh
[3104/7413] monster Hill Giant -> huge humanoid giant, massive sloping shoulders, thick barrel chest, disproportio
[3105/7413] spell Phantom Hound -> translucent spectral canine composed of swirling grey vapor and pale smoky mist,
[3106/7413] monster Son of Fenris -> massive muscular wolf-like monstrosity of colossal proportions, thick pelt of co
[3107/7413] spell Ice Fortress -> a cube-shaped structure ten feet on each side constructed entirely of solid tran
[3108/7413] spell Energize Rope -> a thirty-foot length of coarse hempen rope writhing in the air, coiling and undu
[3109/7413] magic-item Clockwork Gauntlet -> heavy articulated steel gauntlet, polished brass plates riveted along the knuckl
[3110/7413] magic-item Tailor's Clasp -> ornate brooch shaped like a weaving spider and scarab beetle hybrid, forged from
[3111/7413] spell Seal Red Portal -> circular tear in space suspended in midair, rimmed by jagged crystalline crimson
[3112/7413] monster Skull Drake -> medium serpentine dragon in midair flight with powerful leathery wings spanned w
[3113/7413] monster Haakjir -> medium burrowing monstrosity with an earth-caked rigid carapace, heavily soiled 
[3114/7413] monster Ley Wanderer -> Huge monstrous aberration, wide muscular quadrupedal body, sprawling leathery wi
[3115/7413] monster Oni -> massive demonic ogre giant with blue skin, wild dark hair, a pair of short curve
[3116/7413] magic-item Universal Solvent -> small cylindrical glass tube, transparent material, capped with a tightly fitted
[3117/7413] spell Fey Food -> a shimmering heap of roasted poultry and dense fruit tarts emitting a swirling m
[3118/7413] magic-item Lucky Eyepatch -> simple black leather eyepatch, oval shape matching the contour of a human eye so
[3119/7413] monster Painted Phantasm -> medium bipedal construct shaped like an ornate mannequin, hollow wooden frame pa
[3120/7413] magic-item Bag of Devouring -> rough, heavy-woven sack made of coarse gray and black canvas cloth, frayed at th
[3121/7413] monster Musk Deer, Swarm -> A dense pack of dozens of small, dog-sized musk deer pressed closely together in
[3122/7413] feat Battle Caster -> A heraldic shield emblem featuring a crossed iron broadsword and a gnarled woode
[3123/7413] feat Forest Denizen -> a circular wooden heraldic shield carved from rich dark oak featuring an intrica
[3124/7413] monster Ankheg -> enormous many-legged insectoid monstrosity, heavy earth-caked brown chitinous ca
[3125/7413] magic-item Serving Bowl -> a simple round wooden serving bowl crafted from dark walnut with a smooth matte 
[3126/7413] magic-item Potion of Skating -> small glass flask of clear crystal with a narrow corked neck, filled with sparkl
[3127/7413] spell Nature's Protection -> A circular aura of dense swirling emerald green leaves, intertwined thorny bramb
[3128/7413] magic-item Blade of the Dervish -> curved steel scimitar with a slender single-edged blade polished to a mirror shi
[3129/7413] monster Drow -> medium humanoid figure, slender and graceful proportions, obsidian black skin, s
[3130/7413] monster Wind Witch -> large hovering plant creature with a thick woody central stalk, numerous sprawli
[3131/7413] monster Meerkat -> tiny slender quadrupedal mammal, elongate body, long narrow snout, small rounded
[3132/7413] magic-item Birch Barque, 1 charge -> folded sheet of pure white birch tree bark, rectangular shape, smooth matte surf
[3133/7413] magic-item Potion of Dire Cleansing -> short faceted glass vial with a thick cork stopper sealed in dark green wax, con
[3134/7413] spell Sacred Circle -> a circular boundary of pale golden energy on the ground, sixty feet in radius, e
[3135/7413] monster Pixie -> tiny humanoid fey standing barely one foot tall, diminutive elf proportions with
[3136/7413] magic-item Consuming Rod -> a magic mace crafted from a humanoid femur bone, dull ivory surface stained with
[3137/7413] monster Horakh -> medium-sized monstrosity creature with a powerful humanoid muscular torso and de
[3138/7413] monster Chain Devil -> medium humanoid fiend wrapped tightly from head to toe in thick metallic iron ch
[3139/7413] magic-item Moon Through the Trees -> a small star-shaped charm composed of six smooth polished grey river stones boun
[3140/7413] monster Owlbear -> massive bearlike body covered in thick shaggy brown fur layered with dense feath
[3141/7413] monster Stryx -> tiny monstrous creature in mid-flight with an elongated reptilian body, four mem
[3142/7413] monster Skein Witch -> medium humanoid celestial in flight, feathered wings spanning twice body width, 
[3143/7413] monster Ancient Wind Dragon -> gargantuan serpentine dragon in midair flight, immense aerodynamic body covered 
[3144/7413] magic-item Ring of Regeneration -> thick band of polished silver, broad flat face engraved with an intricate repeat
[3145/7413] feat Deflector -> raised metallic heater shield emblazoned with a central bold chevron pointing up
[3146/7413] spell Maze -> A swirling dimensional gateway of dark indigo planar energy shaped like a toweri
[3147/7413] magic-item Mutineer's Blade -> a finely balanced scimitar featuring a polished steel curved single-edged blade,
[3148/7413] spell Mass Freeze -> a dense spherical mass of absolute stillness, swirling frost crystals, geometric
[3149/7413] monster Minotaur -> massive barrel-chested humanoid body, bull head with a broad snout and wide nost
[3150/7413] spell Quick Time -> a swirling temporal vortex of translucent sapphire chronomantic energy shaped li
[3151/7413] spell Summon Grave Spirit -> a coalescing humanoid phantom composed of swirling ash-grey mist and dark necrot
[3152/7413] spell Bardo -> a swirling spectral vortex of translucent ash gray and pale violet energy, shape
[3153/7413] magic-item Potion of Air Breathing -> small spherical glass vial filled with pale blue liquid, a single white seagull 
[3154/7413] feat Lightly Outfitted -> a carved wooden round shield bearing a heraldic emblem of a split iron gauntlet 
[3155/7413] monster Ice Willow -> massive gnarled weeping tree, pale frosted bark, drooping branches draped with i
[3156/7413] feat Bardic Inspiration (d12) -> a heraldic escutcheon divided per pale into cobalt and crimson, featuring a twel
[3157/7413] spell Power Word Stun -> concentric rings of pale silver force energy expanding outward in a rapid circul
[3158/7413] spell Fire Storm -> ten contiguous cubic volumes of roaring fire, dense swirling crimson and orange 
[3159/7413] monster Fire Giant -> massive humanoid giant standing eighteen feet tall, extremely muscular and block
[3160/7413] monster Adult Wind Dragon -> huge quadrupedal serpentine dragon in flight with sweeping leathery wings spanni
[3161/7413] monster Young Green Dragon -> massive serpentine green dragon in midair with a long sinuous neck and a whip-li
[3162/7413] monster Pseudodragon -> tiny quadrupedal dragon-like body, bright red-brown scales, slender build, long 
[3163/7413] spell Protective Ice -> translucent pale blue ice crystals forming a rigid, contoured breastplate coveri
[3164/7413] spell Molech's Blessing -> a glowing crimson brand taking the precise shape of a heavy iron gear stamped on
[3165/7413] spell Pyramid of Passivity -> translucent pyramidal barrier of static pale grey energy, floating four-sided ge
[3166/7413] spell Architect's Perfection -> translucent planar construct of crisp geometric lines, a shifting grid of fine g
[3167/7413] monster Adult Gold Dragon -> huge quadrupedal reptilian dragon body, massive sweeping wings spanning wide, lo
[3168/7413] monster Scrofin -> bipedal medium fey humanoid with thick gnarled green skin and patchy bristle fur
[3169/7413] monster Dorreq -> medium humanoid aberration body shape, jagged dark grey stony carapace skin, two
[3170/7413] monster Black Knight Commander -> medium humanoid wearing pitch-black full plate armor covered in jagged spikes an
[3171/7413] monster Dragon, Prismatic Ancient -> gargantuan sprawling dragon, immense serpentine body covered in overlapping scal
[3172/7413] monster Lich -> gaunt and skeletal humanoid figure, withered grayish flesh stretched tight acros
[3173/7413] feat Body and Mind -> a metallic heraldic shield bearing a centered raised emblem, the left half of th
[3174/7413] spell Rain of Blades -> a dense vertical storm of dozens of falling steel weapons including broadswords,
[3175/7413] spell Mass Blade Ward -> a shimmering dome of translucent pale blue force energy, spherical in shape and 
[3176/7413] spell True Seeing -> a manifestation of divination magic consisting of a swirling sphere of transluce
[3177/7413] monster Weaving Spider -> tiny mechanical spider construct composed of interlocking brass clockwork gears 
[3178/7413] background Destined -> human traveler with a weary demeanor, standing in a relaxed posture wearing patc
[3179/7413] spell Quicksilver Mantle -> a flowing garment draped in liquid metal, composed entirely of dense, swirling l
[3180/7413] monster Dune Mimic -> huge monstrous entity composed of shifting undulating beige and ochre sand grain
[3181/7413] magic-item Trident of the Vortex -> bronze trident with a long straight shaft constructed entirely of inlaid iridesc
[3182/7413] monster Solar -> towering humanoid celestial with six massive feathered wings spanning twice its 
[3183/7413] magic-item Sloughide Bombard -> six-inch-long cylindrical brass body with a one-inch diameter, one end featuring
[3184/7413] spell Litany of Sure Hands -> swirling pale blue glyphs and translucent geometric runic circles hovering in mi
[3185/7413] spell Calm Emotions -> A transparent hemisphere of pale turquoise translucent force ripples outward acr
[3186/7413] spell Obfuscate Object -> a small spherical cluster of twisting, semi-transparent grey vapor particles and
[3187/7413] magic-item Brass Clockwork Staff -> a curved staff made of polished coiled brass interlocking gears and exposed tran
[3188/7413] monster Death Dog -> medium-sized canine monstrosity with two muscular heads on separate long necks, 
[3189/7413] monster Stone Colossus -> gargantuan humanoid construct carved from dark gray granite blocks, towering ove
[3190/7413] spell Lock Armor -> dense jagged ribbons of grey transmutation energy wrapping tightly around a stee
[3191/7413] monster Lunar Devil -> large humanoid fiend in mid-flight, muscular body covered in dark grey scaled sk
[3192/7413] magic-item Flag of the Cursed Fleet -> a tattered rectangular banner of coarse black canvas fabric, aged and weather-be
[3193/7413] monster Chain Devil -> medium humanoid fiend with gray ashen skin, tall gaunt muscular proportions, fea
[3194/7413] monster Naizu-Ha -> small fey creature with a hunched humanoid body shape, slender torso, spindly do
[3195/7413] monster Specter -> translucent humanoid phantom, medium size, ragged tattered ether-wisp shroud flo
[3196/7413] spell Force Punch -> a concentrated sphere of kinetic energy and distorted air, a dense sphere of tra
[3197/7413] monster Scarab, Suncatcher -> Gargantuan armored scarab beetle in flight, massive segmented amber carapace enc
[3198/7413] magic-item Swolbold Wraps -> pair of heavy cloth forearm and hand wraps made of coarse woven burlap fabric dy
[3199/7413] monster Nightmare -> massive skeletal horse with a pitch-black hide stretched tight over visible ribs
[3200/7413] spell Lamp's Hue -> a single target object radiates a bright steady yellow illumination, a concentra
[3201/7413] monster Hunting Dog -> lean muscular canine body with coarse brindle fur in shades of brown and black, 
[3202/7413] magic-item Swarmfoe Leather -> magical leather armor crafted from supple dark brown hide, entirely festooned wi
[3203/7413] monster Hound Of The Night -> large quadrupedal monstrosity with a lean canine body shape, midnight black fur 
[3204/7413] monster Giant Honey Bee -> massive buzzing insect, segmented oval body covered in dense golden-yellow and d
[3205/7413] spell Fiery Quiver -> an enchanted leather quiver overflowing with arrows, each wooden shaft glowing w
[3206/7413] spell Battle Chant -> vibrant golden acoustic shockwaves rippling outward through the air in concentri
[3207/7413] monster Titanic Kraken -> colossal cephalopod body with dark bluish-black leathery skin, massive bulbous h
[3208/7413] feat Subtle Spell -> a circular heraldic shield featuring an embossed silver finger pressed verticall
[3209/7413] spell Chains of the Goddess -> three thick translucent violet chains of solid psychic energy wrapping tightly a
[3210/7413] spell Hunter's Mark -> A glowing crimson sigil resembling an intersecting eye and arrow, superimposed d
[3211/7413] monster Animal Lord, Mammoth Queen -> massive prehistoric female humanoid queen standing with a towering and regal bea
[3212/7413] magic-item Screaming Skull -> bleached ivory humanoid skull, smooth aged bone surface with a jagged fracture a
[3213/7413] spell Imbue Element -> a metallic melee weapon blade completely enshrouded by vibrant swirling elementa
[3214/7413] monster Crypt Guardian -> humanoid skeletal construct, tall and emaciated skeletal frame, ancient weathere
[3215/7413] monster Sapphire Jelly -> medium amorphous gelatinous blob, translucent vibrant sapphire blue coloration, 
[3216/7413] spell Cobra Fangs -> two massive translucent viper fangs curving downward from the upper jaw, constru
[3217/7413] spell Bless -> three small floating geometric crystal tetrahedrons of pale golden light spinnin
[3218/7413] spell Charm -> a swirling cloud of pale rose pink energy coalescing into a shifting heart shape
[3219/7413] monster Accursed Guardian Naga -> massive serpentine monstrous body covered in iridescent dark blue scales, thick 
[3220/7413] spell Searing Equation -> a swirling geometric matrix of interconnected glowing red numerals and alien alg
[3221/7413] magic-item Mordant Scimitar -> curved steel scimitar blade with a serrated inner edge, dark pitted iron crossgu
[3222/7413] spell Screaming Ray -> translucent violet beam of crackling psychic energy shaped like a rigid horizont
[3223/7413] magic-item Chainbreaker Shortsword -> a shortsword with a straight double-edged steel blade etched with faint geometri
[3224/7413] spell Blood Armor -> a spectral suit of full plate armor constructed entirely from a dense vortex of 
[3225/7413] monster Yobbo -> small humanoid creature, slender body proportions, leathery gray skin, hunched p
[3226/7413] spell Friends -> a swirling translucent sphere of pale pink and lavender magical energy, floating
[3227/7413] monster Light Cavalry -> humanoid male cavalry scout, lean muscular build, average height, tanned weather
[3228/7413] monster Cultist -> medium humanoid figure standing in a rigid posture, wearing a heavy hooded robe 
[3229/7413] monster Bear, Brown -> massive quadrupedal mammalian body shape, heavy-boned build, towering height on 
[3230/7413] magic-item Splint of Warding (+3) -> metal splint armor plates of polished steel joined by supple leather straps, sur
[3231/7413] monster Will-o-Wisp -> A hovering sphere of pale, semi-translucent blue and white light, roughly the si
[3232/7413] monster Badger, Giant -> medium quadrupedal beast shaped like a thickset badger, heavily built body cover
[3233/7413] spell Summon Star -> glowing humanoid shaped figure composed of concentrated starlight, long flowing 
[3234/7413] magic-item Wand of Magic Missiles -> a slender tapering baton carved from polished pale white wood, banded with three
[3235/7413] spell Remove Curse -> a swirling horizontal vortex of pale azure energy taking the form of thousands o
[3236/7413] monster Archfey -> medium humanoid fey creature suspended midair in an upright posture, slender ath
[3237/7413] spell Telekinesis -> dense swirling sphere of violet psychic energy, crackling tendrils of lavender f
[3238/7413] spell Symbol of Sorcery -> a glowing arcane rune inscribed on a flat stone surface, measuring five feet wid
[3239/7413] spell Flame Blade -> a glowing sword-shaped manifestation of pure roaring orange fire held in an empt
[3240/7413] monster Lich -> gaunt and skeletal humanoid with withered flesh stretched tight across visible b
[3241/7413] monster Kobold War Machine -> massive mechanical quadrupedal war machine constructed from iron plates and rive
[3242/7413] magic-item Linguist's Cap -> simple felt cap of deep midnight blue wool, structured with a flat round crown a
[3243/7413] spell Faerie Fire -> A thick three-dimensional square outline of glowing emerald green light forming 
[3244/7413] monster Suturefly -> tiny winged insectoid beast in flight with a segmented translucent chitinous bod
[3245/7413] monster Mallqui -> emaciated humanoid corpse, medium size, desiccated grey skin stretched tight ove
[3246/7413] monster Blood Hag -> gaunt humanoid female figure of medium height, desiccated gray skin stretched ti
[3247/7413] subspecies Human Chassis -> humanoid construct with an inorganic metal chassis, polished brass and iron plat
[3248/7413] monster Derendian Moth Abomination -> huge monstrosity with a bulbous segmented insectoid body, dark grey chitinous ex
[3249/7413] magic-item Bandana of Bravado -> a vibrant crimson cotton bandana, triangular in shape, made of tightly woven fab
[3250/7413] monster Wight -> emaciated medium humanoid skeletal corpse, desiccated gray flesh stretched taut 
[3251/7413] monster Dryad -> medium feminine fey humanoid, slender human-like proportions, smooth pale bark-t
[3252/7413] magic-item Encouraging Hide Armor -> supple hide armor crafted from cured brown leather with polished brass studs, in
[3253/7413] feat Dragon Wings -> a heraldic escutcheon bearing the embossed silhouette of a massive dragon wing w
[3254/7413] background Artisan -> middle-aged human artisan with weathered calloused hands, kind amber eyes, and s
[3255/7413] spell Fear -> a dense cluster of swirling, translucent indigo vapors forming shifting, nightma
[3256/7413] magic-item Dwarven Plate -> heavy full plate armor forged from dark blackened steel, heavily ribbed with thi
[3257/7413] monster Karkadann -> huge quadrupedal beast resembling a massive rhinoceros with thick armor plating 
[3258/7413] spell Destructive Resonance -> a widening fifteen-foot triangular cone of jagged sound waves rippling through t
[3259/7413] subclass Way of the Dragon -> A circular heraldic shield featuring an embossed brass dragon head in profile, t
[3260/7413] spell Thunderous Wave -> expanding transparent shock wave sphere composed of concentric rings of kinetic 
[3261/7413] monster Otyugh -> large bulbous bloated grey body, three short sturdy legs supporting the heavy to
[3262/7413] feat Action Surge -> a carved stone heraldic shield bearing a raised emblem of a double-bladed greats
[3263/7413] spell Entangle -> multiple thick emerald-green vines and thorny briars bursting upward from cracke
[3264/7413] feat Magical Secrets -> a heraldic escutcheon divided per pale into azure and crimson, emblazoned with a
[3265/7413] monster Mead Archon -> medium celestial humanoid with feathered wings extended from its back, upright p
[3266/7413] spell Trench -> a straight linear depression in the flat ground measuring five feet wide and six
[3267/7413] monster Fungi, Mulcher -> gargantuan subterranean fungal monster, massive bulbous body completely caked in
[3268/7413] monster Nightmare -> massive skeletal equine body, solid pitch-black hide, glowing fiery red eyes, th
[3269/7413] monster Arcane Leviathan -> gargantuan aquatic construct shaped like a massive armored whale, composed of se
[3270/7413] monster Pixie -> tiny humanoid standing barely a foot tall with delicate elf-like features, point
[3271/7413] magic-item Orb of Obfuscation -> spherical ceramic container the size of a large human fist, opaque matte charcoa
[3272/7413] monster Living Star -> huge celestial entity with a towering humanoid silhouette composed of dense swir
[3273/7413] feat Font of Inspiration -> heraldic shield divided diagonally, featuring a raised embossed brass fountain w
[3274/7413] magic-item Storyteller's Pipe -> a long-shanked smoking pipe carved from dark polished brier wood, featuring an e
[3275/7413] spell Detect Thoughts -> a shimmering translucent mental probe of shifting indigo energy formed from ethe
[3276/7413] spell Find the Path -> glowing golden spatial thread forming a taut, luminous directional line stretchi
[3277/7413] spell Goodberry -> ten small spherical berries appearing in a cluster, plump firm skins of deep eme
[3278/7413] spell Orb of Light -> a spherical mass of pure white energy the size of a human palm, a concentrated c
[3279/7413] magic-item Sphere of Annihilation -> perfect two-foot-diameter sphere, absolute black surface, completely light-absor
[3280/7413] monster Greater Ghast of Leng -> large bipedal aberration with a gaunt and emaciated humanoid body shape, pale gr
[3281/7413] monster Mage -> medium human humanoid mage standing upright in a confident posture, wearing long
[3282/7413] spell Sporesight -> shattering indigo mushroom instantly erupting into a dense expanding cloud of gl
[3283/7413] spell Moonbeam -> a vertical column of brilliant silvery light descending from an unseen source ab
[3284/7413] magic-item Brawn Armor -> thick heavy suit of bear hide armor crafted from the pelt of an ancient grizzly,
[3285/7413] spell Druidcraft -> a swirling, semi-transparent vortex of pale emerald and amber mist, curling in a
[3286/7413] monster Ancient Flame Dragon -> Gargantuan serpentine dragon in flight, massive muscular body covered in jagged 
[3287/7413] monster Warlock of the Genie Lord -> medium humanoid figure, tall and imposing posture, deep charcoal grey skin marke
[3288/7413] monster Cultist -> medium human clad in heavy dark grey robes with a deeply cowled hood concealing 
[3289/7413] spell Flesh to Paper -> A living humanoid body compressed into a rigid, two-dimensional sheet of parchme
[3290/7413] monster Mallqui -> emaciated humanoid corpse preserved in tight funerary wrappings of coarse darken
[3291/7413] monster Night Scorpion -> huge arachnid body shape, dark midnight blue chitinous carapace absorbing all li
[3292/7413] spell Rebounding Bolt -> vibrant azure energy beam jaggedly zigzagging through the air, branching into su
[3293/7413] spell Mirrorwalk -> an upright rectangular looking glass frame of dark polished wood resting on a su
[3294/7413] monster Gladiator -> muscular human gladiator standing in an aggressive athletic posture, towering me
[3295/7413] spell Riptide -> a towering twenty-foot-tall cylindrical vortex of churning oceanic water, a mass
[3296/7413] monster Ghoul, Iron -> humanoid undead creature of medium size, emaciated skeletal frame encrusted with
[3297/7413] monster Keyhole Dragonette -> tiny serpentine dragon, compact scaly body, deep bronze and tarnished brass scal
[3298/7413] monster Berberoka -> massive aquatic giant with dark waterlogged skin, immense muscular build, webbed
[3299/7413] magic-item Figurine of Wondrous Power (Bronze Griffon) -> small statuette of a griffon sculpted entirely from heavy cast bronze, featuring
[3300/7413] monster Earth Dragon Wyrmling -> medium serpentine dragon body shape, broad wedge-shaped head, two leathery membr
[3301/7413] monster Frost Giant -> massive humanoid giant standing twenty feet tall, skin the blue color of glacial
[3302/7413] feat Retaliation -> heraldic crest featuring a crossed iron sword and a jagged lightning bolt agains
[3303/7413] magic-item Ghost Barding Ring Mail -> ring mail barding designed for a large quadruped animal, constructed from interc
[3304/7413] magic-item Charm of Restoration -> fist-sized spherical ball of tightly-wound emerald green plant fronds, textured 
[3305/7413] spell Control Weather -> a massive churning dome of swirling atmospheric energy filling the sky, turbulen
[3306/7413] monster Kobold Swiftblade -> small reptilian humanoid standing in a nimble, low-crouched stance, slender scal
[3307/7413] magic-item Bloodprice Half-Plate -> legendary half-plate armor fashioned from dark gunmetal steel plates edged in ja
[3308/7413] magic-item Spearbiter -> round metal shield, front face sculpted in the exact shape of a snarling wolf he
[3309/7413] magic-item Armor of Invulnerability -> heavy plate armor forged from impenetrable dark iron, massive steel breastplate 
[3310/7413] spell Warding Bond -> two glowing translucent geometric armbands pulsing with faint pale gold light, t
[3311/7413] monster Guardian Naga -> massive serpentine serpent body covered in vibrant green and gold scales, long u
[3312/7413] monster Ape, Giant -> massive quadrupedal ape standing twenty feet tall with an immensely muscular hum
[3313/7413] magic-item Figurine of Wondrous Power (Hematite Aurochs) -> small pocket-sized statuette carved from dark metallic hematite, sculpted in the
[3314/7413] monster Porcellina -> tiny pink pig-like beast with plump hairless skin, short stubby legs ending in c
[3315/7413] spell Sudden Dawn -> a colossal vertical cylinder of blazing golden light sixty feet in diameter stre
[3316/7413] spell Glyph of Shifting -> a glowing geometric rune etched into a flat stone surface, composed of interwove
[3317/7413] spell Reset -> spherical field of translucent silver temporal energy distortion, four concentri
[3318/7413] spell Arcane Eye -> sphere of pure translucent force, roughly the size of a human fist, hovering in 
[3319/7413] monster Blood Zombie -> rotting humanoid corpse, decaying pale-gray skin weeping dark crimson gore, torn
[3320/7413] monster Ancient Red Dragon -> gargantuan quadrupedal reptilian body, immense leathery wings with skeletal stru
[3321/7413] monster Necrotech Reaver -> huge undead skeletal construct of towering humanoid proportions, composed of jag
[3322/7413] spell Geas -> dense swirling ring of violet and deep indigo arcane runes hovering in midair, t
[3323/7413] spell Curse of Yig -> emerald green serpentine energy manifesting as coiling vaporous scales and glowi
[3324/7413] monster Serpentfolk of Yig -> medium humanoid serpentfolk with a muscular serpentine lower body and a scaly hu
[3325/7413] monster Boggard Sovereign -> large bulky humanoid amphibian, massive wide mouth filled with pointed teeth, bu
[3326/7413] monster Remorhaz -> huge segmented multi-legged insectoid monstrosity, massive elongated body covere
[3327/7413] feat Crafter -> an ornate heraldic shield displaying a golden blacksmith hammer crossed with a s
[3328/7413] spell Dominate Beast -> swirling vortex of emerald green and violet magical energy, glowing ethereal ten
[3329/7413] monster Ankheg Queen -> huge segmented monstrous insectoid body covered in thick chitinous plates of dar
[3330/7413] monster Remorhaz Spawn -> large segmented vermiform monstrosity with a tapered chitinous body, dozens of s
[3331/7413] spell Faithful Hound -> translucent spectral mastiff formed of pale grey glowing conjuration force lines
[3332/7413] monster Giant Centipede -> segmented elongated flattened body, two meters in length, rust-red exoskeleton p
[3333/7413] spell Shattering Barrage -> three spheres composed of sharp jagged shards of translucent colorless broken gl
[3334/7413] monster Bereginyas -> tiny fey humanoid with delicate translucent insectoid wings spanning twice its s
[3335/7413] spell Speak with Dead -> A corporeal human corpse lying flat on its back, wispy tendrils of semi-transpar
[3336/7413] monster Ash Drake -> small quadrupedal dragon in flight with a slender serpentine body covered in cha
[3337/7413] feat Druid Spellcasting -> a raised metallic crest shaped like a gnarled oak leaf overlaid with a coiled vi
[3338/7413] magic-item Breastplate of Warding (+3) -> steel breastplate, polished metallic surface, deeply etched line art depicting d
[3339/7413] monster Mummy -> medium humanoid corpse, tightly bound from head to toe in ancient, yellowed line
[3340/7413] magic-item Padded Armor of Warding (+1) -> flexible quilted fabric doublet, alternating layers of thick cloth and batting, 
[3341/7413] spell Blade Burst -> A circular expansion of dozens of spinning metallic blades forming a horizontal 
[3342/7413] spell Create Food and Water -> a glowing translucent column of soft white magical energy, swirling vertical str
[3343/7413] monster Virtuoso Lich -> Emaciated skeletal humanoid body, desiccated grey flesh stretched tight over vis
[3344/7413] spell Shroud of Death -> dense swirling cloud of opaque absolute black vapor forming a dense shroud-like 
[3345/7413] spell Surprise Blessing -> a swirling sphere of translucent turquoise abjuration energy, interwoven with pa
[3346/7413] monster Gear Spider -> tiny mechanical arachnid construct, eight segmented jointed legs made of interlo
[3347/7413] monster Bone Devil -> large skeletal fiend with a human-like skeletal frame covered in dried yellowish
[3348/7413] monster Quasit -> two-foot-tall green humanoid fiend, small curved horns atop its head, long thin 
[3349/7413] magic-item Wand of Guidance -> slim metal wand, smooth dark iron shaft, tapered proportions, topped with an orn
[3350/7413] monster Ancient Void Dragon -> gargantuan dragon in flight, massive serpentine body with a dark charcoal-black 
[3351/7413] spell Great Ball of Fire -> spherical mass of blazing fire, roaring inferno composed of tight-knit swirling 
[3352/7413] magic-item Ring of Warmth -> thick band of polished brass, interlocking geometric wave motifs carved along th
[3353/7413] magic-item Sovereign Glue -> a small, heavy-bottomed ceramic jar with a fitted cork stopper, filled with a th
[3354/7413] monster Salamander Nymph -> medium humanoid elemental with a slender torso, smooth obsidian-black skin, glow
[3355/7413] monster Skeleton -> animated humanoid skeleton, medium-sized bipedal skeletal structure composed of 
[3356/7413] monster Unhatched -> small skeletal undead humanoid infant, withered gray skin tightly stretched over
[3357/7413] spell Fire Curse -> a tangible magical brand visibly pulsing across the surface of a solid metal obj
[3358/7413] spell Gift of Flight -> An energetic field of pale cyan magic enveloping an empty space in the shape of 
[3359/7413] monster Noth-norren -> gargantuan elemental creature, hovering massive body, huge expansive leathery wi
[3360/7413] monster Kelp Eel -> huge serpentine aquatic plant, long undulating green vine-like body entwined wit
[3361/7413] spell Disguise Self -> a shifting translucent humanoid silhouette outlined in pale violet magical energ
[3362/7413] monster Minotaur, Ravening -> massive muscular humanoid body, huge hulking torso, thick coarse black fur cover
[3363/7413] monster Ghast -> emaciated humanoid corpse, gray rotting flesh stretched tightly over exposed rib
[3364/7413] monster Goblin -> small humanoid standing three feet tall, wiry and strong body, warty green skin,
[3365/7413] spell Detect Otherworldly Influence -> concentric rings of pale violet and silver energy expanding outward in a circula
[3366/7413] monster Cyclops -> massive humanoid giant standing twelve feet tall with a thick, muscular build, d
[3367/7413] monster Thorned Sulfurlord -> huge towering humanoid fiend, ashen grey cracked stony skin, massive curved blac
[3368/7413] spell Find Traps -> a concentrated cluster of shimmering indigo threads weaving through the air, for
[3369/7413] monster Griffon -> large quadrupedal beast with the muscular golden-brown leonine body, hind legs, 
[3370/7413] monster Dwarf, Pike Guard Captain -> broad-shouldered stocky male dwarf of medium humanoid build with braided thick c
[3371/7413] spell Shillelagh -> A wooden quarterstaff gripped in an unseen hand, its entire length enveloped in 
[3372/7413] monster Dwarven Ringmage -> medium humanoid dwarf with stout muscular proportions, braided grey beard tucked
[3373/7413] monster Mummy -> medium humanoid undead corpse, shambling upright posture, desiccated grayish-bro
[3374/7413] spell Form of Stone -> humanoid silhouette composed entirely of jagged granite blocks and mineral strat
[3375/7413] magic-item Eye of Horus -> solid gold amulet shaped like a stylized human eye, polished lapis lazuli inlay 
[3376/7413] monster Scorpionfolk -> Large hybrid monstrosity with the muscular torso, arms, and head of a human join
[3377/7413] monster Centaur Chieftain -> large muscular centaur monstrosity with the lower equine body of a dark brown st
[3378/7413] magic-item Spell Disruptor Horn -> curved brass war horn, etched across its entire surface with low-relief carvings
[3379/7413] magic-item Gloomflower Corsage -> black six-petaled flower made of midnight-dark velvet fabric with matte texture,
[3380/7413] spell Terrifying Illusion -> shifting phantasmagoric entity composed of jagged shadow and coalescing violet e
[3381/7413] magic-item Bag of Beans -> heavy coarse-woven burlap sack tied shut at the neck with a thick frayed hemp ro
[3382/7413] monster Crinaea -> medium-sized aquatic fey entity with a humanoid female torso and upper body, smo
[3383/7413] spell Locate Object -> a swirling compass rose of pale blue divination energy rotating horizontally in 
[3384/7413] monster Kongamato -> large reptilian beast in flight with a massive wingspan of dark leathery membran
[3385/7413] monster Rimewing -> small avian beast with an aerodynamic body shape, pure white downy feathers tipp
[3386/7413] feat Tactical Support -> a heraldic escutcheon divided per pale into azure and gules, featuring a silver 
[3387/7413] monster Ogre Zombie -> massive hulking undead humanoid corpse of giant proportions, rotting gray and br
[3388/7413] subclass Timeblade -> a metallic heraldic shield emblazoned with a silver hourglass centered on a razo
[3389/7413] monster Angel, Shrouded -> medium humanoid celestial in a powerful forward-leaning flight posture, broad wi
[3390/7413] spell Mind Exchange -> two translucent human silhouettes facing each other, a thick jagged bolt of viol
[3391/7413] spell Earth Forming -> a dense sphere of churning brown soil and gray clay swirling in a chaotic orbit,
[3392/7413] monster Warhorse Skeleton -> large quadrupedal skeletal warhorse, sun-bleached white equine bone structure, m
[3393/7413] magic-item Ring of Animal Influence -> a slender finger ring crafted from polished pale yellow gold, the unbroken band 
[3394/7413] monster Blink Dog -> medium-sized canine quadruped resembling a slender yellow-brown dog, lean muscul
[3395/7413] monster Ahuizotl -> small aquatic monstrosity, canine body shape with sleek dark gray fur, four shor
[3396/7413] spell Dispel Magic -> a spherical shell of indigo and violet translucent energy expanding outward in a
[3397/7413] spell Incendiary Cloud -> a massive twenty-foot-radius spherical mass of roiling dark grey smoke and dense
[3398/7413] spell Wolfsong -> semi-transparent spectral wolf head formed from translucent indigo force energy,
[3399/7413] spell Form of Water -> massive surge of sentient elemental water, surging liquid mass taking the dynami
[3400/7413] magic-item Loom of Fate -> portable wooden frame, polished dark cherry wood uprights, intricate gold filigr
[3401/7413] monster Dire Wildebeest -> massive muscular mammalian beast resembling an oversized wildebeest, towering ov
[3402/7413] spell Mass Cure Wounds -> an expansive spherical shockwave of emerald-green and golden radiant healing ene
[3403/7413] magic-item Bloodfuel Halberd -> long wooden polearm shaft of blackened iron-banded ash, heavy steel halberd head
[3404/7413] spell Levitate -> swirling vertical column of pale violet transmutation energy, dense misty rings 
[3405/7413] spell Pratfall -> a small dark oily puddle of liquid manifesting suddenly upon the ground, swirlin
[3406/7413] monster Chelicerae -> massive multi-legged aberration body, enormous segmented chitinous thorax, dark 
[3407/7413] magic-item Birdnip Gourd -> sun-dried pale yellow calabash gourd, pear-shaped body with a bulbous bottom and
[3408/7413] magic-item Spider Staff -> twisted dark wooden staff, intricate delicate web-like patterns carved into the 
[3409/7413] spell Thaumaturgy -> golden divine energy radiating in pulsing concentric rings of light across the g
[3410/7413] feat Evasion (Rogue) -> a polished silver heraldic shield bearing a raised emblem of a blurred humanoid 
[3411/7413] spell Flame Blade -> scimitar-shaped blade composed entirely of crackling orange and yellow flames, t
[3412/7413] subclass Oath of the Guardian -> a metallic heraldic shield emblazoned with a stylized fortress wall beneath a ra
[3413/7413] monster Adult Rime Worm -> massive serpentine elemental worm, long segmented body covered in thick layers o
[3414/7413] monster Wolf, Dire -> massive quadrupedal canine, heavy muscular build, thick rough-textured fur coat 
[3415/7413] spell Wind Lash -> a solid whip-like construct of dense, howling wind formed from swirling air curr
[3416/7413] magic-item Defender -> A longsword with a straight, double-edged steel blade etched with faint geometri
[3417/7413] spell Animal Shapes -> A turbulent vortex of translucent emerald and gold energy particles swirling in 
[3418/7413] spell Healing Word -> a wave of translucent golden light and shimmering emerald sparks washing over a 
[3419/7413] magic-item Ring of Stored Vitality -> heavy band of polished white chalcedony, smooth translucent surface with pale mi
[3420/7413] monster Lystrosaurus -> medium stout quadrupedal mammal-like reptile, barrel-shaped body, short stocky l
[3421/7413] magic-item Glass Wand of Leng -> eighteen-inch-long slender cylindrical hand-held magical implement, constructed 
[3422/7413] monster Wild Sirocco -> massive elemental entity composed of swirling hot desert winds and dense airborn
[3423/7413] monster Black Pudding -> massive amorphous mound of sticky black sludge, heaving and quivering jelly-like
[3424/7413] monster Rakshasa, Slayer -> medium humanoid fiend with the head of a massive Bengal tiger, amber-striped ora
[3425/7413] monster Black Dragon Wyrmling -> medium quadrupedal reptilian dragon in flight, slender serpentine body covered i
[3426/7413] magic-item Ring of Evasion -> small band of polished platinum, smooth reflective silver metal surface, intrica
[3427/7413] feat Lucky -> a metal heraldic shield embossed with a central four-leaf clover motif enclosed 
[3428/7413] magic-item Blacktooth -> slender wand carved entirely from dense black ivory, smooth polished matte surfa
[3429/7413] magic-item Bloodfuel Sickle -> curved sickle with a crescent blade forged from blackened, oxidized iron, dark c
[3430/7413] magic-item Staff of the Four Winds -> a slender long staff made of pale grey ash wood, its entire length shaped from f
[3431/7413] monster Goblin Siege Engine -> huge crude mechanical construct cobbled together from scrap iron, jagged steel p
[3432/7413] spell Suggestion -> a faint, translucent ribbon of pale violet energy curling through the air like t
[3433/7413] spell Earthquake -> wide jagged fissures splitting open across the earth, jagged chunks of rock erup
[3434/7413] monster Nihilethic Zombie -> medium humanoid zombie corpse, rotting pale grey skin stretched tight over a gau
[3435/7413] monster Azza Gremlin -> small humanoid fey creature, slender hunched body, ash-grey skin, taut leathery 
[3436/7413] spell Sphere of Order -> a sphere composed of interlocking golden brass gears, geometric plates, and rota
[3437/7413] monster Fulad-Zereh -> huge winged fiend with a massive muscular humanoid torso and dark obsidian skin,
[3438/7413] spell Elemental Twist -> swirling chaotic vortex of elemental energy, rapidly morphing spherical mass of 
[3439/7413] monster Mirror Hag -> emaciated humanoid female body, medium size, sickly grey skin stretched tightly 
[3440/7413] spell Time Loop -> spherical temporal anomaly, transparent swirling vortex of translucent amber and
[3441/7413] magic-item Cap of Thorns -> a narrow circlet crafted from dark, dried brown wood woven into a jagged loop, a
[3442/7413] spell Deadly Salvo -> a cluster of five metallic lead bullets materialized midair in a tight formation
[3443/7413] monster Skin Bat -> small skeletal undead bat in mid-flight, bare emaciated skeletal frame covered o
[3444/7413] magic-item Whispering Powder -> a small rectangular paper envelope, off-white and slightly aged, filled with an 
[3445/7413] monster Tosculi Drone -> small monstrosity with a chitinous insectoid body, segmented golden-yellow and b
[3446/7413] spell Remembered Voice -> An empty circular patch of air five inches wide containing a swirling cluster of
[3447/7413] monster Sigilian -> medium construct humanoid body shape, forged from interlocking metallic plates o
[3448/7413] subspecies Uncorrupted -> humanoid of tall slender stature, smooth pale skin with a faint golden undertone
[3449/7413] spell Phantasmal Killer -> swirling mass of dark violet and indigo shadow, contorting humanoid silhouette w
[3450/7413] magic-item Quilted Bridge -> a rectangular quilted blanket made from an irregular patchwork of colorful fabri
[3451/7413] feat Fiendish Resilience — Necrotic -> an ornate heraldic shield bearing a centered charge of a skeletal human skull en
[3452/7413] spell Regenerate -> translucent swirling emerald green energy filaments wrapping tightly around a gl
[3453/7413] monster Mbielu -> huge amphibious reptilian beast, massive quadrupedal body, thick grey scaly hide
[3454/7413] magic-item Ashes of the Fallen -> a small paper packet containing a heap of coarse, foul-smelling black dust compo
[3455/7413] monster Imperator -> massive aquatic monstrosity with a colossal serpentine body covered in overlappi
[3456/7413] monster Tveirherjar -> medium humanoid undead creature, skeletal body frame covered in leathery gray mu
[3457/7413] monster Wererat -> medium hybrid humanoid rat creature, wiry and twitchy posture, elongated snout w
[3458/7413] monster Forest Drake -> small quadrupedal reptilian dragon with a slender serpentine body, dark emerald 
[3459/7413] spell Glyph of Warding -> tiny glowing geometric rune traced upon a flat surface, intricate interlocking t
[3460/7413] magic-item Gloves of Swimming and Climbing -> A pair of supple calfskin leather gloves dyed a deep forest green, reinforced wi
[3461/7413] monster Black Knight Commander -> medium humanoid figure encased in heavy, pitch-black steel plate armor etched wi
[3462/7413] spell Become Unseen -> translucent violet energy ripple, concentric circular distortion rings expanding
[3463/7413] monster Water Leaper -> large quadrupedal monstrosity with a sleek serpentine reptilian body, dark blue-
[3464/7413] magic-item Gloves of the Magister -> a pair of supple pitch-black leather gloves, the back of each hand features an i
[3465/7413] spell Blood Spoor -> a thick meandering ribbon of deep crimson blood suspended in the air, undulating
[3466/7413] spell Slither -> a humanoid-shaped absence of light shifting into a fluid, two-dimensional silhou
[3467/7413] monster Aviere -> tiny celestial creature, humanoid female shape, span of feathered white wings pr
[3468/7413] monster Stone Creeper -> medium-sized plant creature with a thick, woody vine-like body shaped like a cro
[3469/7413] spell Child of Light and Darkness -> a humanoid silhouette composed entirely of alternating streams of brilliant sear
[3470/7413] background Guide -> weathered human guide with deep sun-browned skin, a sharp-featured face, and obs
[3471/7413] monster Owl Harpy -> medium monstrous humanoid with the upper body and head of a great horned owl cov
[3472/7413] magic-item Slippers of Spider Climbing -> A pair of low-profile slippers crafted from dark charcoal-grey spider silk fabri
[3473/7413] monster Jotun -> gargantuan humanoid giant, towering proportions, weathered gray stone-like skin 
[3474/7413] monster Mastiff -> large muscular hound, stocky heavy-boned body, thick tan and brindle fur coat, b
[3475/7413] magic-item Comfy Slippers -> A pair of low-cut indoor slippers, crafted from soft quilted burgundy velvet fab
[3476/7413] monster Seahorse, Giant -> massive aquatic seahorse, large equine-shaped head with a blunt snout and a smal
[3477/7413] monster Lost Minotaur -> skeletal minotaur, massive humanoid frame with rotting gray flesh stretched tigh
[3478/7413] monster Couatl -> serpentine celestial being with a long sinuous emerald green scaled body, large 
[3479/7413] monster Vampire Spawn -> humanoid undead body shape, medium size, pale ashen grey skin pulled tight over 
[3480/7413] monster Wererat -> a wiry humanoid figure with a twitchy posture, thin patchy hair clinging to a na
[3481/7413] magic-item Gremlin's Paw -> a magic wand fashioned from the fossilized skeletal forearm and hand of a gremli
[3482/7413] monster Pact Lich -> emaciated humanoid skeletal frame standing seven feet tall, desiccated pale grey
[3483/7413] spell Sacred Flame -> a vertical column of brilliant white-hot holy fire descending from above to enve
[3484/7413] spell Flickering Strikes -> multiple rapid translucent afterimages of a slashing steel blade, elongated moti
[3485/7413] monster Dullahan -> massive muscular headless fey humanoid, broad shoulders, pale decaying skin stre
[3486/7413] monster Dread Knight Champion -> tall skeletal humanoid warrior encased in battered jagged dark iron plate armor,
[3487/7413] spell Tiny Hut -> immobile hemispherical dome of opaque colored force resting on the ground, smoot
[3488/7413] spell Defile Healing -> a pulsating sphere of necrotic energy, swirling dark violet mist contracting inw
[3489/7413] monster Vine Troll Skeleton -> large humanoid skeletal frame woven through with thick tangled briars and rotted
[3490/7413] spell Conceal Object -> a swirling vortex of dense opaque charcoal-grey vapor wrapping tightly around a 
[3491/7413] spell Spinning Axes -> four distinct battle axes formed of solid translucent violet force energy, each 
[3492/7413] spell Ghost Lights -> four small spherical lights hovering in the air, each orb glowing with a soft st
[3493/7413] spell Water Breathing -> a translucent azure sphere of shimmering liquid energy pulsating with soft turqu
[3494/7413] monster Alehouse Drake -> tiny draconic body, small reptilian head with short blunt horns, two glowing amb
[3495/7413] spell Wind Walk -> multiple overlapping wisps of semi-translucent white vapor and condensed mist dr
[3496/7413] monster Skull Lantern -> tiny floating skeletal skull, hollow dark eye sockets containing flickering gree
[3497/7413] monster Ophanim -> towering large celestial entity hovering upright, composed of interlocking gigan
[3498/7413] monster Koschei -> emaciated humanoid fiend of towering height with taut greyish parchment-like ski
[3499/7413] monster Polar Bear -> massive quadrupedal mammalian beast with a thick layer of dense white fur, a lon
[3500/7413] magic-item Gauntlets of Ogre Power -> A pair of heavy, thick gauntlets forged from dull, dark grey iron, wide iron pla
[3501/7413] magic-item Weapon, +3 -> longsword, tapered double-edged steel blade with a deep central fuller, polished
[3502/7413] spell Druidcraft -> A swirling constellation of pale emerald pollen grains and translucent leaf silh
[3503/7413] monster Cave Mimic -> gargantuan monstrous body shaped like jagged geological rock formations covered 
[3504/7413] monster Remorhaz -> huge segmented centipede-like monstrosity with a chitinous blue carapace caked i
[3505/7413] spell Wall of Force -> translucent vertical planar barrier, faint shimmering grid of geometric hexagona
[3506/7413] monster Stone Giant -> huge humanoid giant, towering bipedal anatomy, gaunt and slender physique, smoot
[3507/7413] spell Time Stop -> a localized spherical distortion of reality where the surrounding space is entir
[3508/7413] spell Shifting the Odds -> turbulent vortex of crackling violet and crimson magical strands, swirling in ch
[3509/7413] magic-item Asp's Kiss -> haladie weapon featuring two short slightly curved steel blades attached to a si
[3510/7413] monster Vine Lord -> medium humanoid plant creature composed entirely of tightly intertwined thick gr
[3511/7413] magic-item Belt of Giant Strength (Storm) -> wide thick belt of polished dark blue steel plates riveted together with pale pl
[3512/7413] magic-item Agile Chain Shirt -> a lightweight suit of interlocking steel rings, tapered links of polished silver
[3513/7413] monster Shadow Fey Enchantress -> tall slender humanoid female with ashen gray skin and sharp angular facial featu
[3514/7413] feat Signature Spells -> a rigid medieval kite shield of polished brass emblazoned with a raised relief o
[3515/7413] magic-item Death's Mirror -> small ring made of intricately woven lead and silver wires, slender band sized e
[3516/7413] monster Scorpion -> tiny arachnid beast, armored segmented exoskeleton of deep chitinous brown and t
[3517/7413] monster Suturefly -> tiny insectoid beast hovering in midair, slender segmented body, delicate transl
[3518/7413] spell Enthrall -> a swirling stream of translucent azure energy woven from intertwining golden run
[3519/7413] monster Erinyes -> statuesque female humanoid figure with a flawless athletic build, pale skin, lar
[3520/7413] monster Lake Troll -> massive hunched humanoid giant with mottled blue-gray rubbery skin covered in sl
[3521/7413] subclass Hungering -> a heraldic shield emblazoned with a stylized gaping maw surrounded by crossed se
[3522/7413] magic-item Throttler's Gauntlets -> a pair of durable dark brown leather gauntlets, reinforced thick leather plates 
[3523/7413] spell Orb of Ignus -> dense sphere of blazing crimson fire, swirling inner core of white-hot plasma, r
[3524/7413] monster Arachnocrat -> medium fiend with a humanoid upper torso fused to the chitinous lower body of a 
[3525/7413] monster Wasteland Dragon Wyrmling -> medium dragon wyrmling in flight, long segmented tail tapering to a spade-tip, f
[3526/7413] monster Gnoll Slaver -> tall humanoid torso with the coarse fur and head of a spotted hyena, mangy gray 
[3527/7413] magic-item Mace of Terror -> heavy metallic mace crafted from blackened iron, straight cylindrical haft wrapp
[3528/7413] spell Darkvision -> A swirling circular aura of dense violet and indigo shadow that billows outward 
[3529/7413] spell Warning Shout -> concentric expanding ripples of translucent pale blue sonic energy erupting from
[3530/7413] spell Death's Breath -> dense roiling cloud of noxious dark green and purple vapor, thick swirling toxic
[3531/7413] monster Dire Centipede -> massive segmented arthropod body spanning ten feet in length, heavily armored ch
[3532/7413] monster Jackalwere Pack Leader -> bipedal jackal-headed humanoid fiend, medium build, covered in short coarse tawn
[3533/7413] monster Shoreline Scrapper -> large aquatic beast with a heavily armored blue-grey chitinous carapace, thick m
[3534/7413] monster Dinosaur, Therizinosaurus -> huge bipedal theropod dinosaur, bulky rounded feathered body covered in dense gr
[3535/7413] magic-item Brawler's Leather -> several thick brown rawhide straps, flexible leather hide material, weathered ma
[3536/7413] monster Ogrepede -> huge rotting ogre corpse stitched together into a multi-segmented centipede body
[3537/7413] magic-item Dirk of Daring -> stout iron dagger, straight double-edged steel blade with a fullered center, bro
[3538/7413] magic-item Leather Armor of Warding (+2) -> supple dark brown boiled leather cuirass with reinforced shoulder guards, intric
[3539/7413] magic-item Mask of Seven Faces, 7 charges -> smooth white porcelain theatrical mask, oval facial shape, minimalist pierced ey
[3540/7413] spell Grasp of the Tupilak -> a swirling vortex of dark necrotic energy shaped like a colossal skeletal jaw, c
[3541/7413] monster Awakened Tree -> huge living tree with thick gnarled brown bark, two massive root clusters formin
[3542/7413] monster Devil Shark -> Gargantuan aquatic monstrosity, massive elongated shark-like body, dark charcoal
[3543/7413] monster Soldier -> medium human male humanoid standing in a rigid military posture, short cropped b
[3544/7413] spell Surge Dampener -> A dense spherical shroud of opaque lead-grey static enclosing a human-sized void
[3545/7413] spell Shape Winds -> massive churning volume of invisible air manifesting as a turbulent swirling cub
[3546/7413] monster Putrescent Slime -> medium amorphous blob of putrid, rotting green and grey sludge, semi-translucent
[3547/7413] spell Hard Heart -> a thick grey shroud of frost-like magical energy, dense crystalline motes orbiti
[3548/7413] feat Abjure Foes -> a solid circular shield made of polished steel, bearing a prominent raised crest
[3549/7413] monster Bonespitter -> gargantuan monstrosity, massive serpentine burrowing body encrusted in hardened 
[3550/7413] background Scribe -> middle-aged male human scribe with a receding hairline of graying brown hair and
[3551/7413] spell Time Control -> spherical spatial distortion field fifty feet across, surface violently alternat
[3552/7413] spell Earth Rumble -> massive concentric circular ground ruptures spanning twenty feet in diameter, vi
[3553/7413] spell Tongues -> translucent violet magical runes weaving in a continuous fluid ring around the t
[3554/7413] monster Ancient Brass Dragon -> gargantuan ancient dragon, massive serpentine body covered in warm brass-colored
[3555/7413] monster Moon Nymph -> medium humanoid aberration hovering in midair, pale silvery-blue skin, slender a
[3556/7413] monster Aniwye -> large quadrupedal monstrosity with a gaunt skeletal frame, matted dark grey fur 
[3557/7413] magic-item Cloak of Petals -> a delicate magical cloak fashioned entirely from overlapping botanical blossoms 
[3558/7413] monster Mummy Lord -> humanoid undead corpse, tall upright posture, tightly wrapped in ancient frayed 
[3559/7413] spell Sudden Slue -> a localized spatial distortion filled with dozens of charging spectral grizzly b
[3560/7413] spell Strength of the Underworld -> swirling vortex of inky black and ash-gray smoke shaped like spectral chains wra
[3561/7413] monster Gelatinous Cube -> giant ten-foot-by-ten-foot cube-shaped mass of clear, quivering, viscous protopl
[3562/7413] spell Write Memory -> a spiraling geometric construct of interlocking brass and bronze gears, an intri
[3563/7413] feat Sorcerer Spellcasting -> a polished golden heraldic shield bearing a central upright human hand inscribed
[3564/7413] spell Doppleganger -> two identical humanoid phantoms standing side by side, both shifting simultaneou
[3565/7413] magic-item Potion of Supreme Healing -> heavy round crystal flask tapering to a narrow neck, thick stopper made of dark 
[3566/7413] spell Ice Soldiers -> Two humanoid soldier figures formed entirely of semi-translucent blue glacial ic
[3567/7413] spell Air Wave -> massive crescent-shaped shockwave composed of dense semi-translucent rushing win
[3568/7413] monster Brain Coral -> huge bulbous aquatic aberration resembling a massive brain, pale greyish-pink un
[3569/7413] monster Boggard Bravo -> medium amphibious humanoid with mottled green and brown slimy skin, a wide flat 
[3570/7413] spell Glimpse of the Void -> a localized spatial tear in the shape of a cube measuring thirty feet on each si
[3571/7413] monster Quiet Soul -> medium humanoid undead skeleton, draped in tattered charcoal-grey burial shrouds
[3572/7413] spell Arcane Shelter -> a ten-foot radius hemispherical dome composed of interlocking translucent geomet
[3573/7413] spell Aspect of the Dragon -> transmutative draconic energy swirling violently into a towering spectral silhou
[3574/7413] spell Curse of Formlessness -> a swirling vortex of semi-translucent purple and grey vapor swirling violently i
[3575/7413] spell Message -> a faint spectral thread of pale blue transmutative energy, shaped as a thin hori
[3576/7413] magic-item Warden’s Ruyi -> An ornate peach wood ruyi scepter, slender and curved with a rigid S-shaped shaf
[3577/7413] monster Seahorse -> tiny aquatic beast, horse-like head with a snout-like mouth, curved neck, segmen
[3578/7413] monster Medusa -> humanoid female body with flawless pale skin, glowing yellow eyes, a crown of wr
[3579/7413] monster Gremlin, Bilge Bosun -> small fey humanoid, stunted stature, webbed digits on hands and feet, slick dark
[3580/7413] magic-item Sticky Rope, 1 charge -> one hundred feet of coarse hempen rope wound into a compact coil, thick braided 
[3581/7413] spell Transport via Plants -> swirling emerald green plant energy forming a vibrant botanical portal between t
[3582/7413] monster Treacle -> tiny amorphous blob of sticky translucent amber ooze, viscous semi-liquid gelati
[3583/7413] magic-item Staff of Minor Curses -> twisted dark grey wooden staff, gnarled grain surface, crooked shaft, small jagg
[3584/7413] monster Tyrannosaurus -> massive bipedal reptile, enormous muscular body, dull green and brown scaly hide
[3585/7413] monster Sphinx -> massive winged feline body with the muscular torso and head of a human, tawny go
[3586/7413] magic-item Bloodthirsty Dagger -> magical dagger with a slender double-edged steel blade, long branching blood-cha
[3587/7413] magic-item Scarf of Deception -> long gossamer fabric scarf of deep indigo and shimmering silver silk, extremely 
[3588/7413] magic-item Jeweler's Anvil -> small foot-long steel anvil weighing ten pounds, dark gray metal surface covered
[3589/7413] monster Young Gold Dragon -> massive quadrupedal reptilian dragon body, large leathery feathered wings outstr
[3590/7413] monster Cactid -> large humanoid-shaped plant creature, thick green succulent columnar body covere
[3591/7413] feat Empowered Spell -> A large circular heraldic shield forged of gleaming gold, bearing an embossed re
[3592/7413] magic-item Thirsting Thorn -> a slender longsword with a dark forged iron blade, a crossguard shaped like gnar
[3593/7413] monster Warhorse Skeleton -> large equine skeletal undead standing in a rigid alert posture, massive horse sk
[3594/7413] magic-item Cloak of the Ram -> heavy thick wool cloak dyed in earthy shades of dark brown and charcoal grey, co
[3595/7413] feat Hunter's Lore Option -> a heraldic escutcheon divided per pale into deep forest green and burnished bron
[3596/7413] monster Bone Collective -> A swarm of animated human skeletal bones coalescing into a single humanoid silho
[3597/7413] spell Rockfall Ward -> A suspended ten-foot cube of jagged grey stone rubble and earthen debris, floati
[3598/7413] monster Sand Silhouette -> medium humanoid undead creature composed entirely of shifting desert sand and pa
[3599/7413] spell Elemental Reflection -> a translucent, shimmering planar barrier of swirling chromatic energies, a sharp
[3600/7413] feat Ranger Spellcasting -> a metallic circular heraldic badge embossed with a crossed hunting bow and a lea
[3601/7413] spell Planar Binding -> interlocking concentric rings of glowing golden abjuration runes rotating horizo
[3602/7413] magic-item Manual of Gainful Exercise -> thick heavy tome bound in dark iron plates, embossed with a raised anatomical il
[3603/7413] monster Ghost Knight -> medium humanoid undead entity, tall athletic skeletal frame, fragmented semi-tra
[3604/7413] monster Ochre Jelly -> large amorphous blob of viscous yellowish ochre ooze, undulating translucent gel
[3605/7413] spell Eidetic Memory -> translucent cobalt blue ethereal script symbols and looping glyphs floating in t
[3606/7413] magic-item Bludgeon of Nightmares -> a heavy flanged mace with a dense iron head and a dark wood haft wrapped in weat
[3607/7413] monster Fetal Savant -> tiny humanoid entity with oversized wrinkled head, smooth hairless pale pink ski
[3608/7413] feat Unarmored Defense (Barbarian) -> a circular brass heraldic shield bearing a raised central emblem of a muscular h
[3609/7413] magic-item Bountiful Cauldron -> small rounded copper cauldron, hammered metal surface, two small looped side han
[3610/7413] monster Ancient Brass Dragon -> gargantuan draconic body, massive wings spanning a vast distance, thick plated h
[3611/7413] magic-item Hand of Vecna -> a withered, mummified human left hand, desicrated pale grey skin stretched tight
[3612/7413] spell Ray of Frost -> a thick brilliant blue and pale cyan crystalline energy beam composed of jagged 
[3613/7413] spell Draining Bolt -> a jagged streak of crackling black and ashen grey energy, twisting and coiling v
[3614/7413] spell Draconic Smite -> a melee weapon transformed into the physical shape of a metallic silver dragon h
[3615/7413] monster Umbral Shambler -> medium aberration entity of hunched bipedal humanoid shape, elongated emaciated 
[3616/7413] monster Hongaek -> large elemental creature hovering midair with a massive humanoid upper torso, wi
[3617/7413] spell Time Stop -> frozen spherical wave of fractured cerulean and obsidian light expanding outward
[3618/7413] magic-item Adamantine Spearbiter -> medium-sized kite shield crafted from dark gunmetal-grey adamantine, the front s
[3619/7413] monster Grolar Bear Alpha -> massive aquatic monstrosity combining the thick ursine fur and heavy frame of a 
[3620/7413] spell Spirit Guardians -> a swarm of luminous translucent humanoid spirits with indistinct facial features
[3621/7413] magic-item Rod of Sanguine Mastery -> a tapered rod fashioned from blackened iron, a polished ram skull forged from da
[3622/7413] spell Sudden Slumber -> A dense cloud of heavy indigo fog swirling in a slow circular vortex, clusters o
[3623/7413] spell Power Word Nap -> three prone humanoid figures resting peacefully on the ground, surrounded by a f
[3624/7413] feat Sorcerous Vigor -> a brass heraldic shield bearing a centered roaring lion head in high relief, two
[3625/7413] subclass Soulspy -> heraldic heater shield bearing an embossed silver dagger crossed with a glowing 
[3626/7413] magic-item Leaf-Bladed Scimitar -> thin curved single-edged steel blade, bell guard shaped like a curled golden lea
[3627/7413] monster Ichneumon -> massive quadrupedal mammalian body shape, stout muscular torso, thick scaly hide
[3628/7413] spell Animal Shapes -> swirling vortex of translucent emerald green and sapphire blue magical energy, u
[3629/7413] monster Bookkeeper -> tiny construct creature, hovering in midair on delicate mechanical dragonfly win
[3630/7413] monster Gremlin, Rum Story Keeper -> tiny fey creature with webbed fingers and toes, water-soaked grey-green skin, ov
[3631/7413] spell Contact Other Plane -> viscous swirling portal of deep violet and midnight blue astral energy tearing o
[3632/7413] magic-item Ammunition of Slaying -> a single magical arrow with a straight shaft of dark grey ironwood, a broad tri-
[3633/7413] magic-item Hammer of Thunderbolts -> massive war hammer crafted from dark gray iron, short cylindrical cylindrical ha
[3634/7413] spell Detect Dragons -> translucent shimmering spherical aura expanding outward in expanding concentric 
[3635/7413] monster Angatra -> Emaciated humanoid undead skeleton covered in taut, pale gray mummified flesh st
[3636/7413] magic-item Orb of Enthralling Patterns -> spherical glass orb, smooth flawless solid surface, transparent core, swirling i
[3637/7413] spell Expulsion -> a towering tear in reality shaped like a jagged vertical fissure of raw violet e
[3638/7413] monster Giant Boar -> massive quadrupedal mammalian beast with a bulky, heavy-set body and thick, coar
[3639/7413] spell Target Lure -> an enchanted metal trinket pendant suspended in midair, radiating a pale violet 
[3640/7413] monster Ostinato -> medium aberration, hovering body shape, large membranous wings, glowing eyes, sl
[3641/7413] monster Wyvern -> massive reptilian body, two powerful scaly legs with sharp talons, a pair of wid
[3642/7413] monster Young Copper Dragon -> large quadrupedal reptilian dragon with a slender serpentine body, powerful feat
[3643/7413] monster Thunderbird -> massive avian monstrosity in flight with a colossal wingspan, deep slate-gray an
[3644/7413] magic-item Radiant Libram -> a thick heavy tome, two thin plates of translucent moonstone crystal forming the
[3645/7413] magic-item Bloodprice Splint -> magical set of splint armor composed of overlapping vertical plates of dark crim
[3646/7413] monster Shriekbat -> huge winged monstrosity in mid-flight with a massive leathery bat-like body, vas
[3647/7413] monster Nichny -> medium fey humanoid creature with a slender and angular body shape, dark ashen s
[3648/7413] spell Heartache -> a cluster of jagged crimson energy tendrils manifesting as a heavy thorned vine 
[3649/7413] magic-item Scorpion Feet -> a pair of thick-soled ankle-high leather sandals crafted from dark sun-baked hid
[3650/7413] background Exile -> weathered human exile with a weary and cautious demeanor, short tangled brown ha
[3651/7413] monster Arcanaphage -> medium monstrosity with a globular, chitinous body, hovering slightly above the 
[3652/7413] monster Ancient Boreal Dragon -> gargantuan dragon in flight with an elongated serpentine body, pale ice-blue sca
[3653/7413] spell Invisibility -> transparent shimmering distortion, faint refractive bending of ambient light, ri
[3654/7413] monster Quasit Familiar -> tiny humanoid fiend with a shriveled, emaciated body, smooth mottled green skin,
[3655/7413] monster Kongamato -> large theropod-like reptilian beast in flight, massive leathery bat-like wings s
[3656/7413] magic-item Nithing Pole -> sturdy wooden stave eight feet long carved with jagged runes naming a dishonored
[3657/7413] spell Fog Cloud -> A dense sprawling mass of opaque white vapor billowing outward in a vast thick r
[3658/7413] monster Siren -> medium monstrosity with the upper torso of a human female and the lower body of 
[3659/7413] monster Yaojing -> medium celestial humanoid with a tall slender build and an upright noble posture
[3660/7413] monster Silver Dragon Wyrmling -> medium quadrupedal dragon in flight, slender serpentine body covered in fine met
[3661/7413] spell Move Earth -> a massive cube of churning earth and dense stone rising upward, heavy brown soil
[3662/7413] feat Mindless Rage -> a circular heraldic shield featuring a stylized, jagged human skull in profile w
[3663/7413] monster Wraith -> amorphous incorporeal humanoid shadow, medium size, wispy tendrils of dark smoke
[3664/7413] magic-item Serpent's Tooth -> A magical spear with a long, slender shaft carved from dark, polished ebony wood
[3665/7413] spell Cure Beast -> A swirling sphere of emerald green evocation energy, composed of interwoven bota
[3666/7413] monster Veritigibbet -> tiny fey creature with a slender humanoid torso, delicate translucent insectoid 
[3667/7413] magic-item Potion of Flying -> small stoppered glass flask filled with shimmering light blue liquid that drifts
[3668/7413] magic-item Armor of the Ngobou -> thick rough ox-sized dinosaur hide armor, dull grey and brown mottled coloration
[3669/7413] spell Lightning Strike -> a jagged branching bolt of brilliant pale blue electricity crackling with intens
[3670/7413] spell Benediction -> an ethereal aura of pure white radiance enveloping a humanoid silhouette, a gent
[3671/7413] monster Manastorm Golem -> medium-sized humanoid construct formed from jagged blocks of dark iron and crack
[3672/7413] spell Poison Spray -> thick billowing cloud of sickly green and yellow noxious gas shaped like a dense
[3673/7413] monster Child of the Briar -> tiny humanoid plant creature made of intertwined woody vines and thorny branches
[3674/7413] monster Hawk, Blood -> small predatory bird, slender raptor silhouette, blood-red and crimson plumage a
[3675/7413] monster Darakhul Captain -> rotting humanoid corpse standing in rigid military posture, gray withered skin p
[3676/7413] monster Aridni -> small fey creature hovering in midair, slender humanoid torso, large translucent
[3677/7413] monster Hantu Penanggal -> floating disembodied female human head with long flowing black hair, trailing ex
[3678/7413] monster Behir -> huge serpentine monstrosity resembling a combination of centipede and crocodile,
[3679/7413] feat Hunter's Lore -> a heraldic crest featuring a stylized composite bow crossed vertically with a tr
[3680/7413] spell Ward -> a fifty-foot diameter circular boundary inscribed flat upon the ground, formed f
[3681/7413] spell Ice Knife -> a jagged translucent shard of solid pale blue ice shaped like a narrow dagger wi
[3682/7413] monster Blue Dragon -> massive quadrupedal dragon with azure to deep indigo scales, blunt head featurin
[3683/7413] magic-item Mantle of the Lion -> full adult lion pelt worn across the shoulders, rich tawny golden fur, thick dar
[3684/7413] monster Kallikantzaros -> small hunched fey creature with dark bristly hair covering an emaciated grey-ski
[3685/7413] spell Craft from Clay -> a swirling vortex of raw brown clay and viscous mud, dense particulate matter ch
[3686/7413] monster Burrowling -> small hunched humanoid body, thick coating of caked mud and dry soil encrusting 
[3687/7413] monster Camel -> large quadrupedal mammal with a sandy brown coat, elongated neck, small head wit
[3688/7413] spell Mass Surge Dampener -> A transparent spherical dome of shimmering violet energy measuring fifteen feet 
[3689/7413] magic-item Kyshaarth's Fang -> a curved single-edged dagger featuring a blade composed of matte black bone, a b
[3690/7413] feat Tactical Mind -> a heraldic heater shield bearing an embossed silver chess knight piece centered 
[3691/7413] monster Erina Tussler -> small humanoid stature, compact rounded body, thick layers of dried earth and mu
[3692/7413] spell Shroud -> an undulating shroud of absolute darkness, a swirling cloak of matte obsidian sh
[3693/7413] spell Impaling Spires -> six massive jagged pillars of dark grey stone bursting violently upward from the
[3694/7413] spell Iron Hand -> One human arm transformed completely into solid wrought iron from shoulder to fi
[3695/7413] monster Shukankor -> huge monstrous aberration with a massive segmented chitinous body, deep indigo e
[3696/7413] spell Summon Eldritch Servitor -> rippling tear in the fabric of space, an opening portal of distorted violet void
[3697/7413] magic-item Radiance Bomb -> small apple-sized spherical globule, highly reflective polished silver metallic 
[3698/7413] feat Boon of Spell Recall -> an intricate circular heraldic crest forged from polished silver and dark iron, 
[3699/7413] monster Diving Gel -> tiny aquatic translucent gelatinous ooze, amorphous globular body shape, pale bl
[3700/7413] feat Defense -> a heraldic emblem featuring a polished steel kite shield centered on a vertical 
[3701/7413] magic-item Timeworn Timepiece -> antique tarnished silver pocket watch, heavily pitted and oxidized with dark pat
[3702/7413] magic-item Gem of Seeing -> spherical faceted gemstone of deep violet crystal, perfectly symmetrical, roughl
[3703/7413] spell Dream -> swirling cloud of deep indigo and violet vapor, dense ethereal fog twisting into
[3704/7413] spell Puff of Smoke -> dense billowing cloud of dark gray soot and swirling ash expanding rapidly outwa
[3705/7413] monster Holy Knight -> medium humanoid figure, heavily muscled and imposing posture, clad in gleaming p
[3706/7413] spell Emanation of Yoth -> serpentine silhouette of an assassin formed from translucent dark vapor, elongat
[3707/7413] monster Waterkledde -> large serpentine fiend in mid-flight with wide tattered leathery wings spanning 
[3708/7413] monster Star Crow -> tiny avian aberration hovering in midair, slender black body covered in downy fe
[3709/7413] monster Eater Of Dust (Yakat-Shi) -> medium humanoid aberration, elongated emaciated skeletal body, tough ash-gray le
[3710/7413] magic-item Leather Armor of Warding (+3) -> fitted dark brown leather cuirass and shoulder guards, surface intricately etche
[3711/7413] spell Chilling Graze -> a manifestation of necrotic magical energy, a swirling vortex of deep indigo and
[3712/7413] monster Archpriest -> tall humanoid archpriest in flowing ceremonial vestments and ornate layered robe
[3713/7413] monster Dragon, Prismatic Wyrmling -> medium quadrupedal dragon with an elongated serpentine body, covered in tightly 
[3714/7413] spell Frozen Razors -> a dense cluster of jagged, razor-sharp ice blades erupting vertically from the g
[3715/7413] monster Invisible Stalker -> medium-sized humanoid elemental composed entirely of clear shifting air, vague v
[3716/7413] monster Moonless Hunter -> medium fey humanoid creature with slender sinewy limbs, elongated clawed fingers
[3717/7413] monster Red Dragon Wyrmling -> medium quadrupedal dragon, muscular serpentine body covered in overlapping brill
[3718/7413] magic-item Dagger of the Barbed Devil -> a dagger with a curved steel blade, a dark iron crossguard shaped like downward-
[3719/7413] monster Qumdaq -> small elemental creature, compact humanoid body shape, coarse crust of packed da
[3720/7413] spell Dragon Roar -> a concentrated cone of invisible force waves represented by concentric rippling 
[3721/7413] monster Loxoda -> huge elephantine monstrosity with coarse gray skin, a massive muscular humanoid 
[3722/7413] monster Animated Rug of Smothering -> large rectangular floor rug, thick woven wool construction, deep crimson base co
[3723/7413] background Monstrous Adoptee -> human adoptee of monstrous parentage, tall and heavily muscled human with coarse
[3724/7413] monster Spawn of Hriggala -> huge quadrupedal fiendish body, thick matted fur caked with dried mud and gray e
[3725/7413] magic-item Labrys of the Raging Bull (Greataxe) -> double-bitted bronze labrys greataxe with sweeping crescent-shaped blades engrav
[3726/7413] monster Hulking Whelp -> small fey humanoid with a disproportionately massive muscular torso, oversized c
[3727/7413] spell Liquid Air -> a swirling mass of semi-translucent, pale blue atmospheric fluid hovering mid-ai
[3728/7413] spell Nondetection -> a shifting cloud of opaque silver mist and midnight blue haze swirling densely i
[3729/7413] monster Sand Ray -> large flat diamond-shaped aberration body with leathery sandy-tan skin, two mass
[3730/7413] spell Blood Strike -> crimson necromantic energy radiating as thick undulating scarlet tendrils, pulsi
[3731/7413] magic-item Cloak of the Inconspicuous Rake -> simple knee-length hooded garment, spun from rough gray wool fabric, featuring a
[3732/7413] subclass Way of Concordant Motion -> a circular heraldic shield bearing a centered geometric emblem of intersecting c
[3733/7413] monster Aboleth Thrall -> Medium humanoid in a rigid, lifeless posture, waterlogged skin with a greyish-bl
[3734/7413] spell Banishment -> swirling vortex of indigo and violet abjuration energy, spinning vertical ring o
[3735/7413] monster Ghillie Dubh -> medium humanoid celestial body shape, dark teal skin covered in fine translucent
[3736/7413] monster Bagiennik -> squat medium aberration with a bloated, waterlogged body, mottled green and dark
[3737/7413] monster Giant Fire Elemental -> massive humanoid shape composed entirely of billowing scarlet and orange flames,
[3738/7413] spell Sky Raft -> three-foot-wide circular flat wooden platform hovering horizontally in the air, 
[3739/7413] spell Shield of Faith -> a translucent spherical dome of pale golden energy encasing a humanoid figure, t
[3740/7413] spell Mental Grip -> translucent glowing indigo psychic tendrils extending through the air, forming t
[3741/7413] monster Ancient Sea Dragon -> gargantuan serpentine dragon in midair flight, immense emerald green scales cove
[3742/7413] monster Clockwork Abomination -> massive mechanical construct built from interlocking brass plates and exposed ti
[3743/7413] monster Tetomatli -> large bipedal construct of dark basalt stone and jagged iron plates, hulking hun
[3744/7413] monster Demon, Balbazu -> tiny aquatic fiend with a compact serpentine body, scaly dark indigo skin, four 
[3745/7413] spell Bound Haze -> a swirling cylindrical vortex of thick grey dust, pulverized stone, and turbulen
[3746/7413] magic-item Thirsting Scalpel -> slashing weapon, thin curved single-edged steel blade with a wide hollow-ground 
[3747/7413] magic-item Elemental Gem -> rough-hewn faceted gemstone, irregular polyhedron shape, opaque mineral material
[3748/7413] magic-item Shield of Missile Attraction -> round heavy steel shield, convex central boss, polished brass rim, intricate etc
[3749/7413] monster Fey Knight -> medium fey humanoid in flight, slender muscular body shape, pale iridescent skin
[3750/7413] feat Instinctive Pounce -> a heraldic metal escutcheon, a stylized rampant predatory big cat mid-leap in si
[3751/7413] monster Jack of Strings -> medium fey humanoid creature with a slender and lanky build, pale ash-gray skin 
[3752/7413] spell Web -> thick sticky interwoven strands of pale grey silk forming a dense tangled matrix
[3753/7413] monster Vallowex -> large aquatic aberration with a bulbous segmented body, slick dark green and vio
[3754/7413] spell Maddening Whispers -> a chaotic swirling mass of deep indigo and violet arcane energy shaped like doze
[3755/7413] monster Pech Stonemaster -> short stocky humanoid elemental standing upright with a roughly three-foot-tall 
[3756/7413] spell Mage Hand -> translucent pale blue human-shaped hand formed entirely of concentrated magical 
[3757/7413] monster Moonlit King -> tall humanoid fey with an elegant noble posture, pale silver-blue skin, long flo
[3758/7413] monster Peluda Drake -> massive quadrupedal reptilian dragon with a thick-scaled hide caked in dried ear
[3759/7413] magic-item Coin of the Father, 1 charge, _petty_ -> thick irregular disc of tarnished grey lead, dull pitted metallic surface, worn 
[3760/7413] monster Desert Troll -> massive humped humanoid giant, thick leathery dusty brown skin encrusted with cr
[3761/7413] spell Earthquake -> ground fracturing with jagged gaping fissures and shifting tectonic slabs, thick
[3762/7413] monster Ankheg -> enormous many-legged insectoid monstrosity, heavy brown chitinous exoskeleton ca
[3763/7413] magic-item A Blade Called Hope (d6) -> thin curved single-edged steel sword with a slender tapered blade, dark matte ir
[3764/7413] monster Wood Elf Scout -> medium humanoid wood elf scout, slender agile build, amber skin tone, sharp faci
[3765/7413] spell Dryad’s Kiss -> dense cluster of small tightly closed purple buds emerging rapidly across the su
[3766/7413] magic-item Moonsteel Dagger -> a finely forged dagger with a straight, double-edged blade made of dark, unpolis
[3767/7413] monster Scarab, Ruin -> large undead beetle monster in flight with a thick segmented exoskeleton of oxid
[3768/7413] spell Hedgehog Dozen -> eleven translucent shimmering blue duplicate figures overlapping in a dense clus
[3769/7413] magic-item Vielle of Weirding and Warding -> an ornate wooden bowed string instrument with a deep rounded pear-shaped body, d
[3770/7413] spell High Ground -> An outdoor patch of earth rising upward into a ten-foot-tall earthen hillock thi
[3771/7413] spell Blur -> dense shifting wave of translucent distortions blurring the air, rippling watery
[3772/7413] monster Flame Dragon Wyrmling -> medium sized serpentine dragon with fiery orange and crimson scales, wide feathe
[3773/7413] feat Pact of the Tome -> an ancient leather-bound tome with a dark iron clasp resting upright, glowing ar
[3774/7413] monster Spark -> tiny elemental creature in mid-flight with delicate translucent insectoid wings 
[3775/7413] spell Mind Maze -> expanding sphere of shimmering crystalline mirrors floating in a ring, thousands
[3776/7413] monster Folk of Leng -> tall slender humanoid figure with pale grey leathery skin, long thin limbs, elon
[3777/7413] magic-item Mayhem Mask -> goat mask carved from dark wood with long curving horns, framed entirely in coar
[3778/7413] feat Rage -> a circular heraldic shield bearing a stylized emblem of a jagged blood-red fist 
[3779/7413] magic-item Dagger of Venom -> dagger with a double-edged steel blade tapering to a needle-point, a dark greeni
[3780/7413] monster Mangrove Treant -> huge sentient plant creature shaped like a massive weathered mangrove tree, gnar
[3781/7413] spell Harrying Hounds -> a pack of translucent spectral hounds composed of swirling turquoise force energ
[3782/7413] monster Marilith -> massive towering fiend with the lower serpentine body of a giant scaly python an
[3783/7413] monster Ratfolk Warlock -> small humanoid ratfolk, slender digitigrade body, short sleek brown fur, damp ha
[3784/7413] spell Martyr's Rally -> a burst of brilliant golden light erupting from an unconscious fallen figure, ex
[3785/7413] monster Sprite -> tiny humanoid fey creature, slender human-like torso and limbs, pale skin, large
[3786/7413] subspecies Copper Dragonborn -> bipedal humanoid dragonborn standing six and a half feet tall with a muscular an
[3787/7413] monster Wormhearted Suffragan -> emaciated humanoid undead corpse wrapped in rotting ecclesiastical vestments and
[3788/7413] monster Hodag -> massive quadrupedal beast, thick dark green scales covering a bulky body, powerf
[3789/7413] monster Ancient Silver Dragon -> gargantuan quadrupedal dragon with massive feathered wings spanning hundreds of 
[3790/7413] monster Goblin Musketeer -> small humanoid goblin, wiry green skin, oversized pointed ears, narrow face, wid
[3791/7413] monster Queen of Witches -> towering fey humanoid woman in flight, large expansive feathered wings sprouting
[3792/7413] monster Ork Urk -> medium humanoid figure, muscular athletic build, thick moss-green skin, broad he
[3793/7413] monster Neophron -> medium fiend with a humanoid upper body and massive feathered wings, leathery da
[3794/7413] magic-item Ankh of Aten -> twelve-inch golden ankh, polished yellow-gold metal construction, traditional lo
[3795/7413] spell Edifice -> a massive slab of solid grey granite emerging abruptly from the ground, twenty f
[3796/7413] monster Wyvern -> massive serpentine reptilian body covered in dark scales, two powerful scaly hin
[3797/7413] monster Spell-warped Chuul -> large crustacean aberration with a segmented chitinous dark green carapace, a bu
[3798/7413] monster Angatra -> emaciated humanoid undead skeleton wrapped tightly in rotting gray burial shroud
[3799/7413] monster Cackling Skeleton -> humanoid skeletal remains of bleached yellow bone, medium size, hunched sinister
[3800/7413] magic-item Bone Whip -> flexible weapon constructed from interlocking humanoid vertebrae with razor-shar
[3801/7413] monster War Machine Golem -> gargantuan humanoid construct formed from interlocking heavy iron plates and thi
[3802/7413] magic-item Grifter's Deck -> a slightly greasy and well-worn deck of standard playing cards bound by a frayin
[3803/7413] monster Gray Thirster -> medium undead humanoid creature, ash-gray desiccated skin stretched tightly over
[3804/7413] species Alseid -> humanoid upper torso with pale skin, vibrant green eyes, and long ivory hair bra
[3805/7413] magic-item Cloak of the Monarch Queen, 3 charges -> faded black ankle-length great-cloak, heavy coarse woolen fabric, wide stiffened
[3806/7413] spell Darkness -> a fifteen-foot-radius sphere of absolute black void, pitch-black in color, opaqu
[3807/7413] spell Forced Reposition -> a localized distortion of space taking the physical form of a rapidly swirling v
[3808/7413] magic-item Crocodile Leather Armor -> heavy reinforced breastplate and pauldrons crafted from dark green crocodile hid
[3809/7413] magic-item Figurehead of Prowess -> carved wooden ship figurehead shaped like a muscular heroic male torso, polished
[3810/7413] spell Sleep -> a swirling, translucent cloud of indigo and deep violet vapors drifting forward 
[3811/7413] magic-item Sleep Pellet -> small spherical brass pellet, one half of an inch in diameter, polished metallic
[3812/7413] monster Adult Copper Dragon -> huge quadrupedal dragon with a serpentine body, large leathery wings spanning wi
[3813/7413] monster Young Red Dragon Zombie -> large quadrupedal skeletal dragon carcass in mid-flight with tattered leathery r
[3814/7413] magic-item Ward Stone, 1 use -> A flat, oval, unassuming grey river stone, smooth surface texture, featuring a s
[3815/7413] monster Ancient Black Dragon -> gargantuan serpentine quadrupedal dragon, massive rotting-flesh-toned black scal
[3816/7413] spell Obfuscation -> dense swirling cloud of grey ash and translucent chromatic distortions envelopin
[3817/7413] monster Weasel -> tiny elongated mammalian body, extremely short limbs with small pawed feet, long
[3818/7413] monster Wampus Cat -> medium monstrosity, aquatic feline body shape with webbed paws, sleek water-repe
[3819/7413] monster Wharfling -> tiny quadrupedal mammalian beast with dark matted fur, hunched posture, compact 
[3820/7413] monster Ettin -> massive two-headed giant with crude orcish features, broad thick body encrusted 
[3821/7413] magic-item Mordant Greatsword -> long steel greatsword, heavy double-edged broad blade with a pitted and corroded
[3822/7413] spell Color Spray -> a blinding dense fan-shaped burst of dazzling multicolored light rays projecting
[3823/7413] subclass Hunter -> a metal heraldic shield bearing an embossed emblem of a composite bow crossed wi
[3824/7413] magic-item Stone of Controlling Earth Elementals -> jagged fist-sized chunk of dark grey granite, rough unpolished mineral surface w
[3825/7413] monster Valkyrie -> humanoid female figure of medium stature, powerful athletic build, feathered win
[3826/7413] monster Merchant Captain -> medium humanoid merchant captain, muscular and imposing physical build, weathere
[3827/7413] monster War Ostrich -> giant flightless avian beast, massive bulk, long muscular neck, small feathered 
[3828/7413] magic-item Figurine of Wondrous Power (Basalt Cockatrice) -> carved black basalt statuette shaped into a small cockatrice, featuring the deta
[3829/7413] spell Stanch -> a localized field of deep crimson translucent energy wrapping tightly around a h
[3830/7413] magic-item Clockwork Spider Cloak -> deep black spider silk hooded cloak, interior lined with thin articulated brass 
[3831/7413] spell Dissonant Whispers -> swirling cloud of jagged chromatic sound waves and fractured iridescent sonic ri
[3832/7413] spell Ray of Sickness -> a thin serpentine streak of viscous sickly green energy, crackling with dark nec
[3833/7413] monster Worg -> massive wolf-like monstrosity with dark grey fur and a thick matted mane, toweri
[3834/7413] magic-item Robe of the Archmagi -> long elegant floor-length garment crafted from exquisite heavy dark black fabric
[3835/7413] monster Behtu -> small slender humanoid body, dark gray matted fur covering the entire torso and 
[3836/7413] spell Teleport -> a violent spatial tear in the air, a jagged vertical fissure of deep indigo ener
[3837/7413] monster Eye of the Gods -> small hovering celestial entity, spherical main body covered in smooth golden sk
[3838/7413] monster Slow Storm -> huge hovering elemental creature, massive billowing cloud-like body of condensed
[3839/7413] monster Carrier Mosquito -> massive oversized mosquito in flight, segmented dark grey chitinous body, large 
[3840/7413] spell Prismatic Wall -> a colossal vertical opaque rectangular plane of light up to ninety feet long and
[3841/7413] magic-item Staff of Power -> a thick quarterstaff carved from dark polished ebony wood, reinforced with bands
[3842/7413] magic-item Wand of Resistance -> slim cylindrical wooden wand with a smooth dark brown surface, topped with a sma
[3843/7413] magic-item Beggar's Key -> old tarnished brass key, slightly bent shaft, heavily worn metal surface with du
[3844/7413] spell Orb of Immortality -> a ten-foot radius spherical barrier of transparent blue force field, suspended a
[3845/7413] spell Telekinesis -> a swirling vortex of violet force energy shaped like a compressed sphere of dist
[3846/7413] monster Will-o'-Wisp -> tiny incorporeal spherical mass of cold malicious vapor, semi-transparent wispy 
[3847/7413] monster Pegasus -> large magnificent horse with pure white coat, massive feathered wings spanning t
[3848/7413] magic-item Staff of Giantkin -> Stout oaken staff measuring seven feet long, thick cylindrical brown wood grain 
[3849/7413] monster Dracotaur -> massive quadrupedal reptilian body covered in thick bronze scales caked in dry b
[3850/7413] monster Aboleth -> huge slimy blue-green amphibious fish-like body, elongate serpentine tail fin, f
[3851/7413] monster Automata Devil -> large humanoid fiend, bulky chiseled metallic plating of dull iron and dark bras
[3852/7413] monster Rakshasa, Servitor -> medium fiend humanoid with the head of a massive predatory tiger bearing sharp w
[3853/7413] magic-item Grave Ward Scale Mail -> scale mail armor forged from dark blackened iron plates, each overlapping metal 
[3854/7413] monster Incinis -> massive elemental being composed of jagged charcoal and black rock chunks, tower
[3855/7413] background Occultist -> a human occultist wearing heavy dark woolen robes patterned with embroidered sil
[3856/7413] monster Clockwork Watchman -> medium humanoid construct made of interlocking brass gears and iron plates, rigi
[3857/7413] magic-item Meteoric Plate -> heavy full plate armor crafted from massive interlocking dark grey stone plates,
[3858/7413] spell Bloodshot -> thick twin streams of boiling crimson blood erupting directly outward from human
[3859/7413] monster Rust Monster -> quadrupedal subterranean mammalian insectoid creature the size of a pony with th
[3860/7413] feat Spellbreaker -> a circular heraldic shield emblem made of tempered steel, an unbroken glowing az
[3861/7413] monster Lizardfolk -> medium humanoid lizardfolk, bipedal reptilian anatomy with a low-slung heavy tai
[3862/7413] monster Hobgoblin Warrior -> muscular medium humanoid with deep brick-red skin and coarse dark hair, amber ey
[3863/7413] spell Flickering Fate -> translucent shimmering ethereal hourglass shape floating in midair, composed of 
[3864/7413] spell Magic Circle -> ten foot radius vertical cylinder of glowing violet magical energy rising twenty
[3865/7413] subclass Cold-Blooded -> a circular heraldic shield bearing a centered carved stone bas-relief of a slit-
[3866/7413] monster Black Shuck -> massive demonic hound as large as an ox, muscular quadrupedal body, midnight bla
[3867/7413] monster Pixie -> tiny humanoid fey standing barely a foot tall resembling a diminutive elf with d
[3868/7413] subclass Abjurationist -> a heraldic shield emblem featuring a centered upright warding hand symbol engrav
[3869/7413] spell Darkness -> a spherical sphere of absolute jet black void, completely lightless and impenetr
[3870/7413] monster Warrior Band -> A large humanoid warrior band composed of heavily muscled figures standing eight
[3871/7413] spell Gale -> massive meteorological weather disturbance cylinder measuring three hundred feet
[3872/7413] spell Hold Monster -> a shifting field of indigo and violet energy taking the form of rigid geometric 
[3873/7413] monster Ancient Copper Dragon -> gargantuan quadrupedal dragon with an elongated serpentine body covered in metal
[3874/7413] spell Skillful Repair -> a floating geometric patch of parchment made from mismatched vellum pages of var
[3875/7413] monster Myrmex, Young -> small bipedal elemental insectoid body shape, compact earth-caked chitinous exos
[3876/7413] monster Idolic Deity -> small animated humanoid construct carved from dark grey stone, blocky angular pr
[3877/7413] monster Life Broker -> medium fey humanoid body shape, slender proportions, smooth greyish skin, long t
[3878/7413] monster Fallen Deva -> medium humanoid body shape, hunched posture in mid-air, ash-gray skin, tattered 
[3879/7413] spell Reposition -> three shifting spatial displacement effects, each appearing as a translucent, sh
[3880/7413] magic-item Whispergale, 1 use -> balloon-shaped botanical object, spherical bulbous plant capsule, smooth fibrous
[3881/7413] magic-item Staff of Withering -> a gnarled quarterstaff carved from blackened deadwood, the surface deeply furrow
[3882/7413] monster Green Dragon Wyrmling -> medium quadrupedal reptilian dragon body, emerald green scales shifting to pale 
[3883/7413] monster Dark Voice -> medium humanoid figure, slender and imposing posture, dark grey skin stretched t
[3884/7413] spell Misty Step -> A dense swirling sphere of pale gray fog and translucent white vapor condensing 
[3885/7413] magic-item Dawn Shard Shortsword -> shortsword with a slender straight double-edged steel blade showing a faint pale
[3886/7413] monster Cave Locust -> massive subterranean insectoid monster the size of a draft horse, long segmented
[3887/7413] spell Animal Messenger -> a tiny translucent spectral beast shaped like a delicate woodland bird, composed
[3888/7413] spell Psychic Eye -> A hovering semi-translucent spherical eyeball the size of a human head, composed
[3889/7413] spell Maim -> A pair of human-sized hands transformed into elongated, razor-sharp claws, entir
[3890/7413] monster Mimic -> a medium-sized monstrosity shifted into the shape of a wooden treasure chest, th
[3891/7413] magic-item Decoy Card -> small thick rectangular parchment card, smooth stiff matte surface, cream colore
[3892/7413] spell Call for Aid -> swirling vortex of radiant golden and crimson astral energy, coalescing into a s
[3893/7413] magic-item Ghost Barding Studded Leather -> horse-sized barding crafted from translucent blue-green boiled leather, shimmeri
[3894/7413] feat Flurry of Blows -> a metallic heraldic shield bearing a centered raised emblem of three overlapping
[3895/7413] magic-item Wand of Smoke, 4 charges -> a roughly carved wand made of pitch-black charred wood with a stone-like texture
[3896/7413] monster Ghoul -> emaciated medium humanoid undead, taut gray skin stretched tightly over a visibl
[3897/7413] spell Mephitic Croak -> a wide cone-shaped burst of emerald green acidic vapor expanding outward from a 
[3898/7413] magic-item Tiger and Deer Scroll -> rolled cylinder of thick aged parchment paper, pale cream surface with yellowed 
[3899/7413] monster Druid -> medium humanoid figure, tanned weathered skin, long uncombed brown hair tangled 
[3900/7413] subclass Primordial -> a heraldic shield emblazoned with a jagged lightning bolt bisecting a roaring el
[3901/7413] spell Secret Attaché -> a swirling vortex of dense indigo vapors forming a swirling, amorphous silhouett
[3902/7413] magic-item Potion of Clairvoyance -> small rounded glass flask filled with translucent pale yellowish liquid, a singl
[3903/7413] magic-item Locksmith's Oil -> a small cylindrical glass flask filled with a viscous golden-amber oil, a cork s
[3904/7413] feat Wild Companion -> a circular heraldic shield featuring an embossed brass carving of a howling timb
[3905/7413] monster Deep Troll -> massive hunched giant humanoid body with thick muscular limbs, rubbery stone-gre
[3906/7413] magic-item Blood Pearl -> spherical deep crimson pearl, polished opaque surface with an oily slick sheen, 
[3907/7413] spell Slick -> an expansive circular pool of thick translucent amber grease coating the floor s
[3908/7413] subclass Way of the Still Waters -> a circular heraldic shield bearing the emblem of a serene flowing river winding 
[3909/7413] spell March of the Dead -> a swirling procession of multiple spectral humanoid shapes rising upward from sm
[3910/7413] monster Grick -> wormlike medium monstrosity, rubbery greenish-gray segmented body blending with 
[3911/7413] monster Ash Phoenix -> large avian undead creature hovering with skeletal wings formed of charred bone 
[3912/7413] magic-item Standard of Divinity (Lance) -> long steel lance with a slender tapered shaft, polished metallic surface inscrib
[3913/7413] monster Cavefish Zombie -> medium humanoid undead creature standing upright with waterlogged pale gray skin
[3914/7413] monster Corrupting Ooze -> massive shapeless mass of viscous dark emerald and black slime, undulating semi-
[3915/7413] monster Scorpionfolk Imperator -> large monstrous humanoid body from the waist up with dark tanned skin and muscul
[3916/7413] monster Death Barque -> gargantuan nautical vessel formed from blackened skeletal timber, colossal rotti
[3917/7413] monster Warlords Ghost -> medium undead humanoid in flight, skeletal body covered in tattered dark leather
[3918/7413] subclass Tunnel Watcher -> a metal heraldic shield displaying a centered pickaxe crossed vertically with a 
[3919/7413] magic-item Witch Ward Bottle -> small dark grey earthenware jug, bulbous rounded body with a narrow neck, cork s
[3920/7413] feat Weapon Master -> a heavy kite shield made of burnished steel bearing a heraldic quartered field d
[3921/7413] monster Gigantura -> gargantuan aquatic monstrosity, massive elongated serpentine body covered in sli
[3922/7413] spell Blizzard -> a massive swirling cylinder of thick opaque white snow and sharp jagged ice crys
[3923/7413] monster Erina Defender -> small humanoid covered in coarse grey fur, dense clumps of brown dirt caked over
[3924/7413] monster Aranea -> large intelligent spider with a bulbous cephalothorax bearing a prominent human-
[3925/7413] spell Black Hand -> dense coalescing sphere of inky shadow wrapped in volatile obsidian flame, crack
[3926/7413] monster Deathweaver -> huge monstrous arachnid body, eight chitinous segmented legs, pitch-black exoske
[3927/7413] magic-item Ammunition, +2 -> set of ten identical slender metal arrows, dark steel shafts engraved with faint
[3928/7413] spell Magic Net -> a translucent cylindrical cage of shimmering magical force five feet in radius a
[3929/7413] monster Shadhavar -> large slender equine quadruped, graceful stag-like body, smooth white coat, sing
[3930/7413] background Outrider -> A human outrider standing in a tense posture with watchful demeanor, wearing wor
[3931/7413] feat Draconic Ancestor — Cold -> heraldic shield bearing the profile of a white dragon head facing left, jagged i
[3932/7413] monster Knight -> medium humanoid warrior standing in a rigid upright posture, wearing full polish
[3933/7413] monster Owl, Giant -> enormous raptorial avian beast, massive bulk, wingspan stretching wide, thick de
[3934/7413] feat Relentless Rage -> A circular metal shield bearing a bold heraldic emblem of a split, jagged red ir
[3935/7413] spell Doom of Consuming Fire -> a swirling sheath of frigid violet flames enveloping an empty central space, jag
[3936/7413] monster Glacial Corrupter -> medium undead humanoid skeletal figure, frosted pale grey bone structure, jagged
[3937/7413] subspecies Cloud Giant -> massive humanoid stature, heavily muscled and imposing build, towering height of
[3938/7413] monster Ratatosk -> tiny squirrel-like celestial creature, compact muscular body covered in thick si
[3939/7413] magic-item Horseshoes of Speed -> set of four heavy forged iron horseshoes, each curved U-shaped shoe displaying s
[3940/7413] magic-item Oculi of the Ancestor -> a right human eyeball replica carved from sacred dark hardwood, intricate fine g
[3941/7413] spell Jarring Growl -> a dense concentric ripple of jagged crimson sound waves expanding outward in a r
[3942/7413] spell Enhance Ability -> translucent golden-yellow magical aura tightly sheathing a defined biological fo
[3943/7413] monster Giant, Thursir Armorer -> massive humanoid giant standing twelve feet tall with a heavily muscled grey-ski
[3944/7413] magic-item Mnemonic Fob -> small flat crescent of aged brass, holding a small central disc that freely spin
[3945/7413] monster Ettin -> huge two-headed giant standing upright with a massive hulking humanoid body, two
[3946/7413] spell Shadow Armor -> a dense shifting shroud of absolute darkness shaped like an armored silhouette, 
[3947/7413] spell Mindshield -> A translucent shimmering energy barrier conforming to a humanoids exact silhouet
[3948/7413] monster Dread Examiner -> huge winged aberration in flight, towering muscular torso covered in slick dark 
[3949/7413] feat Powerful Attacker -> a carved stone heraldic shield featuring a massive clenched iron gauntlet superi
[3950/7413] monster Beetle, Clacker Soldier -> small insectoid beetle, segmented chitinous exoskeleton with a dull metallic rus
[3951/7413] magic-item Black Honey Buckle -> cast iron belt buckle shaped like a snarling bear head, heavily pitted and ruste
[3952/7413] subspecies Boghaid -> short and wiry stature, weathered olive skin, emerald green eyes, shoulder-lengt
[3953/7413] monster Servant of the Unsated God -> medium undead humanoid, emaciated skeletal body shape, ash-gray decayed flesh st
[3954/7413] magic-item Bottled Boat -> clear transparent glass bottle with a thick cork stopper sealing the neck, insid
[3955/7413] monster Wight -> emaciated humanoid corpse, medium skeletal frame, desiccated grey flesh stretche
[3956/7413] monster Goblin Warrior -> small humanoid creature standing in a hunched aggressive posture, disproportiona
[3957/7413] magic-item Sanctuary Shell -> large pale cream nautilus seashell, intricate protective runes deeply carved and
[3958/7413] magic-item Rapier of Fallen Saints -> slender steel rapier, narrow straight pointed blade with a dull grey metallic fi
[3959/7413] monster Mind Lasher -> bipedal humanoid aberration, tall slender body, smooth pale lavender skin stretc
[3960/7413] monster Boreas' Chosen -> medium humanoid figure, gaunt skeletal body, frost-bitten pale blue skin, sunken
[3961/7413] monster Raven -> tiny black-feathered avian beast with a compact streamlined body, a sharp sturdy
[3962/7413] monster Burrowing Horror -> monstrous subterranean entity, massive segmented worm-like body of pale pinkish-
[3963/7413] monster Myrmex Speaker -> massive bipedal insectoid elemental entity, heavy earthen exoskeleton caked in d
[3964/7413] monster Vulture, Giant -> massive avian beast with a hunched heavy torso, spanning massive feathered wings
[3965/7413] monster Murgrik -> large bulky aberration in flight, broad torso, pale rubbery gray skin, wet glist
[3966/7413] monster Sarcophagus Slime -> medium undead ooze formed into the rough silhouette of an upright sarcophagus, s
[3967/7413] feat Woodcraft Training -> a carved wooden shield bearing the relief of a crossed hunting bow and a stout h
[3968/7413] monster Snow Giant -> massive towering humanoid giant standing thirty feet tall, pale icy blue skin co
[3969/7413] monster Adult Green Dragon -> Huge quadrupedal green dragon in flight with an elongated sinuous serpentine bod
[3970/7413] monster Mandrake -> tiny humanoid plant creature, bulbous beige root-like body, stubby root legs, tw
[3971/7413] magic-item Cape of Targeting -> long flowing cloak, deep midnight blue fabric, heavy draped silhouette reaching 
[3972/7413] magic-item Harmonizing Instrument -> an ornate wooden lute with a deep rounded pear-shaped body carved from dark poli
[3973/7413] monster Giant Mantis Shrimp -> massive aquatic crustacean, heavily segmented carapace coated in dry caked mud a
[3974/7413] spell Weird -> swirling mass of formless translucent vapor, shifting and undulating violently w
[3975/7413] monster Jackal -> slender wild canine quadruped, small dog-like body with lean muscle, sandy-tan a
[3976/7413] monster Assassin -> medium humanoid figure clad in tight-fitting dark charcoal leather armor complet
[3977/7413] spell Mislead -> a translucent phantom duplicate composed of shimmering indigo and violet translu
[3978/7413] spell True Resurrection -> a dense sphere of pure golden sunlight, swirling tendrils of incandescent white 
[3979/7413] monster Hag, Wood -> gaunt humanoid female figure of medium height, hunched posture, grey wrinkled sk
[3980/7413] magic-item Slimeblade Shortsword -> shortsword with a dark metal pommel, a tightly wrapped leather grip, a simple cu
[3981/7413] spell Babble -> a spherical boundary of chaotic translucent purple distortion, crackling with er
[3982/7413] monster Dorreq -> medium aberration creature with an elongated segmented body, pale translucent ch
[3983/7413] monster Alkonost -> small avian monstrosity with a slender feathered body, a pair of large feathered
[3984/7413] monster Green Hag -> stooped humanoid female figure of medium height with emaciated limbs and leather
[3985/7413] spell Animate Objects -> a swirling cluster of six animate household items including a wooden stool, a br
[3986/7413] spell Crushing Haymaker -> a colossal spectral fist of dense translucent blue and white force, wreathed in 
[3987/7413] monster Külmking -> tall gaunt humanoid undead creature with ash-gray decaying flesh stretched taut 
[3988/7413] spell Wall of Dust -> a towering rectangular barrier composed entirely of swirling gray dirt, thick bl
[3989/7413] spell Fish Lung -> translucent iridescent aquatic vapor envelope, shimmering blue-green gaseous mem
[3990/7413] monster Young Flame Dragon -> large quadrupedal reptilian dragon in flight, long flexible serpentine neck, bar
[3991/7413] magic-item Breathing Reed -> tiny river reed segment, emerald green hollow cylindrical plant stem, cool smoot
[3992/7413] magic-item Elixir of Deep Slumber -> small clear glass medicine vial, thick cylindrical body tapering to a narrow nec
[3993/7413] spell Doubleskin -> viscous semi-transparent humanoid silhouette, shimmering gelatinous duplicate sk
[3994/7413] monster Fire Dancer Swarm -> swarm of numerous tiny incandescent elemental humanoids, hovering in a chaotic c
[3995/7413] spell Tempest -> massive dark gray cumulonimbus storm cloud, extremely dense and turbulent roilin
[3996/7413] monster Fleshpod Hornet -> large insectoid beast hovering in mid-air, massive bulbous abdomen made of trans
[3997/7413] monster Demilich -> tiny human skull floating in midair, aged yellowed bone surface, empty dark eye 
[3998/7413] magic-item Hallowed Effigy -> foot-long totem crafted from the bleached white bones and skull of a tiny woodla
[3999/7413] monster Wereshark -> large muscular humanoid hybrid body shape, rough dark grey shark skin covered in
[4000/7413] monster Al-Aeshma Genie -> massive muscular humanoid body shape with dark smoky grey skin, two large sweepi
[4001/7413] magic-item Pipes of Madness -> ancient wind instrument, panpipe design, constructed from pale yellowed ivory tu
[4002/7413] magic-item Master Map, 2 charges -> rectangular folded sheet of brown waterproof vellum, heavily creased and frayed 
[4003/7413] monster Young Copper Dragon -> large quadrupedal reptilian body, sweeping leathery wings spanning a wide arc, a
[4004/7413] spell Planar Binding -> glowing violet runes forming a concentric circle of heavy chains on the ground, 
[4005/7413] magic-item Ghost Barding Padded -> equine barding constructed from translucent teal and seafoam green material, pha
[4006/7413] spell Wall of Ice -> massive vertical barrier of solid translucent blue ice ten feet thick, composed 
[4007/7413] feat Foe Slayer -> a heraldic escutcheon divided diagonally with deep crimson and matte steel, feat
[4008/7413] spell Hovering Protection -> translucent circular force disk hovering horizontally in the air, pale blue ener
[4009/7413] monster Bone Colossus -> Gargantuan undead construct of interconnected human skeletal remains, towering m
[4010/7413] magic-item Black Bolt, 3 charges -> crossbow bolt fashioned from dull blackened steel, straight cylindrical shaft ta
[4011/7413] spell Create Ring Servant -> a sentient humanoid construct composed entirely of hovering metallic rings, a la
[4012/7413] magic-item Ring of Night's Solace -> pewter ring featuring a wide band of milky white chalcedony, a flat circular dis
[4013/7413] feat Deflect Attacks -> a circular metallic shield emblem bearing the raised relief image of a sword bla
[4014/7413] magic-item Wand of Fear -> slender wooden rod made of dark weathered bone, twisted spirally along its entir
[4015/7413] spell Hold Monster -> a swirling vortex of rigid indigo energy bonds, thick rectangular bands of crack
[4016/7413] magic-item Devilish Doubloon -> thick round heavy gold coin, obverse face stamped with a deeply detailed leering
[4017/7413] spell Blight -> a swirling column of dark ashen-grey necrotic energy shaped like a vortex of dec
[4018/7413] monster Treant -> massive humanoid tree creature, towering height of thirty feet, thick rugged gna
[4019/7413] spell Gear Shield -> a cluster of heavy bronze and brass mechanical gears of varying sizes orbiting a
[4020/7413] monster Ghost -> medium humanoid undead, translucent pale blue ethereal body, tattered semi-trans
[4021/7413] spell Cloudkill -> twenty-foot-radius sphere of dense, roiling yellow-green fog, thick toxic vapor 
[4022/7413] magic-item Superior Potion of Troll Blood -> cylindrical dark green glass flask filled with a thick opaque crimson liquid tha
[4023/7413] magic-item Scroll of Fabrication -> yellowed parchment scroll, tightly rolled cylindrical shape, made of aged dried 
[4024/7413] monster Ghast -> Emaciated humanoid corpse, medium size, hunched posture, skeletal frame tightly 
[4025/7413] spell Endow Attribute -> ring etched with glowing runic symbols, swirling vortex of dense chromatic trans
[4026/7413] monster Ettin, Kobold -> two-headed medium giant creature standing in a hunched bipedal posture, two sepa
[4027/7413] monster Young Silver Dragon -> massive quadrupedal dragon, large serpentine body, silvery metallic scales cover
[4028/7413] magic-item Bandana of Brachiation -> A narrow strip of lightweight fabric shaped as a headband, woven from bright yel
[4029/7413] monster Giant Shark Bowl -> huge undulating mass of translucent bluish-green gelatinous ooze, massive spheri
[4030/7413] monster Clay Golem -> bulk humanoid constructed entirely of heavy reddish-brown molded clay, standing 
[4031/7413] subclass Path of the Inner Eye -> a heraldic shield emblem featuring a centered wide-open human eye engraved upon 
[4032/7413] spell Sidestep Arrow -> A translucent arcane projectile shaped like a sleek arrow, composed of shifting 
[4033/7413] monster Gray Thirster -> medium undead humanoid skeleton, withered gray skin tightly stretched over elong
[4034/7413] monster Bone Crab -> small aquatic crustacean, body formed from a dense interlocking mosaic of bleach
[4035/7413] feat Skilled -> a circular heraldic shield divided diagonally, featuring a raised silver longswo
[4036/7413] spell Glibness -> a visible aura of swirling indigo energy enveloping a human tongue and throat, t
[4037/7413] spell Injunction -> translucent violet magical runes and geometric binding chains wrapping tightly a
[4038/7413] monster Atavist -> medium humanoid, menacing and sinister posture, lean muscular build, dark jagged
[4039/7413] spell Guest of Honor -> golden radiant aura wrapping around a humanoid target in a warm shimmering halo,
[4040/7413] spell Confinement -> an immobile cube-shaped prison formed of translucent indigo force walls, shimmer
[4041/7413] monster Kachlian -> huge winged aberration hovering with a bloated undulating body, dark mottled ski
[4042/7413] spell Armored Shell -> translucent indigo conjured force field shaped into an articulated suit of leath
[4043/7413] magic-item Cloak of Elvenkind -> A calf-length hooded cloak made of finely woven silk fabric that continually shi
[4044/7413] spell Twilight Steed -> ethereal equine quadrupeds, translucent bodies composed of swirling indigo nebul
[4045/7413] spell Heavenly Crown -> an ethereal circlet composed of concentrated golden light hovering inches above 
[4046/7413] monster Ogre, Void Blessed -> massive hulking humanoid giant with mottled dark grey skin tinted with deep viol
[4047/7413] spell Eyebite -> A pair of human eyes transforming into absolute inky black voids devoid of white
[4048/7413] spell Sunburst -> an intense sphere of blinding white light expanding outward in a rapid spherical
[4049/7413] monster Vampire Assassin -> pale humanoid undead with slender proportions and sharp angular facial features,
[4050/7413] spell Shatter Mind -> translucent jagged wave of violet and crimson psychic energy rippling through th
[4051/7413] monster Ancient Titan -> gargantuan humanoid giant with weathered grey stone-like skin and deep fissures,
[4052/7413] monster Copper Dragon Wyrmling -> medium-sized draconic hatchling in flight, slender body with a long tail, wide l
[4053/7413] monster Drop Bear -> massive carnivorous koala-like marsupial, thick shaggy brown and gray fur, bulky
[4054/7413] spell Sending -> a dense swirling mass of translucent indigo and violet vapor coalescing into a b
[4055/7413] monster Doppelrat -> tiny monstrosity shaped like an obese rat, patchy grayish-brown fur clinging tig
[4056/7413] spell Epidemic -> a billowing cloud of sickly yellow-green and bruised purple miasma, swirling in 
[4057/7413] monster Clockwork Weaving Spider -> tiny mechanical construct shaped like a spider, intricate brass and copper clock
[4058/7413] monster Djinni Noble -> massive humanoid elemental hovering in midair, towering muscular blue-skinned to
[4059/7413] spell Jagged Forcelance -> a rigid, linear shaft of concentrated translucent golden energy shaped like a na
[4060/7413] magic-item Mapping Ink -> small squat dark clay pot filled with thick viscous midnight black ink, the dark
[4061/7413] monster Light Eater -> small bat-like aberration suspended in midair, leathery dark purple wings spanni
[4062/7413] spell Gluey Globule -> spherical mass of viscous translucent amber adhesive resin, undulating gelatinou
[4063/7413] magic-item Oathbow -> sleek longbow carved from pale silvery-white moonlit ash wood, surface etched wi
[4064/7413] spell Gorgon's Gaze -> two parallel beams of pale ashen gray light, thick linear rays of petrifying mag
[4065/7413] magic-item Potion of Poison -> small glass flask with a narrow neck and a cork stopper, filled with a swirling 
[4066/7413] magic-item Umber Beans -> small magical legume shaped like a walnut, modest ochre and umber hues, hard mat
[4067/7413] spell Not This Day! -> a swirling translucent sphere of pale golden abjuration energy hovering closely 
[4068/7413] feat Dungeoneer -> A metallic heraldic shield bearing a centered raised emblem of a rusted iron pit
[4069/7413] monster Behir -> huge serpentine monstrosity resembling a combination of centipede and crocodile,
[4070/7413] magic-item Phase Mirror -> tall rectangular standing mirror, polished silver frame cast with intricate inte
[4071/7413] monster Lady in White -> medium undead humanoid entity, hovering slightly above the ground in a rigid ver
[4072/7413] monster Guardian Naga -> massive serpentine body covered in iridescent green and gold scales, broad flat 
[4073/7413] monster Magma Mephit -> small elemental creature composed of solid dark earth and rock, winged body in m
[4074/7413] subclass Path of Booming Magnificence -> A heraldic escutcheon shape displaying a stylized golden bull skull with sweepin
[4075/7413] monster Titan -> massive humanoid titan, colossal humanoid giant of immense scale, muscular and w
[4076/7413] monster Firegeist -> small humanoid elemental creature composed of translucent flickering orange and 
[4077/7413] spell Wall of Stone -> ten massive contiguous square vertical stone panels standing upright in a straig
[4078/7413] magic-item Potion of Buoyancy -> short spherical glass flask with a narrow corked neck, filled with completely cl
[4079/7413] magic-item Clockwork Mace of Divinity -> heavy flanged mace constructed from interlocking brass and polished steel clockw
[4080/7413] spell Writhing Transformation -> swirling vortex of dark transmutation energy, thick writhing mass of spectral ea
[4081/7413] magic-item Elixir of the Deep -> thick emerald-green viscous liquid contained within a heavy hand-blown glass fla
[4082/7413] spell Eruption -> churning mass of scorched earth and fracturing stone thrusting upward to form a 
[4083/7413] magic-item Glazed Battleaxe -> magical battleaxe, forged from polished rose-tinted steel with a sweeping curved
[4084/7413] spell Healing Word -> compact spherical burst of pale golden and warm white light expanding outward in
[4085/7413] monster White Dragon -> quadrupedal reptilian body, sleek profile, pure white scales with patches of pal
[4086/7413] monster Snow Queen -> tall humanoid fey creature with slender proportions, skin pale as glacial ice, p
[4087/7413] spell Gremlins -> swirling cluster of chaotic miniature mechanical sprites formed of crackling bra
[4088/7413] magic-item Scimitar of Fallen Saints -> a curved steel scimitar with a wide single-edged blade, an ornate brass crossgua
[4089/7413] monster Mithral Dragon Wyrmling -> medium dragon wyrmling with a segmented metallic silver exoskeleton, slender ser
[4090/7413] monster Juniper Sheriff -> small fey creature, humanoid body shape, slender proportions, mottled green and 
[4091/7413] monster Balor General -> huge towering winged fiend in mid-flight, immense muscular humanoid body covered
[4092/7413] magic-item Earrings of the Eclipse -> two square cubes of translucent dark smoked quartz, each gemstone held in a four
[4093/7413] monster Giant Rat -> small vicious quadrupedal rodent, roughly the size of a large dog, covered in co
[4094/7413] spell Haste -> surging crackling amber magical energy, a violent kinetic shockwave of warping a
[4095/7413] spell Misstep -> an arcane spatial distortion manifesting as a sudden, sharp ripple in the air, a
[4096/7413] monster Deep One Priest -> medium humanoid body, wet dark green scaly skin, hunched posture, large protrudi
[4097/7413] monster Kryt -> medium humanoid creature, hunched posture, muscular grey-blue skin stretched tig
[4098/7413] feat Deft Explorer -> raised bronze heraldic shield, embossed central emblem of a leather-booted human
[4099/7413] monster Gelatinous Cube -> large ten-foot cube of transparent, gelatinous ooze, completely translucent body
[4100/7413] feat Fast Hands -> a metallic circular heraldic crest of polished bronze bearing a raised relief of
[4101/7413] magic-item Hunter's Charm (+3) -> a small tribal fetish amulet constructed from weathered white animal bones bound
[4102/7413] monster Spider Thief -> small mechanical construct resembling an eight-legged spider, body crafted from 
[4103/7413] spell Runic Slumber -> intricate glowing violet geometric rune inscribed in the air, composed of jagged
[4104/7413] feat Giant Foe -> a solid metal heraldic shield featuring an embossed silhouette of a massive armo
[4105/7413] monster Oculo Swarm -> large swarming mass of multiple fist-sized spherical eyeball creatures densely p
[4106/7413] magic-item Least Scroll of Conjuring -> a narrow cylinder of coarse yellowed parchment rolled tightly and sealed at both
[4107/7413] monster Infernal Swarm -> huge hovering fiendish swarm composed of a dense mass of hundreds of small winge
[4108/7413] monster Dire Pangolin -> massive quadrupedal mammalian beast covered in overlapping plates of thick gray 
[4109/7413] spell Mass Suggestion -> vibrant violet magical energy waves rippling through the air in concentric horiz
[4110/7413] spell Steam Gout -> a surging vertical column of dense white water vapor forming a cylindrical shape
[4111/7413] monster Young Bronze Dragon -> large quadrupedal reptilian dragon in flight, long serpentine neck, powerful mus
[4112/7413] spell Astral Projection -> translucent humanoid phantasm shaped like a mortal body, shimmering silvery cord
[4113/7413] monster Pustulent Shambler -> gargantuan amorphous mass of translucent pale green slime, shifting blobular bod
[4114/7413] spell Clairvoyance -> a glowing spherical orb of pure translucent ultramarine magical energy hovering 
[4115/7413] monster Sea Hag -> emaciated humanoid female body shape, medium size, damp slimy pale green scales 
[4116/7413] monster Nephirron Devil -> huge winged fiend in mid-flight with an imposing and towering physique, expansiv
[4117/7413] spell Speak with Dead -> a desiccated human corpse with pale gray skin stretched tightly over a protrudin
[4118/7413] magic-item Boots of the Winterlands -> sturdy knee-high leather boots crafted from thick dark brown hide, lined at the 
[4119/7413] subspecies Black Dragonborn -> tall humanoid standing over six feet tall with a powerful and muscular build, th
[4120/7413] spell Sparking Shot -> a jagged bolt of crackling blue-white electricity wrapping tightly around a proj
[4121/7413] monster Shabti -> medium humanoid construct carved from dark lapis lazuli stone, carved rigid body
[4122/7413] subclass Mischief Domain -> a brass heraldic shield bearing an embossed emblem of a grinning jester mask ove
[4123/7413] feat Dark One's Blessing -> heraldic shield bearing a jet black iron crest depicting a stylized fiendish sil
[4124/7413] monster Boar -> medium wild beast with a bulky, heavy-set body and thick, bristly dark brown hai
[4125/7413] monster Drider -> large monstrosity combining the upper torso and head of a male drow elf with the
[4126/7413] monster Flayed Wraith -> medium humanoid skeletal undead hovering above the ground, tattered gray skinles
[4127/7413] magic-item Talisman of the Sphere -> small heavy metallic disk, dark iron material, completely matte and light-absorb
[4128/7413] spell Swarm -> a dense chaotic mass of hundreds of scrambling black rats and flapping dark feat
[4129/7413] magic-item Goblin sack, 1 charge -> coarse rough-woven burlap sack in a dull muddy brown color, heavily worn and tat
[4130/7413] magic-item Exsanguinating Blade -> double-bladed dagger with an ivory hilt, polished gold pommel shaped into a scre
[4131/7413] magic-item Lover's Covenant, 1 use -> small glass bottle filled with deep red-tinted ink, flat cork stopper secured wi
[4132/7413] monster Ice Maiden -> humanoid female body shape of medium height, carved entirely from semi-transluce
[4133/7413] spell Knock -> a dense ball of concussive force energy, three feet in diameter, expanding in a 
[4134/7413] spell Incantation of Lies Made Truth -> A swirling vortex of dark violet shadow interwoven with threads of sickly golden
[4135/7413] magic-item Ashwood Wand -> a slender wand of charred grey ashwood, fifteen inches in length, straight and t
[4136/7413] monster Flesh Guardian -> medium construct creature assembled from mismatched human corpses stitched toget
[4137/7413] monster Destroyer -> medium humanoid body shape, gaunt muscular physique, ash-grey skin stretched tig
[4138/7413] magic-item Poison Strand -> a magical whip crafted from tightly braided dark green and black serpent scales,
[4139/7413] spell Expeditious Retreat -> translucent azure energy streaks trailing from a pair of blurred human legs, fai
[4140/7413] monster Monolith Champion -> large humanoid construct composed of massive interlocking granite blocks and wea
[4141/7413] monster Pyrite Pile -> large heap of jagged metallic pyrite cubes and brassy mineral chunks fused toget
[4142/7413] magic-item Liquid Courage -> stout glass flask, deep crimson viscous liquid filling the interior, brass screw
[4143/7413] monster Lich Hound -> skeletal canine beast, medium undead size, exposed yellowed bones with tattered 
[4144/7413] monster Trickster Priest -> medium humanoid with lithe proportions, sharp angular facial features, a cunning
[4145/7413] spell Mantle of the Brave -> four shimmering indigo auras tightly enfolding four distinct spectral humanoid s
[4146/7413] monster Root Goblin -> small humanoid monster, withered bark-like skin in mottled brown and grey tones,
[4147/7413] monster Werewolf -> bipedal hybrid creature with a heavily muscled humanlike torso and legs covered 
[4148/7413] magic-item Stolen Thunder -> circular hand drum, wooden frame of blackened and splintered ash wood with jagge
[4149/7413] spell Arcane Riposte -> a transient manifestation of violent evocation magic shaped as a razor-thin, cre
[4150/7413] spell Tearful Sonnet -> a swirling mass of translucent indigo and deep violet sonic ripples shaped like 
[4151/7413] feat Boon of the Night Spirit -> an obsidian circular shield, an engraved crescent moon crest at its center, thir
[4152/7413] monster Al-Aeshma Genie -> massive humanoid elemental composed of swirling grey smoke and compacted ash, la
[4153/7413] monster Horde Demon Band -> a large hulking fiend with jagged black horns, thick scarred crimson hide, broad
[4154/7413] monster Marsh Dire -> medium undead aquatic humanoid body shape, decomposing pale gray flesh stretched
[4155/7413] monster Orniraptor -> small bipedal reptilian monstrosity, slender avian-like body shape, sharp beak, 
[4156/7413] spell Althea’s Travel Tent -> an ordinary canvas tent exterior, shimmering translucent violet magical aura env
[4157/7413] monster Ala -> medium fey creature in flight with a humanoid female torso and upper body, large
[4158/7413] monster Herald Of Blood -> huge fiend in mid-flight with a massive muscular torso, broad shoulders, dark cr
[4159/7413] spell Conjure Undead -> a humanoid silhouette formed entirely from swirling charcoal-black wisps of smok
[4160/7413] spell Time Jump -> a sudden distortion in space consisting of an expanding sphere of shimmering sap
[4161/7413] spell Ghost Touch -> an intangible translucent pale gray spectral human-sized skeletal hand, semi-tra
[4162/7413] subclass Oath of the Elements -> a circular heraldic shield bearing a stylized four-part elemental emblem, a jagg
[4163/7413] monster Purple Slime -> amorphous large blob of viscous translucent deep purple slime, undulating semi-l
[4164/7413] magic-item Belt of Dwarvenkind -> broad heavy belt forged from dark hammered iron plate, riveted along both edges 
[4165/7413] spell Stone Pact -> jagged crystalline energy manifesting as branching geometric fractures of glowin
[4166/7413] spell Benediction -> translucent golden vocal vibrations forming a glowing script of floating runes, 
[4167/7413] monster Earth Elemental -> massive humanoid creature shaped like a walking hill, body and head composed of 
[4168/7413] monster Sea Hag -> medium humanoid body shape, emaciated and hunched posture, slimy green scales co
[4169/7413] monster Cueyatl Warrior -> small humanoid aquatic warrior, slender amphibious body covered in dark green sc
[4170/7413] monster Psoglav Demon -> large demonic fiend with a hunched muscular humanoid torso, large leathery bat-l
[4171/7413] subclass Gravebinding -> a metallic heraldic heater shield bearing an embossed silver skull intertwined w
[4172/7413] monster Oni -> large demonic ogre in flight with leathery wings spread wide, muscular humanoid 
[4173/7413] spell Shadow Hands -> a freezing blast of churning dark shadow, expanding violently outward in a ten-f
[4174/7413] monster Noctiny -> medium humanoid creature, gaunt and skeletal body shape, elongated limbs, ash-gr
[4175/7413] feat Draconic Ancestor — Poison -> A heraldic shield displaying a stylized dragon head emblem in profile with emera
[4176/7413] spell Shocking Grasp -> crackling jagged bolts of blue and white electricity, intense bright electrical 
[4177/7413] spell Guardian of Faith -> large translucent humanoid figure hovering in midair, shimmering pale golden ene
[4178/7413] species Elf -> slender humanoid standing five and a half feet tall with a lightweight build, sm
[4179/7413] magic-item Wand of Fermentation -> thick cylindrical shaft carved from dark weathered oak, deeply stained with dark
[4180/7413] spell Spider Climb -> translucent violet magical energy in the shape of eight shimmering spider legs e
[4181/7413] magic-item Barbed Epaulets, +1 Armor -> two matching shoulder guard plates forged from dull dark steel, curved to fit ov
[4182/7413] spell Tongues -> swirling ribbons of golden ethereal script and intricate geometric rune symbols 
[4183/7413] magic-item Monkey's Paw of Fortune -> a desiccated monkey paw pendant hanging from a thin frayed dark leather thong, t
[4184/7413] magic-item Contender's Belt, 3 charges -> wide belt of creased black leather, large rectangular brass buckle shaped like a
[4185/7413] spell Instant Summons -> swirling vortex of azure and silver magical energy, a dense spherical cluster of
[4186/7413] spell Scorching Ray -> three narrow beams of blinding orange fire, slender streaks of incandescent flam
[4187/7413] monster Mycolid Commoner -> small bipedal humanoid fungal creature, bulbous purple cap shaped like a dome wi
[4188/7413] spell Augury -> swirling celestial divination energy, translucent shimmering spherical aura of p
[4189/7413] monster Hag, Pesta -> emaciated medium humanoid hag, towering withered posture, pale ashen grey skin s
[4190/7413] magic-item Chainbreaker Greatsword -> massive two-handed steel greatsword with a broad straight double-edged blade etc
[4191/7413] magic-item Verdant Elixir -> small cylindrical glass vial, transparent colorless walls, containing a dense vi
[4192/7413] spell Command -> a magical effect manifesting as a glowing, solid indigo linguistic construct sha
[4193/7413] spell Fog of Nausea -> thick billowing cloud of sickly yellowish green vapors, churning and roiling in 
[4194/7413] magic-item Cloak of Arachnida -> fine cloak made of deep black silk, interwoven with faint silvery threads formin
[4195/7413] magic-item Cloak of the Empire -> voluminous grey cloak, stiff unyielding heavy fabric, bright red trim along the 
[4196/7413] monster Adult Copper Dragon -> huge quadrupedal reptilian dragon body, expansive feathered-edge leathery wings 
[4197/7413] monster Giant Ape -> massive quadrupedal ape standing twenty feet tall with immense muscular shoulder
[4198/7413] magic-item Neutralizing Bead -> spherical solid bead, coarse gritty matte surface texture, uniform slate gray co
[4199/7413] spell Protection from Evil and Good -> an invisible humanoid silhouette defined entirely by a dense, shimmering barrier
[4200/7413] magic-item Pipes of Haunting -> a set of four interconnected bone pipes carved from pale human femur segments, j
[4201/7413] spell Delay Passing -> An undulating cloud of dark violet necromantic energy shaped like a translucent 
[4202/7413] feat Bull Rush -> a circular heraldic iron shield engraved with a charging bull in profile, its he
[4203/7413] monster Rat -> tiny rodent body, coarse matted dark brown fur over an arched back, elongated po
[4204/7413] magic-item Quarterstaff of the Acrobat -> slender wooden quarterstaff, polished pale ash wood grain, tapering slightly tow
[4205/7413] background Sentry -> a weathered human guard standing at rigid attention, wearing battered steel plat
[4206/7413] spell Sleep -> A five-foot circular emanation of swirling indigo and violet translucent mist, b
[4207/7413] magic-item Stonewax Gum, 3 uses, _petty_ -> three small irregularly shaped lumps of dull grey chewing gum, each roughly the 
[4208/7413] spell Burning Hands -> thin sheet of roaring orange and crimson flames erupting outward from ten human 
[4209/7413] feat Keen Mind -> a solid brass heraldic shield bearing a central embossed emblem of a human brain
[4210/7413] spell Eldritch Blast -> a crackling beam of concentrated multi-hued prismatic energy, violently twisting
[4211/7413] monster Black Bear -> medium quadrupedal mammal, thick black fur coat with a brownish muzzle, stocky a
[4212/7413] monster Champion Warrior -> medium humanoid male warrior with a muscular athletic build, grim scarred face, 
[4213/7413] magic-item Candle of Visions -> a tapering cylinder of solid matte black wax, smooth opaque surface, unlit dark 
[4214/7413] monster Necrohydra -> huge undead multi-headed serpentine body, skeletal skeletal-fleshed dragon-like 
[4215/7413] monster Husk Demon -> medium fiend with a gaunt emaciated humanoid body shape, stretched dark gray ski
[4216/7413] spell Move the Cosmic Wheel -> a thirty-foot radius sphere of transparent shifting space containing an intricat
[4217/7413] monster Queen of Night and Magic -> tall slender female fey humanoid body shape, massive dark feathered wings spanni
[4218/7413] magic-item Dawn Shard Longsword -> a longsword with a straight double-edged steel blade that gleams with a faint go
[4219/7413] monster Ancient Amethyst Dragon -> gargantuan quadrupedal dragon with massive feathered wings, covered in earth-cak
[4220/7413] monster Trollkin Ragecaster -> medium humanoid body shape, muscular and jagged frame, rough grayish-green skin 
[4221/7413] feat Resilient -> a polished silver heraldic shield bearing a centered raised emblem of an unyield
[4222/7413] magic-item Hide Armor of the Leaf -> a suit of flexible hide armor constructed entirely from overlapping green and br
[4223/7413] magic-item Thunder Signet, 1 charge -> a heavy golden band finger ring, highly polished warm yellow gold surface, metic
[4224/7413] spell Magnificent Mansion -> An arching vertical doorway five feet wide and ten feet high outlined by thin, f
[4225/7413] monster Merfolk -> Medium humanoid upper body with sun-browned skin and long flowing dark hair, glo
[4226/7413] magic-item Scrimshaw Parrot -> A mechanical parrot carved entirely from interlocking plates of aged creamy whit
[4227/7413] monster Salt Golem -> large humanoid construct composed entirely of densely packed crystalline salt bl
[4228/7413] monster Lymarien Swarm -> large fey creature, humanoid torso with elegant noble posture, expansive feather
[4229/7413] spell Wall of Fire -> a vertical rectangular sheet of roaring flames sixty feet long and twenty feet h
[4230/7413] monster Wraith Lord -> medium undead humanoid figure, tattered cowl, skeletal skeletal frame visible th
[4231/7413] magic-item Figurine of Wondrous Power (Marble Mistwolf) -> small carved statuette of a wolf in a prowling posture, smooth matte white marbl
[4232/7413] monster Hezrou -> massive toad-like fiend with a thick heavy-set torso, dark mottled green and gre
[4233/7413] spell Alter Arrow’s Fortune -> shimmering ripple of translucent blue divination energy shaped like a miniature 
[4234/7413] subclass Oath of Devotion -> heraldic heater shield, polished silver field bearing a gold sunburst charged wi
[4235/7413] monster Adult Red Dragon -> massive quadrupedal reptilian body, immense leathery bat-like wings spanning wid
[4236/7413] monster Vampire Familiar -> medium undead humanoid corpse with ashen grey skin, elongated fingers ending in 
[4237/7413] monster Young Light Dragon -> large quadrupedal dragon in mid-flight with an expansive wingspan, sleek serpent
[4238/7413] monster Kamaitachi -> small quadrupedal mammalian monster, hunched feral posture, patchy bristly dark 
[4239/7413] monster Death Worm -> cylindrical segmented ringed body three feet long covered in cracked dried earth
[4240/7413] monster Draugr -> corpse of a towering human warrior, bloated water-logged grey skin, matted dark 
[4241/7413] monster Giant Mongoose -> medium quadrupedal mammal, elongated muscular body, thick coarse brown fur with 
[4242/7413] monster Light Drake -> tiny quadrupedal reptilian dragon body, compact serpentine shape, four slender l
[4243/7413] spell Mosquito Bane -> a swirling sphere of dark violet necrotic energy, a dense vortex of miniature as
[4244/7413] monster Isonade -> gargantuan aquatic monstrous whale-like body with dark slate-blue skin covered i
[4245/7413] magic-item Blackguard's Dagger -> short slender dagger, matte black steel blade with a jagged serrated edge along 
[4246/7413] spell Anticipate Arcana -> a spherical field of translucent shifting pale blue geometric runes and intersec
[4247/7413] spell Water Walk -> a ripple of pale blue and translucent white transmutation energy shimmering acro
[4248/7413] magic-item Immovable Rod -> straight flat rectangular bar made of dark forged iron, smooth matte metallic su
[4249/7413] spell Vision -> an enormous floating ocular manifestation composed of swirling indigo energy, a 
[4250/7413] monster Great Wyrm Blue Dragon -> gargantuan quadrupedal dragon with massive leathery wingspan, elongated serpenti
[4251/7413] magic-item Silver Skeleton Key -> an ornate magic skeleton key forged from gleaming polished silver, the shaft is 
[4252/7413] magic-item Whisperwing, 3 charges -> small box fashioned from a natural acorn shell, split neatly in half horizontall
[4253/7413] feat Stealth Expert -> a metallic circular heraldic crest embossed with a silhouette of a cloaked figur
[4254/7413] monster Gearforged Templar -> medium humanoid mechanical construct, articulated metal chassis composed of inte
[4255/7413] monster Swampgas Shade -> medium floating undead entity, humanoid skeletal silhouette draped in tattered s
[4256/7413] spell Comprehend -> cascading stream of liquid alphabet characters, falling in vertical trickles of 
[4257/7413] magic-item Bloodfuel Shortbow -> recurve hunting bow crafted from dense darkwood with a deep reddish-black finish
[4258/7413] monster Skeletal Tyrannosaurus Rex -> massive bipedal undead skeleton of a tyrannosaurus rex, forty feet in length fro
[4259/7413] magic-item Greatsword of Fallen Saints -> a massive two-handed greatsword, a straight double-edged steel blade with a dark
[4260/7413] monster Blackguard -> humanoid figure in battered black plate armor covered in jagged scratches and da
[4261/7413] monster Rotsam -> tiny semi-translucent gelatinous ooze, amorphous aquatic blob body shape, murky 
[4262/7413] spell Semblance of Dread -> a towering humanoid silhouette devoid of all facial features, shifting into a pi
[4263/7413] monster Guard -> medium human guard with tanned skin, short dark brown hair, wearing a worn iron 
[4264/7413] subclass School of Abjuring and Warding -> An ornate kite shield as the central heraldic charge, emblazoned with three over
[4265/7413] monster Fire Elemental -> large volatile humanoid shape composed entirely of wild moving orange and yellow
[4266/7413] magic-item Candle of Summoning -> a thick cylindrical wax candle of solid matte black, standing eight inches tall 
[4267/7413] magic-item Fog Stone -> small rounded sling stone carved from porous white stone, shaped into the distin
[4268/7413] monster Mastiff -> large powerful muscular canine quadruped, thick golden-brown fur coat, broad mas
[4269/7413] monster Amphiptere -> medium serpentine beast in flight, long tapering emerald-green scaly body, broad
[4270/7413] magic-item Oil of Etherealness -> a small stoppered glass vial filled with a shimmering opalescent viscous liquid,
[4271/7413] monster Execrable Shrub -> medium fiend shaped like a gnarled deciduous shrub, covered in caked dry earth a
[4272/7413] magic-item Encouraging Studded Leather -> supple dark brown leather chest piece, tailored fitted brigandine style, rows of
[4273/7413] magic-item Muffled Padded -> padded leather armor set, dull charcoal grey fabric, thick quilted vertical stit
[4274/7413] magic-item Voice of the Mountain, 1 use -> A rough, jagged grey stone pebble with jagged edges and an uneven, unpolished su
[4275/7413] magic-item Courtesan's Allure -> an ornate, pearlescent glass perfume bottle shaped like an elongated teardrop, c
[4276/7413] monster Butatsch -> gargantuan aquatic aberration, massive serpentine body covered in overlapping da
[4277/7413] monster Swarm of Wolf Spirits -> A dense, coalescing pack of translucent spectral wolf spirits in mid-air, each c
[4278/7413] monster Baba Yaga's Horsemen, Bright Day -> medium fey humanoid horseman standing in a rigid upright posture, muscular human
[4279/7413] monster Aphasian Abomination -> large winged construct in flight, massive hulking humanoid mechanical body forme
[4280/7413] monster Angel, Pelagic Deva -> humanoid celestial figure, medium height, powerful athletic build, deep ocean-bl
[4281/7413] monster Swampgas Bubble -> medium ooze creature, semi-translucent spherical gelatinous body composed of swi
[4282/7413] spell Light -> a localized glowing sphere of pure golden illumination, radiating intensely from
[4283/7413] magic-item Longsword of Volsung -> longsword with a straight double-edged steel blade, intricate red dragonscale gr
[4284/7413] monster Ice Mephit -> small elemental humanoid body shape formed of jagged translucent blue ice, sligh
[4285/7413] monster Witchlight -> tiny floating construct body of polished brass plates and clockwork gears, six a
[4286/7413] feat Durable -> a raised metallic heraldic emblem in the shape of a sturdy medieval shield, forg
[4287/7413] monster Cockatrice -> bipeds-sized hybrid creature with the body and scaly feathered hide of a brown l
[4288/7413] spell Glare -> a pair of spectral glowing purple eyes materialized in midair, crackling with fa
[4289/7413] spell Portal Jaunt -> a rectangular wooden door frame glowing with swirling indigo and violet magical 
[4290/7413] monster Water Elemental -> massive cresting wave formed from churning liquid, towering humanoid torso and c
[4291/7413] monster Brachyura Shambler -> medium monstrosity crustacean creature, wide armored carapace of mottled dark gr
[4292/7413] monster Balloon Spider -> medium arachnid monster with a spherical abdomen reminiscent of a silk-spun ball
[4293/7413] monster Demilich Mastermind -> human skull floating in midair, withered grey-brown bone surface covered in intr
[4294/7413] magic-item Primal Doom of Pain -> small spherical glass globe, thick murky dark green smoke churning inside, smoot
[4295/7413] magic-item Farhealing Bandages -> several strips of ancient yellowed linen cloth, frayed edges and stained with ag
[4296/7413] spell Irresistible Dance -> swirling vortex of vibrant magenta and electric gold magical energy, coiling rib
[4297/7413] magic-item Liquid Shadow -> opaque inky black viscous fluid pooled inside a small glass vial, absorbing surr
[4298/7413] spell Shrinking Cant -> a glowing violet magical aura tightly encasing a humanoid figure, swirling trans
[4299/7413] spell Wizard Mark -> a thin streak of ulfire-colored paint adhering to a solid surface, glowing with 
[4300/7413] feat Improved Cunning Strike -> a circular bronze heraldic medallion embossed with a stylized silhouette of a da
[4301/7413] monster Sahuagin -> medium piscine humanoid with mottled dark green and grey scaled skin, webbed han
[4302/7413] monster Goat, Giant -> massive quadrupedal mammalian body, thick coarse white fur covering a heavily mu
[4303/7413] magic-item Hide Armor of Warding (+1) -> coarse animal hide vest and bracers crafted from cured leather segments, dark br
[4304/7413] monster Adult Brass Dragon -> huge quadrupedal dragon with warm burnished brass scales, a massive head bearing
[4305/7413] monster Giant Crocodile -> huge aquatic reptile, massively elongated armored body, thick dark green and bro
[4306/7413] monster Vampiric Vanguard -> medium undead humanoid standing in an imposing posture, towering muscular build,
[4307/7413] spell Thunder Bolt -> a tightly coiled, glowing blue-white knot of crackling electrical energy and con
[4308/7413] monster Skeletal Warhorse -> large equine skeletal undead, towering skeletal frame of yellowed bone, missing 
[4309/7413] monster Avatar of Shoth -> gargantuan towering aberration, massive amorphous mass of undulating grey flesh,
[4310/7413] monster Oozasis -> gargantuan amorphous mass of translucent pale blue jelly, shifting aquatic gelat
[4311/7413] monster Bugbear Champion -> massive muscular bugbear humanoid, seven feet tall, broad shoulders, hunched pos
[4312/7413] magic-item Bloodfuel Lance -> tall dark iron lance, long slender hexagonal shaft carved with deep spiraling gr
[4313/7413] monster Priest -> medium human humanoid standing in a firm upright posture, wearing layered cleric
[4314/7413] feat Escape the Horde -> heraldic escutcheon divided diagonally by a jagged silver line, upper left field
[4315/7413] monster Centaur -> large fey creature with the muscular human torso of a man down to the waist atta
[4316/7413] spell Steer's Strength -> translucent bovine silhouette composed of swirling amber force energy overlaying
[4317/7413] monster Giant Leech -> elongated cylindrical soft-bodied annelid, segmented dark green and black mottle
[4318/7413] spell Summon Animal Spirit -> translucent semi-transparent spectral animal silhouette shaped entirely from swi
[4319/7413] magic-item Dirgeblade -> exquisitely crafted slender steel rapier blade emitting a faint stormy blue hue 
[4320/7413] magic-item Rod of Reformation -> straight cylindrical rod made of pale white oak wood, wrapped tightly in a thick
[4321/7413] magic-item Dawn Shard Scimitar -> single-handed scimitar weapon, curved steel blade with a faint golden shine, met
[4322/7413] magic-item Staff of the Artisan -> simple wooden quarterstaff, dark walnut grain surface, straight slender cylindri
[4323/7413] spell Manipulate Water -> a swirling mass of clear transparent liquid suspended mid-air in a five-foot cub
[4324/7413] monster Dhampir Commander -> tall muscular humanoid male with ashen gray skin, prominent pointed ears, sharp 
[4325/7413] monster Corrupting Ooze -> large amorphous blob of viscous translucent emerald-green gelatin, undulating ma
[4326/7413] magic-item Vigilant Mug -> a cylindrical metallic bronze drinking mug, an impish face carved in high relief
[4327/7413] monster Offal Walker -> Medium undead corpse creature, gaunt emaciated humanoid shape, rotting grey-gree
[4328/7413] monster Goat -> medium quadrupedal beast, compact muscular body covered in dense coarse shaggy w
[4329/7413] spell Calm of the Storm -> a hemisphere of absolute stillness, ten feet in diameter, composed of translucen
[4330/7413] monster Crab, Giant -> massive armored crustacean, medium-sized beast with a broad heavily-shelled cara
[4331/7413] spell Black Well -> five-foot-diameter perfect sphere of absolute darkness floating in midair, churn
[4332/7413] magic-item Stonedrift Staff -> long tapering staff fashioned from dark brown petrified wood with visible ancien
[4333/7413] monster Incandescent One -> medium celestial humanoid body shape, noble bearing posture, wide feathered wing
[4334/7413] feat Crossbow Expertise -> A polished steel heraldic heater shield bearing the raised emblem of a heavy cra
[4335/7413] magic-item Shield, +2 -> heavy rectangular combat shield forged from dark polished steel, thick vertical 
[4336/7413] spell Candle’s Insight -> a lit tallow candle emitting a steady vertical column of pale silvery light, the
[4337/7413] monster Dretch -> small demonic humanoid, squat pear-shaped body, oversized head, rubbery hairless
[4338/7413] monster Great Wyrm White Dragon -> gargantuan draconian reptile, massive serpentine body with thick white scales ca
[4339/7413] monster Derro Explorer -> short small humanoid figure, disproportionately large head, pale chalk-white ski
[4340/7413] monster Bloodstone Sentinel -> large humanoid construct, carved entirely from dark grey polished stone and vein
[4341/7413] monster Poisonous Snake -> tiny aquatic serpentine body, slender flexible spine, smooth overlapping dark gr
[4342/7413] subclass Draconic Sorcery -> heraldic shield bearing the stylized embossed profile of a dragon head in profil
[4343/7413] monster Chroma Lizard -> large quadrupedal reptilian beast, thick muscular body covered in tightly overla
[4344/7413] monster Drake, Reef -> huge serpentine aquatic dragon, elongated sinuous body covered in overlapping te
[4345/7413] spell Robe of Shards -> a rigid magical garment composed entirely of jagged steel shards, interlocking b
[4346/7413] monster Cave Sovereign -> huge towering aberration with a bulbous multi-jointed body, dark stony grey hide
[4347/7413] magic-item Warding Icon -> carved semiprecious lapis lazuli stone taking the form of a miniature angelic fi
[4348/7413] monster Spider of Leng -> massive grotesque arachnid body covered in coarse bristling black fur, eight lon
[4349/7413] magic-item Manual of Exercise -> thick rectangular manual, heavy aged dark leather cover, embossed iron corner br
[4350/7413] spell Enthrall -> vibrant magenta and violet magical energy weaving through the air in a complex, 
[4351/7413] monster Magmin -> stumpy humanoid elemental, small stature, sculpted from a hardened black magma s
[4352/7413] magic-item Commander's Helm -> full-face knightly helm of polished steel, crestless rounded skull, hinged visor
[4353/7413] monster Eye Golem -> large humanoid construct formed entirely of hundreds of clustered eyeballs of va
[4354/7413] monster Crab, Duffel -> large aquatic monstrosity shaped like a massive crustacean, wide heavy brown car
[4355/7413] magic-item Justicar's Mask -> full-face stern-faced mask crafted from polished silver, rigidly symmetrical pro
[4356/7413] spell Summon Clockwork Beast -> Tiny mechanical quadrupedal automaton formed entirely from interlocking brass ge
[4357/7413] spell Enchanted Bloom -> a single perfect crimson rose coated in a thin sheen of sparkling fey magic, sha
[4358/7413] magic-item Buzzing Greataxe -> heavy steel greataxe with a thick double-bitted head made of dark iron, the broa
[4359/7413] spell Who Goes There? -> translucent swirling cloud of ethereal words, shifting glowing script fragments,
[4360/7413] feat Medium Armor Expert -> a cast bronze heraldic shield bearing the raised relief image of a segmented pla
[4361/7413] monster Malakbel -> Medium fiend with a humanoid upper torso and a lower beastial equine body, tower
[4362/7413] monster Crab -> tiny aquatic crustacean with a broad flat rounded brown carapace, two segmented 
[4363/7413] magic-item Selket's Bracer -> heavy bronze bracer forged in the anatomical shape of an aggressive scorpion, it
[4364/7413] spell Burning Missile -> compact conical projectile formed of churning emerald-green acid and bright oran
[4365/7413] spell Sunbeam -> straight horizontal beam of blazing white energy five feet in diameter and sixty
[4366/7413] feat Rite Master -> a heraldic shield emblem featuring a stylized crossed golden quill and a steel l
[4367/7413] monster Blink Dog -> medium-sized canine quadruped with lean athletic proportions, smooth golden-brow
[4368/7413] magic-item Shepherd's Flail -> simple magic flail, handle fashioned from polished pale lotus wood, three chains
[4369/7413] monster Couatl -> massive winged serpent, long serpentine body covered in fine emerald green scale
[4370/7413] feat Studied Attacks -> a circular brass heraldic medallion bearing the raised relief image of a crossed
[4371/7413] monster Dretch -> small hunched fiend with rubbery greyish-pink skin, bloated pear-shaped torso, o
[4372/7413] magic-item Brain Juice -> thick foul-smelling murky purple-gray liquid contained within a crude spherical 
[4373/7413] monster Flame-Scourged Scion -> huge aberrant humanoid body shape, charred ashen gray skin cracked with glowing 
[4374/7413] magic-item Bloodprice Padded -> heavy leather arming doublet, dark crimson quilted fabric surface, overlapping v
[4375/7413] magic-item Thunderous Greatclub -> A massive two-handed weapon forged from dark storm-grey ironwood, featuring a th
[4376/7413] monster Ancient Copper Dragon -> gargantuan quadrupedal dragon with massive leathery wings spanning a vast distan
[4377/7413] magic-item Boots of Speed -> supple dark brown leather riding boots reaching mid-calf, fitted with thick stac
[4378/7413] background Scoundrel -> human scoundrel with a cunning smirk and shifty brown eyes, unkempt dark brown h
[4379/7413] spell Misty Step -> dense cloud of silvery white vapor swirling tightly in a vertical column, thin e
[4380/7413] spell Strength Tap -> a swirling vortex of dense indigo energy twisting outward from a point of contac
[4381/7413] monster Leshy -> medium humanoid plant creature formed from tangled roots vines and moss, upright
[4382/7413] monster Spinosaurus -> gargantuan aquatic theropod dinosaur, elongated crocodile-like snout filled with
[4383/7413] feat Wizard Spellcasting -> a metallic heraldic shield bearing an embossed open human hand encircled by floa
[4384/7413] spell Mud -> ground churning into thick churning brown earth, heavy viscous sludge bubbling w
[4385/7413] feat Friend of the Forest -> a heraldic shield emblem featuring a stylized green tree trunk intertwined with 
[4386/7413] magic-item Sharkskin Vest -> tailored vest crafted from coarse grey sharkskin, rough sandpaper texture with m
[4387/7413] monster Enchantress -> medium humanoid female standing in an upright posture, wearing deep violet silk 
[4388/7413] monster Vexxeh -> huge quadrupedal fiendish body, muscular tauric physique, jagged black obsidian 
[4389/7413] feat Fiendish Vigor -> a metallic heraldic shield bearing a rampant black fiendish silhouette with swep
[4390/7413] monster Zouyu -> huge feline monstrosity with the body shape of a massive leopard, covered in sho
[4391/7413] spell Ley Disturbance -> swirling vortex of translucent emerald and violet energy filaments, undulating v
[4392/7413] monster Rust Monster -> medium-sized insectile monstrosity with thick lumpy armored plating covering its
[4393/7413] subclass Circle of Bees -> a circular heraldic crest framed by interlocking golden honeycomb cells, centere
[4394/7413] subspecies Morel -> short humanoid stature, slender build, pale grey skin, smooth cap-like head stru
[4395/7413] feat Fiendish Resilience — Fire -> circular heraldic shield bearing a stylized emblem of a roaring crimson fiendish
[4396/7413] subspecies Ravenfolk -> medium-height bipedal humanoid with a lean stature, covered in glossy black feat
[4397/7413] spell Locate Object -> vibrant golden magical compass needle floating in midair, composed of concentrat
[4398/7413] monster Cave Dragon Wyrmling -> medium quadrupedal reptilian dragon wyrmling with leathery earth-brown scales ca
[4399/7413] monster Coral Drake -> medium serpentine dragon with a segmented body, branching calcified coral format
[4400/7413] spell Freeze Potion -> a spherical glass vial measuring four inches in height filled with churning liqu
[4401/7413] monster Salamander Noble -> huge serpentine elemental with a massive muscular humanoid torso and arms transi
[4402/7413] spell Find Familiar -> a small spectral cat shape composed of dense translucent indigo mist, outlined b
[4403/7413] spell Vermin Plague -> a chaotic, churning mass of thousands of small black-furred rats, leathery-winge
[4404/7413] monster Driver Ant -> giant six-legged insectoid driver ant with a massive segmented amber-brown chiti
[4405/7413] spell Death Ward -> translucent golden aura of protective abjuration magic wrapping tightly around a
[4406/7413] monster Shadow Dragon Wyrmling -> medium serpentine dragon in flight with a sleek aquatic body shape, dark scale-c
[4407/7413] magic-item Crab Gloves -> a pair of matching magic gauntlets shaped like giant crab claws, constructed fro
[4408/7413] monster Young Gold Dragon -> large quadrupedal serpentine dragon in flight with a massive wingspan, metallic 
[4409/7413] monster Mold Zombie -> humanoid corpse covered in patches of gray and green mold, decaying gray flesh s
[4410/7413] monster Risen Reaver -> towering skeletal undead humanoid of massive proportions, jutting cracked white 
[4411/7413] monster Snake, Constrictor -> massive serpentine body stretching twenty feet in length, thick heavily muscled 
[4412/7413] monster Witchalder -> medium humanoid plant creature, twisted gnarled alder wood body, dark grey bark 
[4413/7413] magic-item Cinch of the Wolfmother -> wide belt crafted from thick greyish-brown treated dire wolf intestines, rough a
[4414/7413] monster Paper Golem Swarm -> a swarm of hundreds of animated medium-sized humanoids constructed entirely from
[4415/7413] monster Cikavak -> tiny fey humanoid creature with delicate gossamer insect wings spanning wider th
[4416/7413] magic-item Glazed Greataxe -> a heavy greataxe with a wide steel blade coated in a smooth, translucent pale pi
[4417/7413] spell Fleeting Portals -> two circular ten-foot diameter magical portals resting flat on the ground surfac
[4418/7413] monster Wolf -> quadrupedal canine mammalian body, medium size, thick coarse fur coat blending s
[4419/7413] feat Spell Sniper -> an ornate circular heraldic medallion, a central engraving of a long thin crossb
[4420/7413] monster Roc -> gargantuan avian monster with a massive hooked beak, dark brown feather plumage 
[4421/7413] monster Gladiator -> muscular human humanoid male of medium build, standing in a commanding athletic 
[4422/7413] spell Mass Cure Wounds -> a surging wave of golden yellow restorative energy rushing through the air as a 
[4423/7413] spell Summon Golem -> swirling vortex of raw elemental earth, heavy grey granite chunks, wet clay, and
[4424/7413] monster Giant Crab -> medium-sized crustacean body, thick mottled brownish-green hard exoskeleton with
[4425/7413] monster Young White Dragon -> large quadrupedal reptilian dragon with a serpentine body, massive leathery wing
[4426/7413] monster Elder Shadow Drake -> large quadrupedal serpentine dragon in flight with an elongated muscular body co
[4427/7413] spell Minor Illusion -> faint translucent five-foot cube of shimmering indigo and violet light, semi-tra
[4428/7413] magic-item Almanac of Common Wisdom -> thick hardcover tome, dog-eared parchment pages, weathered brown leather cover, 
[4429/7413] monster Virtuoso Lich -> skeletal undead humanoid of medium size, emaciated ivory-white bones, exposed ri
[4430/7413] feat Sorcery Incarnate -> a circular metallic heraldic badge forged in pale silver and dark iron, embossed
[4431/7413] monster Solar -> towering humanoid celestial with six massive feathered wings of pure white spann
[4432/7413] monster Wind Dragon Wyrmling -> medium quadrupedal dragon in flight with a serpentine body, pale silvery-blue sc
[4433/7413] subclass Oath of Justice -> a polished steel heraldic shield bearing an embossed design of a vertical sword 
[4434/7413] subclass Spellsmith -> a circular heraldic shield bearing a centered anvil crossed by a straight wizard
[4435/7413] magic-item Kraken Clutch Ring -> thick tarnished green copper band, heavily oxidized with dark verdigris patina, 
[4436/7413] spell Expeditious Retreat -> opaque white energy rippling across the lower body, blurred streaks of silver li
[4437/7413] magic-item Molten Hellfire Half Plate -> half plate armor forged from dark crimson iron nearly black in color, composed o
[4438/7413] feat Magic Initiate -> a metallic heraldic shield embossed with a stylized open human palm surrounded b
[4439/7413] spell Holy Fire -> a vertical column of brilliant white and golden fire, descending downward in a t
[4440/7413] spell Hearth Charm -> a small, stable hearth fire burning inside a glowing hearth charm talisman, the 
[4441/7413] spell Contingency -> a floating, translucent sphere of swirling azure and violet evocation energy, th
[4442/7413] monster Greed Swarm -> medium hovering construct swarm composed of hundreds of interlocking mechanical 
[4443/7413] spell Hypnotic Pattern -> a swirling cluster of overlapping translucent geometric ribbons in vibrant magen
[4444/7413] spell Gear Barrage -> a dense chaotic cloud of spinning metallic cogs, interlocking brass gears, and j
[4445/7413] background Court Servant -> middle-aged human court servant standing with an attentive posture and a submiss
[4446/7413] spell Hone Blade -> a translucent shimmering edge of razor-thin ethereal force wrapping tightly arou
[4447/7413] subclass Smuggler -> an ornate metal shield bearing a heraldic crest of a wooden river barge loaded w
[4448/7413] monster Hawk -> small avian predator, compact aerodynamic body, hooked sharp dark grey beak, lar
[4449/7413] spell Siphon Life -> a twisting, rope-like tendril of dark crimson necromantic energy, shimmering wit
[4450/7413] monster Dark Eye -> medium humanoid dark eye, gaunt skeletal body frame, ash grey dry skin stretched
[4451/7413] monster Hill Giant Chief -> huge humanoid giant with massive muscle mass, thick sagging blubbery skin with a
[4452/7413] magic-item Blood Mark -> thick circular ring made of dull pale gold, smooth unadorned metallic surface, f
[4453/7413] monster Chort Devil -> medium fiend with a humanoid muscular torso and lower goat-like body covered in 
[4454/7413] species Erina -> small humanoid standing three feet tall, stout build covered entirely in dense b
[4455/7413] spell Aspect of the Moon -> translucent silver lunar energy swirling around a humanoid figure, glowing cresc
[4456/7413] monster Grimlock -> medium humanoid body shape, hairless grayish skin stretched tight over corded mu
[4457/7413] monster Animated Flying Sword -> small steel longsword hovering upright in midair, balanced on its tip, flanked b
[4458/7413] monster Golem -> massive humanoid construct carved from gray stone, eight feet tall, bulky rectan
[4459/7413] monster Ulnorya -> massive hulking aberration with a bloated globular central body, leathery purple
[4460/7413] monster Cockatrice -> small monstrosity with the body shape of a scaly reptile, two feathered avian wi
[4461/7413] monster Ancient Red Dragon -> gargantuan quadrupedal dragon with massive leathery wingspan, crimson and scarle
[4462/7413] spell Converse With Dragon -> translucent shimmering crimson psychic tether connecting two floating points of 
[4463/7413] monster Einherjar -> muscular medium humanoid warrior, tall athletic build, pale scarred skin covered
[4464/7413] monster Manggus -> massive humanoid giant with grey weathered skin, heavily muscled and imposing pr
[4465/7413] spell Frozen Corpse -> humanoid corpse frozen in solid block of pale blue rime ice, frost crystals encr
[4466/7413] spell Greater Restoration -> a dense, swirling manifestation of brilliant golden and warm amber positive ener
[4467/7413] monster Capybear -> medium quadrupedal mammalian monstrosity combining the features of a giant capyb
[4468/7413] spell Luminous Smite -> A melee weapon blade flaring with intense blinding white divine energy, cracklin
[4469/7413] spell Order of Revenge -> a metal weapon surface enveloped in a dense, coiling aura of indigo enchantment 
[4470/7413] magic-item Commander's Visage -> ornate golden full-face mask, rigid metallic construction, stern scowling human 
[4471/7413] feat Stand Against the Tide -> a circular heraldic shield bearing the stamped metal relief of a towering armore
[4472/7413] feat Guarded Warrior -> a circular iron heraldic shield bearing a raised central boss, two crossed broad
[4473/7413] feat Quivering Palm -> A circular heraldic crest of weathered brass, embossed in the center with a huma
[4474/7413] spell Icy Grasp of the Void -> a swirling sphere of absolute black void energy speckled with microscopic glitte
[4475/7413] spell Tree Stride -> a swirling vortex of emerald green natural energy and interwoven translucent woo
[4476/7413] magic-item Chainbreaker Rapier -> a slender steel rapier with a narrow straight blade, an ornate basket hilt featu
[4477/7413] monster Gorao-Ka -> tiny fey creature with a slender humanoid body, upright noble posture, delicate 
[4478/7413] magic-item Staff of Ice and Fire -> straight wooden staff made from a pale white ash tree branch, a polished blue sa
[4479/7413] monster Adult River Dragon -> huge serpentine body covered in overlapping emerald green and turquoise scales, 
[4480/7413] monster King Fomor -> gargantuan celestial humanoid with colossal proportions, midnight blue skin, mas
[4481/7413] magic-item Belt of Giant Strength (Stone) -> wide heavy belt made of thick weathered grey stone slabs joined by crude iron ri
[4482/7413] magic-item Headscarf of the Oasis -> dun-colored well-worn long silk wrap, soft textured fabric with frayed edges, li
[4483/7413] monster Marilith -> large fiend with the scaled lower body of a great serpent and the muscular upper
[4484/7413] magic-item Webbed Staff -> long slender quarterstaff, carved from solid dark black ebony wood, tightly wrap
[4485/7413] magic-item Bloodwhisper Cauldron -> ancient oxidized iron cauldron resting on three short stubby legs, deep bowl sha
[4486/7413] monster Chaos Creeper -> medium plant creature, bulbous central stalk, shifting multicolored vine tendril
[4487/7413] magic-item Supreme Potion of Troll Blood -> thick crystal flask shaped like a gnarled torso, containing a viscous dark crims
[4488/7413] spell Borrowing -> swirling thread of inky black necromantic energy forming a bridge between two ha
[4489/7413] spell Mirror Image -> three translucent phantom duplicates hovering closely in synchronized alignment,
[4490/7413] monster Temple Dog -> medium celestial canine beast with thick golden-yellow fur, a majestic curled ma
[4491/7413] subclass Oath of the Hearth -> a cast bronze heraldic heater shield bearing a raised relief emblem of a roaring
[4492/7413] spell Mass Heal -> massive sphere of blinding white restorative energy exploding outward in expandi
[4493/7413] background Entertainer -> a human entertainer with expressive hazel eyes, a wide charismatic smile, and da
[4494/7413] magic-item Seneschal's Gloves -> a pair of pristine white leather gloves with immaculate, form-fitting tailoring 
[4495/7413] spell Bloody Smite -> a melee weapon coated in a faint crimson radiance that bleeds outward in wisps o
[4496/7413] monster Redcap -> wizened and undersized gnome-like humanoid, hunched back, sinewy muscular frame,
[4497/7413] monster Fext -> medium undead humanoid corpse with decayed ashen gray flesh tightly drawn over s
[4498/7413] feat Expertise (Bard II) -> A heraldic shield bearing a pair of golden quills crossed behind an open parchme
[4499/7413] spell Disrupt Scry -> A swirling spherical distortion of translucent violet air, three feet in diamete
[4500/7413] monster Simurg -> gargantuan avian beast, immense golden-feathered wings spanning a vast width, sh
[4501/7413] spell Cruor of Visions -> a shimmering crimson pool of blood exactly one foot in diameter resting flat ins
[4502/7413] monster Hell Hound -> medium fiend canine body shape, powerful muscular physique, coarse matted fur th
[4503/7413] monster Clockwork Conductor -> small humanoid construct made of interlocking brass gears and polished copper pl
[4504/7413] monster Deep One -> bipedal amphibious humanoid, wet grey-green scaled skin with a pale underbelly, 
[4505/7413] magic-item Cubic Gate -> three-inch metallic cube made of dark iron, each of its six flat faces engraved 
[4506/7413] monster Rime Worm Grub -> medium-sized segmented vermiform body encrusted in damp earth and packed ice, th
[4507/7413] magic-item Potion of Worg Form -> small thick glass vial with a cork stopper, filled with a clear syrupy golden-br
[4508/7413] magic-item Sending Stones -> two identical rounded river stones, each palm-sized and polished to a matte fini
[4509/7413] monster Agnibarra -> small quadrupedal monstrosity with ash-gray reptilian skin, low-slung stocky bod
[4510/7413] monster Kraken -> gargantuan cephalopod monstrosity, colossal body shaped like an immense squid wi
[4511/7413] spell Widget -> An ethereal, translucent grey spectral silhouette of a heavy blacksmith hammer m
[4512/7413] monster Stone-Eater Slime -> small amorphous gelatinous ooze, translucent pale grey body tinged with slate bl
[4513/7413] monster Corpse Mound -> huge mound-shaped mass of rotting human corpses fused together with decaying fle
[4514/7413] magic-item Cloak of Sails -> a simple ankle-length cloak crafted from heavy black wool on its exterior, lined
[4515/7413] monster Young River Dragon -> large serpentine dragon in flight with sweeping aquatic fins along its back, lon
[4516/7413] magic-item Goggles of Shade -> pair of tinted spectacles, dark polished obsidian lenses shaped in a circular ro
[4517/7413] monster Giant Frog -> medium amphibian beast, squat muscular quadrupedal body, mottled green and brown
[4518/7413] spell Call the Hunter -> tall humanoid outsider formed entirely of interlocking golden brass and copper c
[4519/7413] spell Tidal Barrier -> a circular barrier of churning seawater forming a ten-foot radius wall, roiling 
[4520/7413] feat Stalwart -> heraldic shield emblem featuring a centered upright iron broadsword flanked by t
[4521/7413] magic-item Animated Chain Mail -> a suit of heavy chain mail armor shaped in a hollow human silhouette, composed o
[4522/7413] monster Young Imperial Dragon -> massive serpentine aquatic dragon in mid-flight with wide feathered wings, long 
[4523/7413] magic-item Voidwalker -> a band of tarnished silver, completely unadorned with no inscriptions, featuring
[4524/7413] monster Mbielu -> huge aquatic quadrupedal reptilian beast, massive bulky body covered in thick da
[4525/7413] feat Mystic Arcanum (Level 7 Spell) -> a heraldic shield bearing a centered glowing silver heptagram encircled by a rin
[4526/7413] monster Silver Dragon Wyrmling -> medium-sized quadrupedal dragon with sleek silvery scales, a streamlined serpent
[4527/7413] magic-item Bloodlink Potion -> small teardrop-shaped glass vial, thick transparent crimson-tinted walls, stoppe
[4528/7413] monster Druid -> humanoid figure of medium height with weathered tan skin and deep green eyes, lo
[4529/7413] monster Hell Hound -> medium canine fiend, muscular body, coarse pitch-black fur, four legs, long musc
[4530/7413] monster Mountain Dwarf Defender -> medium humanoid mountain dwarf defender, stocky and muscular build, broad should
[4531/7413] monster Mycolid Spore Lord -> massive purple bipedal fungal humanoid standing nine feet tall, thick rubbery st
[4532/7413] monster Dream Eater -> medium fiend in flight with a lean humanoid body shape, leathery bat-like wings 
[4533/7413] monster Ur-Otyugh -> massive bloated globular aquatic aberration body, mottled gray-green spongy hide
[4534/7413] feat Stunning Sniper -> A metallic heraldic shield bearing an embossed emblem of a taut longbow with an 
[4535/7413] magic-item Box of Secrets -> cubical wooden box with six identical hinged lids, polished dark mahogany surfac
[4536/7413] monster Sphinx of Lore -> massive majestic celestial sphinx with the muscular body of a golden lion, a pow
[4537/7413] magic-item Aurochs Bracers -> thick cylindrical steel bracers with a dull metallic finish, engraved on the fro
[4538/7413] spell Memento Mori -> a terrifying humanoid silhouette composed entirely of decaying gray flesh riddle
[4539/7413] monster Pit Fiend General -> huge towering red-skinned humanoid fiend in flight, massive leathery bat-like wi
[4540/7413] feat Savage Attacker -> a heraldic shield divided diagonally by a jagged crimson slash, featuring a styl
[4541/7413] spell Hunting Stand -> ten-foot cube of interwoven dark green foliage and moss-covered branches forming
[4542/7413] magic-item Black Dragon Oil -> a thick cylindrical ceramic pot with a mottled dark gray surface, the vessel sea
[4543/7413] spell Fabricate -> a concentrated sphere of swirling translucent blue transmutation magic, filled w
[4544/7413] monster Malakbel -> medium humanoid fiend with ashen grey skin, elongated limbs, a muscular and gaun
[4545/7413] monster Snake, Giant Constrictor -> huge aquatic serpentine body, thick muscular coils spanning thirty feet in lengt
[4546/7413] magic-item Tome of Understanding -> thick heavy-bound folio book, aged dark brown leather cover, tarnished brass cor
[4547/7413] monster Dokkaebi -> medium fey humanoid body shape, stout muscular build, thick greyish skin covered
[4548/7413] magic-item Book of Ebon Tides -> thick rectangular tome bound in weathered birch wood boards, tightly wrapped in 
[4549/7413] magic-item Wand of Paralysis -> straight slender tapering cylindrical rod, dark grey tempered steel material, co
[4550/7413] magic-item Wand of Air Glyphs -> slender straight metallic wand of pale silver steel, tapering gradually to a fin
[4551/7413] feat Skill Expert -> a circular heraldic shield bearing a centered raised emblem featuring an open bo
[4552/7413] monster Wolpertinger -> tiny chimeric quadruped mammal body covered in rough brown fur and caked with dr
[4553/7413] spell Conjure Spectral Dead -> hazy translucent humanoid silhouette formed from dense pale grey mist, vague ske
[4554/7413] monster Giant Poisonous Snake -> medium-sized serpentine beast, slender elongated body covered in smooth scales o
[4555/7413] monster Ancient Imperial Dragon -> gargantuan serpentine dragon in powerful airborne flight, massive scaled body wi
[4556/7413] spell Alchemical Form -> translucent amorphous amoebic blob of viscous iridescent green alchemical jelly,
[4557/7413] magic-item Distracting Doubloon -> a heavy circular metallic gold coin with a slightly raised rim, featuring a plai
[4558/7413] spell Aid -> three soft white and pale gold spherical wisps of translucent abjuration energy,
[4559/7413] monster Spymaster -> medium humanoid figure draped in head-to-toe midnight black concealing robes, fo
[4560/7413] monster Pegasus -> massive magnificent equine body covered in pristine white fur, enormous feathere
[4561/7413] monster Ancient Mithral Dragon -> gargantuan quadrupedal dragon with sweeping leathery wings and a massive serpent
[4562/7413] monster Doppelganger -> medium humanoid figure with smooth, featureless pale gray skin lacking hair, ear
[4563/7413] spell Command Objects -> six small inanimate objects surrounded by swirling violet arcane energy threads,
[4564/7413] monster Merfolk Knight -> medium humanoid merfolk knight, muscular upper body with blue-green skin, long f
[4565/7413] monster Clockwork Beetle Swarm -> large swarm of hundreds of interlocking mechanical beetles, each insect construc
[4566/7413] magic-item Paper Hand Trap -> colorful woven paper cylinder, brightly patterned surface decorated with detaile
[4567/7413] spell Magic Dampener -> a transparent hemispherical dome of distorted air ripples outward, bending light
[4568/7413] magic-item Bead of Exsanguination -> small spherical magical bead, three-quarters of an inch in diameter, solid matte
[4569/7413] monster Priest -> medium humanoid with a solemn expression, aged human features, wrinkled skin, sh
[4570/7413] magic-item Gloves of Missile Snaring -> a pair of supple tan leather gloves, soft flexible material hugging the skin clo
[4571/7413] spell Suppress Regeneration -> faint smoky purple haze curling tightly around a targeted body, sickly ashen sha
[4572/7413] spell Heart-Seeking Arrow -> an enchanted arrow in mid-flight with a pale crimson wooden shaft and steel head
[4573/7413] monster Jaanavar Jal -> huge aquatic monstrosity, massive serpentine body covered in dark blue scales, w
[4574/7413] monster Corrupted Chieftain -> massive muscular humanoid giant standing eight feet tall with ashen gray skin ti
[4575/7413] monster Flutterflesh -> large skeletal undead creature in flight with a massive wingspan of tattered lea
[4576/7413] monster Herald of Darkness -> large winged fiend in mid-flight with a humanoid torso, massive tattered leather
[4577/7413] monster Selang -> medium bipedal fey creature, slender humanoid body shape, pale grey skin, long t
[4578/7413] magic-item Freerunner Rod -> slender cylindrical rod formed from tightly intertwined lengths of coarse green 
[4579/7413] spell Brimstone Infusion -> a glass flask enveloped in swirling thick plumes of amber and dark charcoal smok
[4580/7413] monster Night Hag -> medium humanoid fiend with a hunched posture, sagging blue-grey skin covered in 
[4581/7413] magic-item Grave Ward Leather -> a suit of dark, midnight-black hardened leather armor, fitted with overlapping f
[4582/7413] monster Violet Fungus -> medium purplish mushroom, bulbous central stalk mass, four thick upright purplis
[4583/7413] monster Alliumite -> small subterranean plant creature, compact bulbous root-body caked in dry brown 
[4584/7413] monster Bone Lord -> huge towering skeletal undead humanoid figure composed entirely of interlocked h
[4585/7413] magic-item Bloodthirsty Halberd -> a magical polearm featuring a long haft of dark iron wrapped in rusted wire, top
[4586/7413] monster Harbinger of Wrath -> gargantuan monolithic humanoid construct formed of jagged black iron plates, tow
[4587/7413] magic-item Peregrine Pellets, 3 uses -> A small weathered snakeskin pouch made of overlapping gray-brown scaled hide wit
[4588/7413] magic-item Potion of Growth -> short thick glass flask, cork stopper, containing a thick opaque crimson liquid 
[4589/7413] monster Swarm, Biting Gnat -> medium-sized amorphous cloud composed of thousands of tiny winged insectoid gnat
[4590/7413] feat Mystic Arcanum (Level 8 Spell) -> A metallic heraldic shield bearing a centered raised emblem of an open antique b
[4591/7413] magic-item Elixir of Wakefulness -> thin cylindrical glass vial filled with effervescent crimson liquid, topped by a
[4592/7413] monster Drider -> upper torso and head of a dark-skinned drow elf with sharp facial features and l
[4593/7413] monster Bone Swarm -> a large undead entity composed of a dense mass of interlocked human and animal s
[4594/7413] monster Serpopard -> large quadrupedal beast with a spotted feline body and an elongated snake-like n
[4595/7413] monster Junk Shaman -> small hunched humanoid creature with grey mottled skin, wearing a patchwork tuni
[4596/7413] monster Worg -> huge canine monstrosity with mangy dark gray fur, a muscular wolf-like body stan
[4597/7413] monster Fragrant One -> small fey humanoid, slender body proportions, smooth alabaster skin with faint f
[4598/7413] spell Floating Disk -> a perfectly flat circular horizontal plane of force measuring three feet in diam
[4599/7413] magic-item Ring of Telekinesis -> A thick band of polished dark gray platinum, an intricate carved pattern of para
[4600/7413] magic-item Glamoured Studded Leather -> supple dark brown leather doublet with fitted sleeves, polished steel stud rivet
[4601/7413] magic-item Brotherhood of Fezzes -> three identical crimson wool felt cone-shaped fezzes, each stiffened into a cyli
[4602/7413] monster Ratatosk -> tiny agile squirrel-like celestial creature, compact muscular body, dense russet
[4603/7413] monster Ape -> muscular medium-sized primate, thick dark brown fur covering its heavy-set body,
[4604/7413] magic-item Dawn Shard Dagger -> short slender dagger, straight polished steel blade with a faint golden hue, tap
[4605/7413] monster Animated Armor -> an empty suit of heavy steel plate armor standing upright with no human occupant
[4606/7413] monster Wereboar -> stocky muscular humanoid figure with a hybrid boar head featuring prominent curv
[4607/7413] spell Shadows Brought to Light -> a human-shaped silhouette detaching from the ground, a two-dimensional shadow fi
[4608/7413] magic-item Shifting Shirt -> a plain loose smock-like garment made of coarse homespun grey fabric with long s
[4609/7413] monster Tar Ooze -> massive amorphous blob of thick viscous black tar, undulating semi-liquid mass o
[4610/7413] monster Priest Acolyte -> humanoid figure of medium height and slender build, standing in a straight uprig
[4611/7413] monster Ice Maiden -> tall slender humanoid female figure composed entirely of faceted translucent blu
[4612/7413] monster Dragon Turtle -> gargantuan aquatic reptilian monster, massive armored body covered in a rough da
[4613/7413] monster Dullahan -> large humanoid fey entity standing with rigid posture, headless neck stump leaki
[4614/7413] spell Seal of Sanctuary -> a circular glowing white celestial rune inscribed flat upon the ground, measurin
[4615/7413] monster Insect, Giant Fire Beetle -> small insectoid beast, segmented body shape, hard chitinous carapace in a dark r
[4616/7413] magic-item Berserker's Kilt (Elk) -> wraparound kilt garment constructed from dense coarse elk fur in shades of tawny
[4617/7413] monster Stuhac -> medium-sized bipedal fiend with ash-grey skin, taut over a gaunt muscular frame,
[4618/7413] monster Uraeus -> tiny celestial serpent, miniature coiled serpentine body, radiant golden scales,
[4619/7413] monster Robot Drone -> tiny mechanical construct hovering midair, spherical metallic body crafted from 
[4620/7413] monster Breathstealer -> medium humanoid creature, gaunt and skeletal physique, ash-grey papery skin stre
[4621/7413] monster Berstuc -> massive burrowing fiend with a thick earth-caked hide, powerful clawed forelimbs
[4622/7413] background Gamekeeper -> middle-aged human gamekeeper with weathered skin, calloused hands, piercing gree
[4623/7413] magic-item Signet of the Magister -> heavy gold ring, thick circular band with a polished metallic sheen, set with a 
[4624/7413] monster Adult Void Dragon -> huge serpentine draconic body, deep abyssal black scales absorbing light, massiv
[4625/7413] spell Sequester -> transmutation magic field of pale blue hexagonal lattice lines enveloping a targ
[4626/7413] monster Mummy, Peat -> humanoid corpse mummified in dark spongy peat moss, withered skin stained deep b
[4627/7413] monster Sewer Weird -> large amorphous mass of murky grey sludge and churning foul wastewater filling a
[4628/7413] monster Angel, Chained -> medium humanoid celestial in flight with a powerful muscular build, dark ash-gra
[4629/7413] monster Cueyatl Sea Priest -> small humanoid amphibian standing four feet tall, dark blue-green scaled skin wi
[4630/7413] spell Mirror Image -> three identical translucent duplicates of a humanoid figure, shimmering semi-tra
[4631/7413] monster Angel, Psychopomp -> medium humanoid celestial body shape, pale grey skin, rigid geometric golden met
[4632/7413] subspecies Blue Dragonborn -> bipedal humanoid dragonborn standing six and a half feet tall with a broad muscu
[4633/7413] spell Whirlpool -> a massive swirling funnel of churning aquatic water thirty feet in diameter, a v
[4634/7413] magic-item Pocket Oasis -> five-foot square sheet of thick black canvas fabric, tightly woven texture, matt
[4635/7413] monster Liminal Drake -> large serpentine dragon body, hovering in mid-air, four long limbs ending in sha
[4636/7413] magic-item Royal Jelly -> cylindrical glass vial filled with thick glowing golden liquid, polished brass s
[4637/7413] monster Sapphire Dragon Wyrmling -> medium-sized quadrupedal dragon with crystalline sapphire blue scales, long serr
[4638/7413] spell Stormcloud -> massive vertical cylinder of swirling dark gray stormclouds, twenty feet in radi
[4639/7413] monster Giant Armadillo -> mammalian quadruped the size of a draft horse, heavy-set body covered in thick o
[4640/7413] monster Minor Malleable -> medium-sized amorphous aberration, viscous shifting gelatinous body of dull tran
[4641/7413] spell Devouring Darkness -> six separate spherical zones of absolute voidlike darkness, each ten feet in rad
[4642/7413] monster Badger -> stocky quadrupedal mammal, tiny size, low-slung wedge-shaped body, short muscula
[4643/7413] monster Vent Linnorm -> gargantuan serpentine aquatic dragon with a massive limbless body covered in dar
[4644/7413] monster Ooze, Sinoper -> Medium amorphous blob of viscous, dark green-gray gelatinous substance, shifting
[4645/7413] magic-item Agile Plate -> a suit of tailored steel plate armor with sleek articulated segments, narrow ove
[4646/7413] monster Alehouse Drake -> tiny reptilian dragon body, compact scaled torso, deep amber scales flecked with
[4647/7413] monster Beggar Ghoul -> emaciated humanoid undead with ash-gray decaying flesh stretched tight over visi
[4648/7413] monster Qwyllion -> medium-sized bipedal aberration with a gaunt humanoid frame, elongated shadowy l
[4649/7413] monster Stone Giant -> huge humanoid giant, towering height, gaunt slender proportions, thick granite-g
[4650/7413] feat Steel Will -> a heavy heraldic shield forged from unpolished brushed steel, emblazoned at the 
[4651/7413] monster Walking Statue -> colossal animated humanoid construct carved entirely from gray weathered granite
[4652/7413] magic-item Ironskin Oil -> a small thick glass vial filled with a cool grayish fluid that appears slightly 
[4653/7413] spell Entomb -> four massive vertical slabs of jagged grey granite bursting upward from the grou
[4654/7413] feat Superior Hunter's Defense -> A heraldic crest featuring a large wooden round shield set against two crossed s
[4655/7413] spell Legion -> a ten-foot cube filled with swarming shadowy humanoid soldiers, semi-translucent
[4656/7413] spell Prayer of Healing -> five glowing golden spheres of concentrated healing light hovering in a tight ci
[4657/7413] spell Eldritch Rift -> torn circular spatial tear, jagged purple energy crackling along the ragged rim,
[4658/7413] feat Improved Brutal Strike (II) -> a bronze heraldic escutcheon bearing a raised relief of a fractured iron greave 
[4659/7413] monster Frost Giant -> gigantic humanoid reaver standing over twenty feet tall with massive muscular pr
[4660/7413] background Sailor -> weathered human sailor with deeply tanned, windburned skin, a short scruffy brow
[4661/7413] spell Hideous Laughter -> a swirling localized vortex of shimmering purple and hot pink magical energy spa
[4662/7413] monster Bereginyas -> tiny fey humanoid in midair flight, slender miniature female body shape, translu
[4663/7413] spell Detect Poison and Disease -> swirling sphere of pale green and sickly yellow translucent vapor expanding outw
[4664/7413] magic-item Mug of Good Health, 3 charges -> oversized thick-walled earthenware mug, pale beige clay body covered in a dense 
[4665/7413] monster Broodiken -> tiny construct made of interlocking plates of dull grey iron, small humanoid bod
[4666/7413] monster Flithidir -> small fey humanoid, slender body, delicate translucent insectoid wings spanning 
[4667/7413] spell Arcane Hand -> a massive hand constructed entirely from translucent pale blue force energy, com
[4668/7413] monster Water Horse -> medium equine body shape, sleek dark grey hide, long flowing black mane and tail
[4669/7413] spell Frenzied Bolt -> jagged streak of crackling chromatic energy, violent twisting ribbons of violent
[4670/7413] monster Great Wyrm Red Dragon -> gargantuan quadrupedal reptilian body, massive crimson red scales covering thick
[4671/7413] spell Storm of Wings -> fifteen-foot-radius spherical swarm of densely packed translucent flying entitie
[4672/7413] spell Repair Metal -> sparking blue energy tendrils winding around fractured metal seams, liquid silve
[4673/7413] spell Devil Binding -> thick heavy iron chains covered in smoking blood-red demonic runes erupting from
[4674/7413] monster Efreeti -> hulking humanoid genie with magma-red skin, massive muscular upper body, two arm
[4675/7413] magic-item Armor of Cushioning -> heavy full plate armor forged from dull gray meteoric iron, thick layered steel 
[4676/7413] magic-item Elixir of the Clear Mind -> short cylindrical glass flask sealed with a red wax stopper, containing a vibran
[4677/7413] magic-item Iceblink Longsword -> longsword with a slender double-edged blade forged from pale blue glacial steel,
[4678/7413] magic-item Shadowhound's Muzzle -> a dark leather muzzle crafted from dense midnight-black hide, its surface absorb
[4679/7413] monster Crystalline Devil -> medium humanoid fiend with an angular body composed entirely of jagged transluce
[4680/7413] monster Adult Cave Dragon -> huge quadrupedal dragon, thick subterranean-dwelling body covered in rough slate
[4681/7413] spell Induce Horror -> a twisting vortex of bruised purple and sickly green energy, expanding outward i
[4682/7413] spell Find Virulence -> swirling emerald-green sickly vapors, concentric toxic ripples expanding outward
[4683/7413] spell Harm -> a virulent green necrotic energy surge taking the form of a swirling tempest of 
[4684/7413] monster Fire Giant -> massive humanoid giant standing eighteen feet tall with charcoal-black skin, mus
[4685/7413] monster Sea Serpent -> gargantuan serpentine aquatic body, colossal scaled serpentine frame, dark teal 
[4686/7413] monster Hraesvelgr The Corpse Swallower -> massive towering giant with pale ashen skin stretched taut over emaciated muscle
[4687/7413] magic-item Wand of Drowning -> slender wand carved from yellowish-white fish bones cemented together, eighteen 
[4688/7413] spell Transform Aura -> a shifting iridescent energy field wrapping tightly around a humanoid form, the 
[4689/7413] spell Flare -> spherical ball of concentrated white-hot energy, blazing orange and yellow coron
[4690/7413] monster Wakwak -> large demonic avian beast, massive leathery black bat wings spanning twice its b
[4691/7413] magic-item Frost Brand -> longsword with a straight double-edged steel blade polished to a mirror finish, 
[4692/7413] monster Ortifex -> hovering medium undead humanoid skeletal body shape, tattered dark gray burial s
[4693/7413] spell Spiked Barricade -> six adjacent five-foot cube barriers composed of thick pointed wooden poles moun
[4694/7413] monster Rochade -> small fey creature, humanoid bipedal body shape, slender proportions, smooth oli
[4695/7413] spell Reverse Gravity -> a cylindrical volume of space where gravity is inverted, with loose dust, small 
[4696/7413] monster Crimson Mist -> medium incorporeal undead entity, a swirling shroud of deep crimson vapor and de
[4697/7413] magic-item Periapt of Eldritch Knowledge -> hollow metal cylinder pendant, polished pale silver metal with intricate etched 
[4698/7413] magic-item Weapon of Warning -> a finely forged steel longsword with a straight double-edged blade etched with i
[4699/7413] magic-item Frostberry Sprig, 4 charges -> a small woody branch from a dark-leaved bush, four plump translucent ice-blue be
[4700/7413] monster Storm Maiden -> humanoid elemental body composed of roiling storm clouds and deep blue ocean wat
[4701/7413] magic-item Periapt of Proof against Poison -> delicate interwoven silver chain necklace, brilliant-cut opaque black gemstone p
[4702/7413] magic-item Potion of Transparency -> small slender glass vial filled with completely clear colorless liquid that reve
[4703/7413] feat Primal Champion -> A heraldic shield displaying a rampant golden bear centered on a quartered field
[4704/7413] magic-item Rock Shovel, 1 charge. -> a heavy iron-bladed shovel with a scarred and notched spade head forged from dar
[4705/7413] monster Warrior Veteran -> humanoid warrior in battered chainmail armor over leather garments, scarred face
[4706/7413] spell Mirage Arcane -> vast shimmering optical distortion shimmering across open ground, a towering tra
[4707/7413] spell Raise Hell -> ground erupting into jagged fissures of glowing crimson lava, plumes of sulfurou
[4708/7413] monster Adult Sea Dragon -> huge serpentine blue-scaled dragon in flight with an elongated undulating body, 
[4709/7413] magic-item Firebird Feather -> a single long avian primary feather, rigid curving quill tapering to a sharp poi
[4710/7413] magic-item Ring of the Dolphin -> solid polished yellow gold band, oval dark green jade gemstone carved into the d
[4711/7413] magic-item Staff of the Lantern Bearer -> tall straight wooden staff of dark weathered oak, blunt rounded bottom, fitted w
[4712/7413] monster Chupacabra -> small bipedal reptilian monstrosity, hunched canine-like posture, leathery greyi
[4713/7413] spell Illusory Script -> parchment manuscript bearing hand-written ink lettering, a shifting translucent 
[4714/7413] monster Deep Gnome Scout -> deep gnome scout, medium humanoid with dark gray stony skin, lean compact muscle
[4715/7413] spell Gift of Azathoth -> swirling pitch-black void energy swirling around a target in an erratic containm
[4716/7413] monster Cyclops -> massive humanoid giant, towering height, exceptionally muscular physique, broad 
[4717/7413] spell Death God’s Touch -> a swirling vortex of absolute black shadow and ashen grey necrotic mist shaped i
[4718/7413] monster Swarm of Ravens -> a swirling mass of dozens of medium-sized black-feathered corvids in tight aeria
[4719/7413] spell Doom of Blue Crystal -> spherical field of jagged crystalline shards composed of intense translucent blu
[4720/7413] magic-item Shimmer Ring -> slender polished silver band, smooth rounded profile, seamless flush inlay of ir
[4721/7413] monster Draft Horse -> large heavy-bodied equine quadruped, powerful muscular build, thick neck, broad 
[4722/7413] magic-item Illusionist's Pipe, 5 charges -> long curved smoking pipe carved from gnarled pear tree root, polished wooden sur
[4723/7413] monster Venom Elemental -> large humanoid elemental composed of swirling toxic green liquid sludge and thic
[4724/7413] magic-item Molten Hellfire Breastplate -> heavy plate metal breastplate, dark almost black crimson surface, jagged protrud
[4725/7413] magic-item Horn of Valhalla -> curved war horn fashioned from solid silver, tapering smoothly from a wide flare
[4726/7413] monster Spirit Naga -> large serpentine reptilian body covered in midnight blue scales with pale silver
[4727/7413] monster Servant of Yig -> medium-sized serpentine aberration with dark scaly skin, a long sinuous tail, tw
[4728/7413] monster Ogre, Alleybasher -> massive hulking humanoid giant standing nine feet tall with a thick and barrel-c
[4729/7413] spell Cleanse -> a wave of pale golden radiance washing outward in a hemispherical dome, fine spa
[4730/7413] magic-item Grave Ward Splint -> heavy set of splint armor forged from dark blackened steel plates riveted togeth
[4731/7413] spell Divine Favor -> a concentrated vertical column of brilliant white light descending from above, i
[4732/7413] monster Catamount -> massive muscular feline monstrosity, thick tawny fur coat with faint dark spots,
[4733/7413] background Mountebank -> middle-aged human con artist with a smooth, practiced grin and a sharp, calculat
[4734/7413] spell Animate Dead -> swirling necrotic necromantic energy coalescing into a dark violet and ashen gra
[4735/7413] spell Shield of Faith -> shimmering translucent golden barrier of divine energy, ovoid force-field shell 
[4736/7413] monster Cueyatl -> small humanoid aquatic creature with webbed fingers and toes, dark emerald-green
[4737/7413] monster Stone Guardian -> massive bipedal humanoid construct carved from gray granite, hulking stone physi
[4738/7413] feat Great Weapon Fighting -> a circular cast bronze heraldic medallion featuring a massive two-handed greatsw
[4739/7413] spell Triumph of Ice -> massive expanding spherical shockwave of jagged crystalline ice and dense swirli
[4740/7413] spell Daylight -> dense sphere of blinding golden light, erupting fierce incandescent rays, expand
[4741/7413] magic-item Nameless Cults -> heavy thick book bound in dark cracked leather, rusted iron hasps along the side
[4742/7413] monster Titanoboa -> gargantuan prehistoric snake, fifty-foot length, massive thick girth tapering to
[4743/7413] monster Clockwork Huntsman -> mechanical humanoid construct forged from interlocking polished brass plates and
[4744/7413] subclass Familiar Master -> A gilded shield-shaped heraldic crest bearing an embossed silver owl with outstr
[4745/7413] feat Covert Training -> a circular metal heraldic shield featuring an embossed silhouette of a cloaked h
[4746/7413] spell Lightning Bolt -> a jagged one hundred foot long jagged arc of electrical energy five feet wide, c
[4747/7413] spell Waft -> a dense billow of translucent turquoise and pale gold translucent vapor, swirlin
[4748/7413] monster Arboreal Grappler -> medium aberration entity, humanoid-shaped torso with mottled bark-brown and moss
[4749/7413] monster Giant Sloth -> massive mammalian beast with a thick, bulky body and long, coarse brown-gray fur
[4750/7413] spell Grave Call -> dense swirling mist of deep ashen gray and decayed charcoal fog swirling in a ti
[4751/7413] monster Shantak -> Massive equine-bodied monstrosity with a horse-like head covered in coarse black
[4752/7413] spell Elemental Horns -> a pair of thick ram horns protruding from a creature's head, the entire surface 
[4753/7413] monster Pirate -> humanoid pirate with sun-weathered tan skin, a thick tangled dark brown beard, p
[4754/7413] spell Legend Killer -> cracks of glowing violet energy tracing the muscular contours of a massive tower
[4755/7413] monster Manticore -> large monstrous quadruped with the muscular body of a tawny-furred lion, a vague
[4756/7413] magic-item Standard of Divinity (Halberd) -> a masterwork polearm with a gleaming steel halberd head featuring an upswept bla
[4757/7413] magic-item Matryoshka Dolls -> antique set of four wooden nesting dolls, pear-shaped rounded bodies tapering to
[4758/7413] monster Gullkin -> medium humanoid creature with a lean muscular frame and pale weathered skin, lar
[4759/7413] monster Troglodyte -> bipedal reptilian humanoid of medium stature with a hunched posture, leathery gr
[4760/7413] monster Alazai -> large elemental humanoid body shape composed of compacted earth, jagged stone sh
[4761/7413] monster Lord Zombie -> medium undead humanoid corpse, upright menacing posture, decaying grayish flesh 
[4762/7413] spell Distracting Divination -> swirling vortex of translucent indigo and violet arcane runes, shifting geometri
[4763/7413] spell Fire Shield -> thin wispy flickering flames closely wreathen and curling tightly around the ent
[4764/7413] magic-item Boots of the Swift Striker -> a pair of supple dark brown leather knee high boots, sleek aerodynamic silhouett
[4765/7413] monster Blood Hawk -> small avian beast in mid-flight with crimson red feathers covering its compact b
[4766/7413] feat Disciple of Life -> An ornate heraldic crest shaped like a golden shield, a vertical green clover le
[4767/7413] spell Wall of Thorns -> a massive vertical barrier of densely tangled brushwood and woody vines, thick b
[4768/7413] monster Cultist Psychophant -> medium humanoid with hunched posture, grey wrinkled skin pulled tight over promi
[4769/7413] monster Crystalline Monolith -> huge floating geometric aberration, massive vertical rectangular block of transl
[4770/7413] magic-item Incense of Recovery -> a dense rectangular block of rigid compressed herbal matter, deep purple-brown s
[4771/7413] monster Zaratan -> gargantuan hulking reptilian creature, colossal mountainous body shape, thick ar
[4772/7413] monster Orobas Devil -> large muscular humanoid fiend standing in an upright posture, towering height, d
[4773/7413] feat Colossus Slayer -> A bronze heraldic shield bearing an embossed emblem of a towering humanoid colos
[4774/7413] monster Graknork -> gargantuan aquatic monstrosity with a massive serpentine body covered in dark gr
[4775/7413] feat Combat Thievery -> heraldic shield of polished iron, crossed steel dagger and curved lockpick super
[4776/7413] monster Savager -> massive quadrupedal reptilian beast with a thick muscular build, slate-gray scal
[4777/7413] monster Drakon -> massive serpentine reptilian body covered in tight dark green scales, four power
[4778/7413] spell Light Show -> burst of swirling chromatic energy, dense cluster of floating prismatic geometri
[4779/7413] monster Crime Boss -> Medium humanoid crime boss, broad-shouldered muscular build, calculating posture
[4780/7413] monster Oasis Keeper -> huge aquatic monstrosity with a massive serpentine body of dark teal scales, fou
[4781/7413] monster Skullbloom -> medium plant creature with a central thick woody vine stalk protruding from a hu
[4782/7413] background Diplomat -> middle-aged human diplomat standing with upright posture and an analytical demea
[4783/7413] spell Find Kin -> A swirling spherical constellation of pale golden astral thread-like energy, a d
[4784/7413] magic-item Fiendish Charter -> long aged parchment scroll rolled tightly, coarse dark sheepskin texture, edges 
[4785/7413] spell Thunder Burst -> a violent spherical shockwave of concussive blue-white kinetic energy bursting o
[4786/7413] monster Hivebound -> small monstrosity in flight, slender multi-segmented chitinous body, deep indigo
[4787/7413] spell Form of the Gods -> a towering humanoid avatar composed entirely of shifting celestial energy, struc
[4788/7413] spell Caustic Touch -> a human hand dripping with a thick, viscous coat of bubbling emerald-green slime
[4789/7413] monster Greater Death Butterfly Swarm -> huge swarm of countless giant butterflies, dense fluttering cloud, each insect p
[4790/7413] spell Sanctuary -> a shimmering translucent dome of pale golden energy surrounds a small target are
[4791/7413] spell Retribution -> dense aura of hard-edged geometric plates of violet and silver force energy shap
[4792/7413] spell Sense -> translucent shimmering ethereal translucent shimmering ethereal pale indigo ener
[4793/7413] magic-item Clamor Bell -> small antique brass bell shaped like an inverted chalice, tarnished golden-yello
[4794/7413] monster Degenerate Titan -> massive humanoid giant with a towering hulking body shape, ashen gray cracked st
[4795/7413] magic-item Bloodthirsty Spear -> long steel polearm with a slender shaft of dark iron, elongated leaf-shaped spea
[4796/7413] magic-item Shark Tooth Crown -> a simple dark brown leather headband encircled by a dense jumble of jagged white
[4797/7413] feat Crafting Expert -> a heraldic crest featuring a crossed iron smithing hammer and a slender arcane w
[4798/7413] spell Phase Sneak -> translucent spherical ripple of displaced air ten feet in radius, shimmering tra
[4799/7413] monster Elk -> large quadrupedal mammal with a muscular body, thick brown fur, a lighter tan pa
[4800/7413] monster Azi Dahaka -> massive serpentine dragon with three distinct horned heads, each bearing slitted
[4801/7413] monster Azer -> medium male dwarf-shaped elemental, metallic bronze skin with rigid segmented pl
[4802/7413] spell Spider Climb -> dense swirling violet magical energy wrapping tightly around the hands and feet 
[4803/7413] monster Orc Warlord -> massive muscular male orc warlord standing in a dominant upright posture, broad 
[4804/7413] magic-item Ring of the Usurper -> sturdy thick band forged of dull yellow gold, its entire outer cylindrical surfa
[4805/7413] monster Ratfolk Mercenary -> small humanoid ratfolk mercenary with a hunched posture and sleek dark grey fur,
[4806/7413] subclass Circle of the Green -> a circular heraldic shield featuring an intricate green vine and oak leaf emblem
[4807/7413] magic-item Bloodprice Chain-Mail -> heavy suit of interlocking chain-mail links forged from dark, jagged iron, each 
[4808/7413] feat Swift Combatant -> heraldic shield emblazoned with a pair of crossed curved daggers against a divid
[4809/7413] magic-item Spear of the North -> magical spear with a pale polished ivory haft, a slender barbed steel spearhead 
[4810/7413] monster Morphoi -> medium plant creature, bipedal humanoid silhouette composed of tangled woody vin
[4811/7413] monster Feral Hunter -> medium fey humanoid creature with hunched posture, wiry musculature, dark weathe
[4812/7413] spell Secret Chest -> heavy rectangular oak chest banded in heavy tarnished iron with heavy brass corn
[4813/7413] monster Lindwurm -> massive serpentine dragon, fifty feet long, thick coiling scaly body, dark green
[4814/7413] spell Remove Insulation -> A swirling vortex of jagged sapphire electricity and dark crackling arcane spark
[4815/7413] monster Azer Forgemaster -> humanoid elemental figure of medium height, heavily muscled body formed from dar
[4816/7413] spell Scale Rot -> swirling green and sickly brown necrotic energy, flickering wisps of decay, a sp
[4817/7413] spell Speak with Plants -> vines and root tendrils twisting upward from soil, thick creeping green stems co
[4818/7413] monster Grove Bear -> medium beast, quadrupedal mammalian body shape, dense shaggy fur colored in mott
[4819/7413] magic-item Iceblink Greatsword -> massive two-handed martial sword, long straight double-edged blade forged from p
[4820/7413] monster Locksmith -> medium-sized bipedal construct of dark hammered iron plates bolted together, hea
[4821/7413] magic-item Impaling Morningstar -> magical morningstar with a dark iron haft wrapped in black leather, a heavy sphe
[4822/7413] magic-item Bloodmap, 1 charge -> a rectangular parchment made of pale undyed leather, fine-grained surface, soft 
[4823/7413] spell Circle of Death -> a translucent dark violet spherical boundary enclosing a churning vortex of blac
[4824/7413] monster Morphoi -> medium aquatic plant creature with a slender flexible green vine-like humanoid b
[4825/7413] feat Favored Enemy -> a circular iron heraldic medallion embossed with crossed hunting spears and a pr
[4826/7413] spell Weiler’s Ward -> four small spherical orbs of glowing faerie magic, floating in an orbital array 
[4827/7413] monster Weeping Treant -> huge towering humanoid plant creature, gnarled grey bark skin, massive trunk-lik
[4828/7413] spell Earsplit -> a turbulent vortex of jagged translucent sonic waves and fractured air pressure 
[4829/7413] spell War Horn -> a massive phantom war horn formed of crackling brass energy, levitating in midai
[4830/7413] monster Zalikum -> huge winged construct in midair flight, rigid metallic body plates of dark iron 
[4831/7413] monster Flying Polyp -> huge amorphous cylindrical polyp, undulating greyish rubbery flesh, numerous sho
[4832/7413] magic-item Censer of Dark Shadows -> a heavy spherical iron censer perforated with intricate web-like lattice pattern
[4833/7413] spell Spare the Dying -> a concentrated sphere of pale silver necromantic energy hovering just above a pr
[4834/7413] spell Kiss of the Succubus -> a dense twisting cloud of deep crimson and obsidian smoke coalescing into the di
[4835/7413] magic-item Crown of the Pharaoh -> ornate royal headwear forged from heavy interwoven bands of polished yellow gold
[4836/7413] feat Martial Arts -> a circular heraldic shield featuring a stylized raised relief of a closed human 
[4837/7413] spell Boiling Oil -> a circular thirty-foot wide pool of thick black bubbling oil, viscous dark liqui
[4838/7413] spell Potency of the Pack -> a swirling aura of translucent silver-blue phantom wolf energy wrapping tightly 
[4839/7413] monster Otterfolk -> small bipedal mammalian humanoid standing upright with sleek waterproof brown fu
[4840/7413] feat Extra Attack (Barbarian) -> a heavy heraldic shield bearing a brushed steel background, bisected diagonally 
[4841/7413] magic-item Iron Bands of Bilarro -> small rusted iron sphere fitting in the palm of a hand, heavily oxidized dark br
[4842/7413] monster Vampire Warlock - Variant -> medium undead humanoid figure, gaunt pale skin stretched tightly over angular bo
[4843/7413] spell Zymurgic Aura -> a rapidly expanding spherical wavefront of roiling dark green and sickly purple 
[4844/7413] spell Deflect -> translucent sphere of shimmering pale blue arcane force, perfectly spherical geo
[4845/7413] monster Baboon -> small quadrupedal mammal, thick greyish-brown fur covering its entire body, bare
[4846/7413] monster Pirate Captain -> weathered human male pirate captain of medium build with a cruel scarred face, p
[4847/7413] magic-item Book Shroud -> a supple rectangular crimson leather book cover, embossed across every square in
[4848/7413] monster Quipper -> tiny carnivorous aquatic fish, slender streamlined body shape, small finless hea
[4849/7413] magic-item Mountaineer's Light Crossbow -> weathered dark gray wooden stock etched with intricate miniature mountain range 
[4850/7413] spell Undefinable Target -> a swirling distortion of translucent air ripples across a humanoid silhouette, s
[4851/7413] subspecies Stone Giant -> towering humanoid standing eighteen feet tall with an exceptionally lean and gau
[4852/7413] monster Commoner -> medium humanoid figure of average height and build, unremarkable facial features
[4853/7413] magic-item Case of Preservation -> cylindrical map case fashioned from thick dark brown leather with a smooth well-
[4854/7413] magic-item Blackguard's Shortsword -> short straight double-edged steel blade with a dark charcoal-black matte finish,
[4855/7413] spell Acid Gate -> an oval spatial portal measuring six feet tall and three feet wide, framed by a 
[4856/7413] monster Alpine Creeper -> huge plant creature, massive wooden trunk-like central body, sprawling network o
[4857/7413] monster Pit Fiend -> huge towering humanoid fiend, hulking muscular build, leathery dark red scaled s
[4858/7413] spell Extract Knowledge -> translucent swirling violet energy tendrils emerging from a corpse, intricate gl
[4859/7413] monster Asanbosam -> massive humanoid aberration with ash-gray skin, tall emaciated torso, long muscu
[4860/7413] spell Feather Travel -> transmutation magic envelope of pale white energy, shimmering avian silhouette o
[4861/7413] magic-item Catacomb Saint -> human skeletal remains encased in articulated golden plate armor, polished metal
[4862/7413] monster Crypt Spider -> medium-sized eight-legged arachnid monster, segmented skeletal exoskeleton of bo
[4863/7413] spell Counterspell -> a dense spherical barrier of indigo and violet arcane runes spinning rapidly in 
[4864/7413] monster Violet Fungus -> medium plant creature, bulbous central mass of deep violet mushroom cap tissue, 
[4865/7413] magic-item Oracle Charm -> small human finger bone artifact, aged ivory-yellow color, bone texture with por
[4866/7413] magic-item Lucky Charm of the Monkey King -> tiny carved stone statue of a grinning monkey, dark gray weathered texture, hold
[4867/7413] magic-item Instant Fortress -> One-inch solid adamantine cube, dark gunmetal grey metallic surface, perfectly s
[4868/7413] magic-item Eyes of the Eagle -> two small polished glass crystal lenses designed to fit over the eyes, each lens
[4869/7413] spell Guards and Wards -> dense billowing gray fog filling stone corridors, thick sticky white spiderwebs 
[4870/7413] spell Mass Healing Word -> burst of brilliant emerald and gold healing energy expanding outward in a rapid 
[4871/7413] spell Web -> dense mass of thick sticky pale grey webbing filling a twenty-foot cube volume, 
[4872/7413] magic-item Broom of Flying -> A slender wooden broom, three feet in length, featuring a stout polished ash han
[4873/7413] monster Hallowed Reed -> medium celestial entity with a humanoid silhouette, body composed entirely of ov
[4874/7413] spell Pyroclasm -> A vertical cylindrical column of molten rock and incandescent orange magma, five
[4875/7413] subclass College of Skalds -> a round bronze heraldic shield embossed with a rearing white stallion on the lef
[4876/7413] monster Niya-Atha Sorcerer -> medium fey humanoid body shape, slender proportions, iridescent pale blue skin p
[4877/7413] spell Inferno -> a wide vertical barrier of roaring opaque crimson fire spanning fifteen feet acr
[4878/7413] feat Slippery Mind -> heraldic shield bearing the image of a smooth polished silver brain with fluid w
[4879/7413] monster Dryad -> slender feminine humanoid figure of medium size, smooth pale olive skin resembli
[4880/7413] magic-item Shield, +3 -> heavy rectangular metal shield of dark steel, thick reinforced rim of brushed br
[4881/7413] spell Claws of the Earth Dragon -> dense swirling beam of compacted brown soil and jagged gray rock fragments surgi
[4882/7413] spell Brilliance -> a massive spherical expansion of pure concentrated stellar luminescence, radiati
[4883/7413] spell Circle of Protection -> a ten-foot radius circular glowing glyph inscribed upon the ground, projecting u
[4884/7413] magic-item Lucky Coin -> small worn copper coin, circular shape with a clipped edge, dull weathered metal
[4885/7413] monster Lantern Dragonette -> tiny quadrupedal reptilian dragon body, slender neck, long whiplash tail, small 
[4886/7413] spell Curse of Incompetence -> a swirling vortex of smoky dark violet necromantic energy forming two mocking tr
[4887/7413] monster Shadow Giant -> huge towering humanoid giant, charcoal-black skin resembling solid shadow, impos
[4888/7413] magic-item Quiver of Ehlonna -> cylindrical leather quiver made of soft brown elk hide, adorned with intricate g
[4889/7413] spell Obscuring Mist -> dense tumbling white vapor, thick churning opaque clouds, roiling swirling gray 
[4890/7413] spell Ceremony -> a shimmering arch of golden divine energy curving above a corpse, composed of in
[4891/7413] monster Bone Golem -> medium-sized humanoid construct assembled entirely from mismatched bleached huma
[4892/7413] monster Anubian -> humanoid elemental creature with obsidian black stone skin and jagged crystallin
[4893/7413] monster Lamia -> large monstrosity with a beautiful humanoid female upper body, glowing eyes, flo
[4894/7413] monster Tendril Puppet -> medium animated plant creature shaped like a humanoid skeleton constructed entir
[4895/7413] spell Keening Wail -> a dense fifteen-foot cone of pale grey necrotizing force, roiling twisting vapor
[4896/7413] magic-item Primal Doom of Rage -> a small spherical glass globe, smooth transparent surface revealing churning mur
[4897/7413] monster Giant Elk -> massive quadrupedal mammalian beast with a towering muscular body covered in sho
[4898/7413] monster Elf, Shadow Fey Executioner -> medium humanoid elf with ashen grey skin, angular facial features, piercing crim
[4899/7413] monster Ancient Sapphire Dragon -> gargantuan quadrupedal dragon with crystalline sapphire scales in varied shades 
[4900/7413] monster Ancient Copper Dragon -> gargantuan ancient copper dragon in dynamic flight, massive scaled body shifting
[4901/7413] monster Rakshasa -> humanoid fiend body shape combining human and tiger features, tall slender biped
[4902/7413] monster Silver Dragon Wyrmling -> medium quadrupedal dragon in flight with broad wings spanning its body, smooth m
[4903/7413] monster Spire Walker -> tiny fey humanoid with elongated needle-thin limbs, translucent crystalline skin
[4904/7413] monster Aziza -> tiny humanoid fey standing twelve inches tall, delicate translucent insectoid wi
[4905/7413] subclass College of Lore -> A carved wooden heraldic shield displaying an open leather-bound tome at the cen
[4906/7413] magic-item Rod of Vapor -> a straight cylindrical wooden rod with a smooth dark brown grain, topped with an
[4907/7413] spell Walk the Twisted Path -> magical spatial gateway portal swirling into existence as an intricate three-dim
[4908/7413] monster Elder Ghost Boar -> huge spectral monstrosity, massive hulking boar body, semi-translucent wispy eth
[4909/7413] monster Berstuc -> massive hulking fiend with a heavy muscular humanoid torso, thick earth-caked sk
[4910/7413] feat Boon of Combat Prowess -> a metallic heraldic shield bearing a crossed longsword and curved dagger emblem 
[4911/7413] spell Hoarfrost -> A melee weapon coated entirely in a thick, rigid crust of opaque white hoarfrost
[4912/7413] spell Twist the Skein -> a dense cluster of translucent, silver-grey threads shaped like spider silk hove
[4913/7413] spell Flex -> a shifting aura of pale golden light tracing the muscular contours of a body, an
[4914/7413] magic-item Staff of Feathers -> long thin straight wooden staff, dark polished brown wood grain surface, upper q
[4915/7413] monster Magmin -> stumpy humanoid elemental sculpted from a hard black shell of cooled magma, thic
[4916/7413] spell Boundless Message -> a swiftly moving streak of translucent cerulean energy, an elongated ribbon of p
[4917/7413] spell Revivify -> a dead humanoid body lying flat on the ground, pale gray skin, closed eyes, surr
[4918/7413] monster Behtu -> small humanoid creature, slight stature, hunched predatory posture, leathery dar
[4919/7413] monster Bearded Devil -> muscular humanoid fiend, scaly deep red skin, elongated pointed ears, glowing ye
[4920/7413] spell Adjust Position -> a swift amber energy field surrounding a human sized humanoid silhouette, streak
[4921/7413] monster Animated Instrument, Quartet -> large construct formed from four interlocking brass and mahogany string instrume
[4922/7413] monster Doppelrat -> tiny aquatic monstrosity resembling a bloated rat, dark slick hairless grey skin
[4923/7413] magic-item Last Breath (d6), 1 charge -> a chipped short sword with a heavily weathered iron blade bearing rust spots and
[4924/7413] feat Volley -> a heraldic escutcheon bearing three intersecting arched golden arrows flying dow
[4925/7413] magic-item Stinger -> slender dagger with a straight steel blade etched with faint green channels, a c
[4926/7413] subspecies Mountain Dwarf -> stocky human-like humanoid standing four feet tall, immensely broad shoulders an
[4927/7413] magic-item Potion of Vitality -> small crystal flask shaped like a beating anatomical heart, stoppered with a gol
[4928/7413] monster Glabrezu -> massive towering muscular fiend standing eighteen feet tall with dark grey skin 
[4929/7413] magic-item Crystal Ball of Telepathy -> perfect sphere of clear transparent glass resting upon a small carved wooden sta
[4930/7413] magic-item Captain's Goggles -> polished copper frames, circular thick glass lenses, adjustable brown leather st
[4931/7413] magic-item Slatelight Ring -> thick solid gold band, heavy metal construction, ornately decorated surface with
[4932/7413] spell Wind Walk -> several translucent wisps of pale white and grey vapor, swirling currents of air
[4933/7413] magic-item Staff of Swarming Insects -> polished dark iron staff, nine feet in length, straight cylindrical shaft, intri
[4934/7413] magic-item Grand Gob's Seal, 1 charge -> A crude wax stamp measuring four inches in overall length, constructed from roug
[4935/7413] feat Dark One's Own Luck -> heraldic heater shield bearing an embossed eight-pointed star emblem forged from
[4936/7413] monster Deep One Hybrid Priest -> hunched medium humanoid body with wet dark blue-green scaled skin and pale webbe
[4937/7413] spell Power Word Pain -> a concentrated sphere of deep crimson energy hovering midair, radiating jagged r
[4938/7413] magic-item Pleasant Dress -> A light, nicely made sundress of durable bright yellow fabric, ankle-length with
[4939/7413] monster Smaragdine Golem -> large humanoid construct carved from translucent green emerald crystal, massive 
[4940/7413] monster Tuberkith -> small plant monster, hunched burrowing posture, thick stem body completely caked
[4941/7413] monster Thornheart Guardian -> large humanoid plant construct, thick torso woven from gnarled grey oak branches
[4942/7413] monster Fellforged -> medium-sized humanoid construct formed from jagged interlocking plates of dark w
[4943/7413] magic-item Decanter of Endless Water -> stout ceramic flask, bulbous rounded body tapering to a narrow neck, fitted with
[4944/7413] spell Firewalk -> a dense swirling vortex of crackling crimson and orange flames coiling tightly a
[4945/7413] monster Dire Wolf -> massive quadrupedal canine, heavy muscular build, thick coarse fur colored a mot
[4946/7413] subclass Rifthopper -> a polished silver kite shield bearing an emblazoned heraldic device of a jagged 
[4947/7413] spell Purge Text -> A cascading wave of shimmering amber radiance dissolving intricate runic inscrip
[4948/7413] monster Helashruu -> huge hovering aberration, massive bulbous cephalic core with undulating leathery
[4949/7413] monster Horned Devil -> large humanoid fiend in mid-flight with a powerful muscular physique, dark iron-
[4950/7413] monster Urochar (Strangling Watcher) -> huge towering columnar aberration body composed of a dense mass of intertwined d
[4951/7413] magic-item Wand of the Good Folk, 3 charges -> slender straight wooden stick made from pale apple tree wood, carved surface dec
[4952/7413] monster Minotaur Champion -> huge muscular humanoid body with a massive bull head, thick matted dark brown fu
[4953/7413] monster Flying Snake -> tiny serpentine body, vibrant emerald green and turquoise scales, curved muscula
[4954/7413] spell Acid Rain -> dense cylindrical downpour of thick chartreuse liquid droplets falling rapidly, 
[4955/7413] spell Feather Fall -> a cascade of translucent, downy feathers made of pale silver light and soft azur
[4956/7413] magic-item Book of Eibon -> thick heavy tome, rectangular shape, dimensions fourteen by ten inches, bound in
[4957/7413] spell Scentless -> translucent pale violet vapor clinging tightly to the contours of a touched crea
[4958/7413] monster Barometz -> large rooted plant entity resembling a sturdy upright shrub, thick woody central
[4959/7413] magic-item Rod of Verbatim -> thin straight brass rod, cylindrical shape, metallic yellow surface, entire leng
[4960/7413] monster Spawn of Alquam -> large winged fiend in mid-flight, massive bat-like wings spanning twice its body
[4961/7413] monster Giant Mole Lizard -> massive quadrupedal reptile with a bulky elongated body and short thick legs end
[4962/7413] monster Empusa -> medium monstrosity with a humanoid female upper body and torso, single glowing y
[4963/7413] magic-item Empathy Rod, 3 charges -> polished dark brown wooden pole, cylindrical straight shaft of dense hardwood, s
[4964/7413] monster Greater Rakshasa -> tall humanoid body shape with backward-bending tiger legs ending in sharp claws,
[4965/7413] magic-item Helm of Brilliance -> full-face helm forged from polished steel, studded with twenty-two dazzling gems
[4966/7413] monster Scout -> humanoid medium scout, lean and muscular build, weathered sun-browned skin, shor
[4967/7413] monster Great Wyrm Green Dragon -> gargantuan emerald-green serpentine dragon, immense body covered in overlapping 
[4968/7413] monster Giant, Lantern -> massive aquatic giant with dark waterlogged skin, immense muscular proportions, 
[4969/7413] spell Astral Prison -> an object completely enclosed inside a rigid transparent multi-faceted crystal s
[4970/7413] magic-item Cloak of the Bearfolk -> heavy cloak crafted from thick dark brown bear fur, complete with an attached ta
[4971/7413] monster Feyward Tree -> huge wooden construct formed from ancient tree trunks and twisted branches, mass
[4972/7413] monster Vesiculosa -> gargantuan plant monster, massive bulbous root-like central body covered in thic
[4973/7413] magic-item Lyre of the Sea, 3 charges -> A lyre crafted entirely from branching red coral with a porous stony surface, fe
[4974/7413] spell Illusory Landscape -> shimmering translucent undulating veil of pale green and turquoise energy that w
[4975/7413] magic-item Falconstone, 3 charges -> smooth grey river stone shaped like a heavy fist, carved with precise bas-relief
[4976/7413] spell Shadow Adaptation -> a humanoid silhouette draining into absolute blackness, skin and garments losing
[4977/7413] magic-item Berserker's Kilt (Bear) -> a wrapped wrap-around kilt garment constructed from dense shaggy dark brown bear
[4978/7413] feat Devil's Sight -> a metallic heraldic shield embossed with a stylized pair of glowing amber eyes s
[4979/7413] feat Natural Warrior -> sculpted heraldic shield, rampant crossed steel broadsword and barbed battleaxe,
[4980/7413] monster Felid Dragon -> huge quadrupedal dragon body, sweeping leathery wings spanning a vast distance, 
[4981/7413] spell Battlecry Ballad -> a swirling vortex of golden and crimson musical notes, interlocking brass-colore
[4982/7413] monster Firetamer -> medium humanoid figure with an erect, noble posture, angular facial features, sh
[4983/7413] monster Gremlin, Bilge -> tiny humanoid fey creature, hunched posture, slick waterlogged dark green skin c
[4984/7413] monster Swarm of Poisonous Snakes -> A writhing mass of dozens of slender, interlocked snakes, each serpent featuring
[4985/7413] spell Fiery Blade -> a magical scimitar-shaped blade composed entirely of crackling orange and yellow
[4986/7413] monster Adult Wind Dragon -> huge quadrupedal reptilian dragon in flight with an elongated serpentine body, v
[4987/7413] monster Mavka -> humanoid undead female corpse, pale decaying gray skin stretched tightly over vi
[4988/7413] monster Scheznyki -> small fey creature, slender humanoid body shape, translucent insectoid wings spa
[4989/7413] magic-item Staff of Portals -> heavy weathered wooden quarterstaff, darkened grain with deep vertical fissures,
[4990/7413] magic-item Healthful Honeypot -> terracotta clay honeypot, ten pounds, stout rounded body with a narrow flat base
[4991/7413] magic-item Figurine of Wondrous Power (Coral Shark) -> small statuette sculpted from deep red and white porous coral, carved in the exa
[4992/7413] magic-item Living Stake -> A handcrafted wooden stake carved from dense, fibrous mandrake root, tapered to 
[4993/7413] spell Mind Blank -> a dense spherical barrier of opaque slate gray energy, swirling with concentric 
[4994/7413] spell Arcane Eye -> spherical translucent magical eye, glowing soft blue iris, no pupil, faint wispy
[4995/7413] spell Ghoul King’s Cloak -> a spectral cloak-shaped shroud of roiling violet and sickly green transmutation 
[4996/7413] monster Clockwork Mantis -> large mechanical insectoid construct shaped like a praying mantis, articulated b
[4997/7413] feat Draconic Presence -> a metallic shield emblazoned with a prominent golden dragon head facing forward 
[4998/7413] monster Abbanith Giant -> massive burrowing humanoid giant, broad muscular frame covered in thick crusted 
[4999/7413] spell Monstrous Empathy -> a shimmering thread of pale translucent violet energy shaped like a delicate bot
[5000/7413] monster Goblin Boss -> small humanoid goblin boss, disproportionately large head, oversized pointed ear
[5001/7413] monster Strobing Fungus -> medium plant creature with a thick central stalk, bulbous mottled cap in shades 
[5002/7413] magic-item Zephyr Shield -> circular metal shield with a convex dome, polished steel rim, painted bright sur
[5003/7413] magic-item Phidjetz Spinner -> golden central circular disk, four metal dragon heads protruding symmetrically f
[5004/7413] spell Frostbite -> a sudden violent surge of swirling crystalline blue frost crystals and jagged sh
[5005/7413] monster Dau -> small fey creature, hovering above the ground, slender humanoid torso, delicate 
[5006/7413] monster Deva -> medium humanoid celestial with flawless pale skin, symmetrical athletic proporti
[5007/7413] spell Oakenhide -> a dense humanoid body shape entirely encased in a rigid outer shell of thick, gr
[5008/7413] monster Bukavac -> massive six-legged aquatic monstrosity with a thick scaled dark green reptilian 
[5009/7413] magic-item Periapt of Proof Against Poison -> delicate silver chain, teardrop-shaped metal pendant, smooth polished metallic s
[5010/7413] monster Giant Draco -> massive reptilian quadrupedal body, long muscular tail, four powerful legs endin
[5011/7413] spell Broken Charge -> a violent kinetic disruption manifesting as a jagged fracture line in the air, r
[5012/7413] monster Ice Devil -> giant bipedal insectoid fiend, towering chitinous exoskeleton of pale translucen
[5013/7413] monster Razorleaf -> medium plant creature, humanoid silhouette constructed entirely from overlapping
[5014/7413] monster Shadow Beast -> medium fey creature, hovering humanoid body shape, dense silhouette of solid dar
[5015/7413] feat War Caster -> a rigid leather gauntlet embossed with a prominent raised emblem of a glowing bl
[5016/7413] monster Colláis -> massive quadrupedal monstrosity with a muscular leonine body, thick matted coars
[5017/7413] spell Chain Lightning -> a jagged brilliant blue electric bolt forking into four simultaneous crackling b
[5018/7413] monster Roper -> conical grey rock-like body resembling a stalagmite, broad flat base with thousa
[5019/7413] magic-item Dust of Disappearance -> a small folded paper packet tied with a thin twine string, containing a pile of 
[5020/7413] monster Murmuring Worm -> huge serpentine burrowing aberration, thick segmented earth-caked chitinous hide
[5021/7413] magic-item Ring of Spell Storing -> a heavy circular metal band of polished platinum, thick in profile, its outer su
[5022/7413] spell Freezing Sphere -> a compact, perfectly spherical globe of dense, opaque pale blue frost, measuring
[5023/7413] magic-item Copper Skeleton Key -> ancient tattered copper skeleton key, slender cylindrical shaft, intricately pie
[5024/7413] magic-item Lantern of Auspex -> an elaborate magical lantern constructed of dark forged metal, covered in simple
[5025/7413] monster Unicorn -> magnificent celestial equine quadruped, powerful body covered in pure snow-white
[5026/7413] monster Giant Wolf Spider -> medium beast with a rounded plump abdomen, thick bristly grey and brown fur cove
[5027/7413] spell Detect Hazards -> a swirling ring of pale violet and translucent blue energy pulses outward in a c
[5028/7413] spell Bestial Fury -> translucent crimson aura wrapping tightly around a muscular quadrupedal body, ja
[5029/7413] magic-item Sturdy Scroll Tube -> cylindrical scroll tube crafted from dense tempered steel with a brushed brass f
[5030/7413] monster Liosalfar -> tall humanoid elemental figure composed of blinding golden light, towering muscu
[5031/7413] feat Arcane Recovery -> solid cast bronze heraldic medallion shaped like a closed medieval shield, embos
[5032/7413] spell Seer’s Reaction -> flashes of azure and gold translucent geometric runes erupting in a rapid concen
[5033/7413] monster Lakescourge Lotus -> medium undead aquatic plant creature, bloated humanoid corpse tangled in thick m
[5034/7413] monster Burrowling -> small humanoid body, hunched posture, caked in dry crusty earth and clay clingin
[5035/7413] spell Sinister Flame -> human palms traced with writhing coils of dark purple fire, intricate glowing fl
[5036/7413] spell Fluctuating Alignment -> a swirling sphere of prismatic energy shifting colors constantly from chaotic re
[5037/7413] spell Globe of Invulnerability -> perfectly smooth translucent sphere of magical force, ten feet in diameter, shim
[5038/7413] spell Doom of the Cracked Shield -> a heavy steel combat shield covered in a complex geometric web of deep violet cr
[5039/7413] spell Sleep -> a sprawling cloud of dense indigo vapor and floating lavender dust motes driftin
[5040/7413] monster Bandit Lord -> muscular human male bandit lord of medium build with a scarred and weathered fac
[5041/7413] spell Enhance Greed -> coarse concentric ripples of golden translucent energy shimmering outward in a s
[5042/7413] monster Kobold -> small reptilian humanoid standing three feet tall with slender limbs, scaly skin
[5043/7413] spell Greater Maze -> dense swirling labyrinthine wall of towering shifting force grey stone blocks, i
[5044/7413] magic-item Philter of Luck -> short spherical glass flask with a narrow corked neck, filled with vibrant green
[5045/7413] magic-item Bloodthirsty Warpick -> heavy steel warpick with a curved piercing spike and a blunt rectangular hammer 
[5046/7413] monster Desert Slime -> large amorphous blob of semi-translucent tawny ooze, shifting sandy textures and
[5047/7413] monster Imy-Ut Ushabti -> mummified humanoid figure carved from dark obsidian stone, medium size, slender 
[5048/7413] monster Clay Guardian -> large humanoid construct fashioned from thick packed reddish brown clay, bulky a
[5049/7413] magic-item Wand of Relieved Burdens -> slender carved pale driftwood wand, twelve inches in length, smooth polished sur
[5050/7413] magic-item Whispering Cloak -> cloak crafted from patched black, brown, and white bat pelts sewn together in an
[5051/7413] spell Ice Storm -> a dense vertical cylinder measuring forty feet in height and twenty feet in radi
[5052/7413] monster Orphan of the Black -> small fey humanoid figure, slender emaciated body, ash-grey skin stretched tight
[5053/7413] monster Deep Gnome -> small humanoid with dusty grey skin, slender proportions, bald hairless head, la
[5054/7413] magic-item Jungle Mess Kit -> hinged rectangular metal mess kit container made of brushed gunmetal grey steel 
[5055/7413] magic-item Dawn Shard Rapier -> slender straight steel rapier blade with a pale golden hue, ornate hilt featurin
[5056/7413] magic-item Trident of the Yearning Tide -> a magic trident featuring three barbed prongs forged from iridescent mother-of-p
[5057/7413] spell Beacon of Hope -> a glowing spherical aura of radiant golden light hovering in midair, expanding o
[5058/7413] monster Troll, Rattleback -> massive humanoid giant with hunched posture and long gangly limbs, mottled grayi
[5059/7413] monster Treant -> massive towering bipedal tree monster, rugged gnarled brown bark skin, wide trun
[5060/7413] spell Arachnid's Finesse -> translucent amber web-like energy filaments weaving around feet and legs, glowin
[5061/7413] feat Archery -> a heraldic shield emblazoned with a taut wooden longbow strung with a golden arr
[5062/7413] monster Sasquatch -> massive bipedal humanoid ape covered in dense shaggy dark brown fur, towering ei
[5063/7413] monster Carnivorous Sod -> medium plant creature, compact mound of tangled dark green roots and thick damp 
[5064/7413] spell Wall of Ice -> opaque crystalline ice barrier, massive frozen plane with sharp geometric edges,
[5065/7413] background Acolyte -> a human acolyte wearing simple coarse-woven linen robes of neutral grey and whit
[5066/7413] monster Shroud -> medium undead humanoid silhouette shrouded in billowing tattered dark grey buria
[5067/7413] monster Stirge -> tiny winged beast with a body shaped like a cross between a large bat and an ove
[5068/7413] monster Duelist -> humanoid duelist, medium build, poised in an athletic fencing stance with weight
[5069/7413] spell Reanimation -> swirling tendrils of dark violet and sickly green necromantic energy coiling upw
[5070/7413] monster Qwyllion -> medium humanoid aberration with a gaunt and twisted physique, elongated asymmetr
[5071/7413] spell Nether Weapon -> a metallic melee weapon with its entire surface stained an absolute pitch black,
[5072/7413] spell Sort -> a swirling vortex of geometric force fields, cascading rings of pale blue transl
[5073/7413] spell Blood and Steel -> a swirling vortex of crimson blood droplets mixed with glowing metallic iron fil
[5074/7413] monster Bagiennik -> medium-sized aquatic aberration, bloated humanoid torso covered in slimy moss-gr
[5075/7413] spell Magma Spray -> five-foot-diameter and five-foot-tall cylindrical vertical fountain of churning 
[5076/7413] magic-item Ring of Ursa -> thick carved wooden band of dark burl walnut, deep amber-brown hue with a dense 
[5077/7413] spell Enrage Architecture -> vibrating stone structure, jagged masonry warping outward, glowing crimson runes
[5078/7413] spell Talons of a Hungry Land -> three parallel straight lines of thick flared jagged obsidian spikes erupting ve
[5079/7413] monster Nihilethic Zombie -> rotting humanoid corpse bloated from water immersion, gray decaying skin peeling
[5080/7413] magic-item Gaea's Grasp, 5 charges -> a wristlet of fine woven green vines, flexible organic material, tightly braided
[5081/7413] monster Orc -> medium humanoid with a heavily muscled stooped body, dark grayish green skin, a 
[5082/7413] spell Ray of Life Suppression -> elongated beam of roiling black and ash-grey necrotic energy, thick streaks of d
[5083/7413] spell Detect Poison and Disease -> translucent pale green vapor swirling outward in a concentric ripple pattern acr
[5084/7413] magic-item Vengeful Coat -> stiff knee-length leather coat of blackened charcoal hue, surface charred and bl
[5085/7413] monster Ancient Wasteland Dragon -> gargantuan serpentine dragon in flight, massive tattered leathery wings spanning
[5086/7413] magic-item Bloodfuel Scimitar -> curved single-edged steel blade with a dark crimson tint, porous iron hilt absor
[5087/7413] monster Bastet Temple Cat -> small slender feline monstrosity with sleek ebony fur and intricate gold filigre
[5088/7413] monster Ice Devil -> giant bipedal insectoid fiend, massive chitinous exoskeleton of pale blue and tr
[5089/7413] monster Sahuagin -> medium humanoid piscine creature, scaly dark green skin mottled with pale underb
[5090/7413] spell Simulacrum -> humanoid double sculpted entirely from packed white snow and frozen blue ice, se
[5091/7413] monster Ghost Knight -> medium undead humanoid figure, spectral incorporeal form composed of translucent
[5092/7413] subclass Way of the Tipsy Monkey -> A circular heraldic crest of weathered brass featuring a stylized brass-relief m
[5093/7413] monster Spy -> medium humanoid figure standing in a cautious posture, wearing a dark hooded clo
[5094/7413] magic-item Angry Hornet -> black ammunition piece shaped like a hornet stinger, matte black metallic surfac
[5095/7413] monster Purple Worm -> gargantuan cylindrical segmented body covered in thick purple chitinous plates, 
[5096/7413] monster Clockwork Soldier -> medium humanoid construct built from interlocking brass plates and iron gears, r
[5097/7413] spell Snow Fort -> a circular fortification constructed entirely from tightly packed snow, forming 
[5098/7413] feat Careful Spell -> a metallic heraldic shield bearing a centered engraving of a glowing open eye su
[5099/7413] spell Tree Running -> dense emerald green vines and branching root tendrils coiling tightly around the
[5100/7413] magic-item Boots of the Grandmother -> A pair of high-top knee-length boots fashioned from cracked weathered brown leat
[5101/7413] feat Smite of Protection -> A heavy steel kite shield emblazoned with a bold vertical broadsword flanked by 
[5102/7413] spell Stream of Flame -> a thirty-foot long and five-foot wide narrow linear jet of intense orange and ye
[5103/7413] magic-item Murderous Bombard -> six-inch brass and crystal cylinder, one-inch diameter, polished golden brass bo
[5104/7413] monster Troll -> massive gaunt giant standing nearly nine feet tall with a hunched posture and lo
[5105/7413] monster Equitox -> massive quadrupedal fiendish beast resembling a skeletal equine horse, towering 
[5106/7413] spell Perfect Preservation -> a single melee weapon encased in a thin, rigid sheath of pale silver crystalline
[5107/7413] monster Sathaq Worm -> massive serpentine elemental worm, colossal cylindrical body coated in hardened 
[5108/7413] feat Survivor -> A heavy iron shield emblem forged in the shape of a jagged, unbreakable crest, f
[5109/7413] magic-item Buzzing Handaxe -> handaxe forged from dark iron, curved single-bitted wedge head engraved with jag
[5110/7413] spell Dancing Lights -> four torch-sized hovering spheres of magical illumination, each glowing with a d
[5111/7413] monster Vellso -> medium fiend with a humanoid silhouette, sharp angular facial features, dark cri
[5112/7413] magic-item Snakeskin Boon, 1 charge -> a coiled shed snake skin, translucent golden-brown scales with a papery texture,
[5113/7413] spell Inexorable Summons -> a swirling vortex of indigo and violet spatial distortion, jagged rips in the ai
[5114/7413] spell Doom of Serpent Coils -> swirling dark purple necrotic venom energy erupting outward in a violent spheric
[5115/7413] spell Spiritual Weapon -> floating translucent spectral warhammer composed of condensed pale blue magical 
[5116/7413] spell Divine Favor -> incandescent golden energy wrapping tightly around a steel weapon blade, shiftin
[5117/7413] magic-item Chalice of the Blessed Blood, 3 charges -> a heavy golden chalice with a thick flared base and a bulbous stem, a deep wide 
[5118/7413] monster One-Horned Ogre -> massive hulking humanoid giant, bulky muscular build, thick ash-gray skin covere
[5119/7413] spell Song of Repose -> translucent indigo musical notes and swirling pentagram staves of pale violet li
[5120/7413] spell Power Word Restore -> a wave of bright golden kinetic energy and glowing brass clockwork runes washing
[5121/7413] monster Fellforged -> medium humanoid construct formed from jagged black iron plates and dark stone, a
[5122/7413] feat Additional Fighting Style -> a heraldic shield divided diagonally, featuring a crossed longsword and an arche
[5123/7413] monster Ascetic Grandmaster -> medium humanoid body, muscular posture, bald head, weathered olive skin covered 
[5124/7413] magic-item Ebon Shards -> a cluster of jagged obsidian shards, pitch black with a light-absorbing matte su
[5125/7413] monster Aurora Horribilis -> large hovering aberration, bulbous amorphous central body, sweeping feathered wi
[5126/7413] spell Foolishness -> swirling cloud of pastel pink and neon yellow psychic mist, crackling sparks of 
[5127/7413] spell Charm Monster -> a swirling cloud of hot pink and magenta magic energy shaped like concentric pul
[5128/7413] magic-item Wrathful Vapors -> small, sealed, transparent glass bottle containing a dense, swirling cloud of ro
[5129/7413] spell Mammon’s Due -> a cylindrical vertical shaft fifty feet wide and twenty feet deep gouged into th
[5130/7413] magic-item Mask of the Leaping Gazelle -> painted wooden animal mask shaped like a gazelle head, smooth polished light bro
[5131/7413] magic-item Clockwork Hare -> small mechanical hare figurine sculpted from polished brass and aged bronze, elo
[5132/7413] spell Wind of the Hereafter -> spherical cloud of roiling opaque grey wind thirty feet in radius, violent swirl
[5133/7413] spell Moon Trap -> a ten-foot-square flat geometric glyph inscribed onto a horizontal surface, comp
[5134/7413] spell Contagion -> swirling sickly green and deep purple necrotic energy enveloping a pair of skele
[5135/7413] feat Horde Breaker -> a carved wooden heraldic shield displaying a heavy steel broadsword cleaving hor
[5136/7413] monster Spawn of Chernobog -> large muscular fiendish humanoid body shape, ashen gray skin, towering stature, 
[5137/7413] monster Djinni -> tall well-muscled humanoid male djinni with rich blue skin and intense dark eyes
[5138/7413] spell Spider Climb -> A translucent indigo magical aura wrapping tightly around the hands and feet of 
[5139/7413] monster Grim Jester -> emaciated humanoid skeletal corpse, medium-sized, tightly stretched greyish skin
[5140/7413] spell Barkskin -> humanoid skin transformed into thick weathered oak bark with deep vertical fissu
[5141/7413] monster Young Silver Dragon -> large quadrupedal reptilian dragon body, covered in metallic silver scales, long
[5142/7413] monster Stargazer -> huge burrowing monstrosity, massive bulk covered in thick soil and rocky crust, 
[5143/7413] subclass Wastelander -> a metal heraldic shield emblazoned with a cracked sun symbol overlaid with a cro
[5144/7413] magic-item Rod of Rulership -> smooth cylindrical rod of dark polished iron, heavy metal shaft wrapped in braid
[5145/7413] spell Wizard's Haven -> a hemispherical dome of dense translucent violet force energy, five feet in diam
[5146/7413] magic-item Cephalopod Breastplate -> curved bronze breastplate, polished metallic amber surface, central embossed hig
[5147/7413] magic-item Agile Breastplate -> form-fitting metal breastplate forged from dark brushed steel with a slender cur
[5148/7413] magic-item Bloodfuel Battleaxe -> massive heavy-bladed battleaxe, forged from dark charred iron mottled with dried
[5149/7413] magic-item Relocation Cable -> sixty-foot length of fine silvery-grey metallic wire cable, two pounds weight, e
[5150/7413] monster Adult Green Dragon -> massive quadrupedal reptilian dragon with emerald green scales, a long serpentin
[5151/7413] spell Star's Heart -> a dense sphere of swirling midnight-blue energy pulsing with tiny white pinprick
[5152/7413] monster Rat, Swarm of Rats -> a seething multitude of dozens of medium-sized brown and gray aquatic rats with 
[5153/7413] monster Mirage Monster -> huge quadrupedal monstrosity, shifting translucent body with illusory scales, fl
[5154/7413] monster Gargoyle -> grotesque elemental earth creature resembling a carved stone statue, rough grey 
[5155/7413] monster Gaki -> emaciated humanoid undead with ash-gray skin drawn tightly over visible ribs and
[5156/7413] spell Passage -> a vertical rectangular opening in a solid stone wall, crisp smooth-cut perimeter
[5157/7413] monster Drake, Cactus -> medium quadrupedal reptilian dragon with a thick leathery hide of mottled green 
[5158/7413] magic-item Revenant's Shawl -> a tattered shawl crafted from overlapping black raven feathers bound tightly tog
[5159/7413] spell Rot -> swirling cloud of dense ashen smoke and microscopic black particles, crackling w
[5160/7413] species Derro -> short dwarfkin humanoid, stunted and emaciated build, grayish-white skin with a 
[5161/7413] monster Harpy, Plague -> medium monstrosity with a humanoid female torso and upper body fused with the fe
[5162/7413] magic-item Mordant Battleaxe -> a heavy battleaxe with a dark pitted iron haft wrapped in waterlogged leather, a
[5163/7413] monster Temple Dog -> medium muscular quadrupedal celestial canine, thick golden-orange fur, broad che
[5164/7413] magic-item Mantle of Blood Vengeance -> deep crimson silk cloak, ankle-length, high stiff collar lined with jagged black
[5165/7413] spell Going in Circles -> a vast circular zone of magical illusion energy, a dense interlocking vortex of 
[5166/7413] spell Targeting Foreknowledge -> translucent golden energy coiling around the user hands and weapon, faint shimme
[5167/7413] magic-item Eyes of the Outer Dark -> two small circular ophthalmic lenses, crafted from solid opaque black stone with
[5168/7413] spell Maw of Needles -> a dense horizontal arc of metallic silver needle-like fangs protruding outward f
[5169/7413] monster Bearmit Crab -> large monstrous crustacean body with a dark brown chitinous carapace, thick pinc
[5170/7413] monster Raven, Swarm of Ravens -> a dense swirling mass of dozens of small avian creatures in midair, each raven p
[5171/7413] spell Spike Growth -> ground covered in a dense carpet of thick thorny brush and elongated rigid stone
[5172/7413] spell Circle of Wind -> A towering hollow vertical cylinder composed of rushing translucent air currents
[5173/7413] magic-item Bird Bomb, 1 charge -> fragile avian egg with an off-white calcareous shell, pale yellow surface mottli
[5174/7413] monster Wyrmling Wind Dragon -> medium serpentine dragon in flight with a sleek muscular body, covered in pale s
[5175/7413] spell Earth Barrier -> solid cylindrical pillar of weathered gray granite, three feet in diameter and t
[5176/7413] background Mercenary Company Scion -> a young human mercenary company scion standing at parade rest with a confident p
[5177/7413] monster Putrid Haunt -> medium undead humanoid corpse with rotting grey flesh peeling from exposed ribca
[5178/7413] magic-item Vessel of Deadly Venoms -> small ceramic jug weighing five pounds, bulbous body tapering to a narrow neck w
[5179/7413] spell Sway Will -> a pale translucent wave of hypnotic teal energy ripple through the air in a hori
[5180/7413] monster Desert Giant -> huge humanoid giant, towering height, lean muscular build, weathered sun-baked s
[5181/7413] spell Burning Hands -> a thin spreading sheet of roaring yellow and orange flames with swirling tendril
[5182/7413] monster Imperial Dragon Wyrmling -> medium-sized draconic wyrmling in flight with an elongated, sinuous serpentine b
[5183/7413] feat Mobile -> A heraldic shield emblem depicting a winged leather running boot with two forwar
[5184/7413] spell Frost Shuriken -> a flat circular disc of jagged semi-transparent blue ice, eight sharp curved bla
[5185/7413] magic-item Gorgon Scale -> a single heavy plate armor crafted from overlapping metallic iron scales display
[5186/7413] monster Cave Drake -> large serpentine quadrupedal dragon with rough ashen grey scales, a long muscula
[5187/7413] magic-item Wand of Web -> slender wooden wand, dark gray rough-hewn bark surface, intricate web-patterned 
[5188/7413] feat Ability Score Improvement -> a solid metal heraldic shield embossed with a central double-headed anvil flanke
[5189/7413] monster Keg Golem -> medium construct formed from a sturdy wooden barrel bound with iron hoops, stand
[5190/7413] magic-item Chime of Opening -> a hollow cylindrical metal tube of polished brass, fifteen inches in length and 
[5191/7413] feat Fiendish Resilience — Psychic -> a metallic heraldic shield bearing a centered stylized emblem of a human brain f
[5192/7413] monster Pact Vampire -> tall slender humanoid undead with ashen skin pulled taut over sharp skeletal fea
[5193/7413] spell Color Spray -> a sudden 15-foot cone of blinding illumination, a dense overlapping torrent of v
[5194/7413] monster Urochar -> massive towering humanoid aberration, immense bulk, mottled bruised-purple flesh
[5195/7413] monster Vapor Lynx -> large quadrupedal feline monstrosity, dense cloud of roiling pale grey vapor in 
[5196/7413] spell Acid Splash -> a translucent spherical bubble of pale yellow-green acid, turbulent swirling liq
[5197/7413] spell Exsanguinate -> crimson necromantic energy violently coalescing around a living creature, thick 
[5198/7413] monster Piasa -> massive dragon with emerald green scales, powerful leather wings spanning wide, 
[5199/7413] spell Dimension Door -> A vertical tearing in space-time forming a jagged oval aperture five feet high a
[5200/7413] monster Howler Of The Hill -> large quadrupedal aberration with a gaunt hound-like body, stretched taut grayis
[5201/7413] monster Arcane Scavenger -> large winged construct in flight, angular metallic chassis, segmented articulate
[5202/7413] magic-item Three-Section Boots -> pair of knee-high leather boots constructed from three articulated segments join
[5203/7413] magic-item Vestments of the Bleak Shinobi -> padded black shinobi shozoku armor consisting of a dark grey quilted tunic, over
[5204/7413] magic-item Amulet of Proof against Detection and Location -> A small round pendant crafted from dull leaden metal, an unpolished surface devo
[5205/7413] spell Legion of Rabid Squirrels -> a surging dense swarm of hundreds of frantic brown squirrels with bristling tail
[5206/7413] spell Gentle Repose -> a translucent shroud of pale blue and silver frost, swirling in slow frozen curr
[5207/7413] spell Ethereal Stairs -> translucent spectral staircase suspended in midair, composed of solid geometric 
[5208/7413] magic-item Hair Pick of Protection -> a decorative hair pick, curved rectangular spine of polished dark tortoiseshell 
[5209/7413] spell Bound -> vibrant violet magical energy wrapped tightly around a pair of humanoid legs, th
[5210/7413] monster Hippogriff -> large winged monstrosity with the head and forelimbs of an eagle featuring a hoo
[5211/7413] monster Vengeful Ghost -> medium undead humanoid figure hovering in flight, elongated skeletal frame drape
[5212/7413] magic-item Chain Shirt of Warding (+3) -> interlocking steel rings forming a long-sleeved chain shirt, polished iron links
[5213/7413] monster Young Void Dragon -> Large quadrupedal draconian body, deep purple scales interspersed with jagged ob
[5214/7413] magic-item Unseelie Staff -> twisted staff crafted from dense black ebony wood, slender straight cylindrical 
[5215/7413] monster Bastet Temple Cat -> small slender feline monstrosity, sleek midnight black fur, piercing golden feli
[5216/7413] magic-item Encouraging Splint -> set of heavy splint armor forged from polished steel plates riveted over vertica
[5217/7413] magic-item Staff of Healing -> A slender wooden quarterstaff fashioned from pale white ash wood, smooth polishe
[5218/7413] spell Wield Soul -> ethereal translucent bluish-white spectral tendrils extending from a fallen body
[5219/7413] monster Bonepowder Ghoul -> emaciated small humanoid corpse, rotting gray skin stretched tight over a protru
[5220/7413] spell Raise Spirit -> translucent spectral humanoid silhouette composed of pale grey swirling mist and
[5221/7413] magic-item Primal Doom of Anguish -> A small round glass globe holding churning murky liquid and dense black smoke, s
[5222/7413] monster Mavka -> medium undead female humanoid figure, pale grayish skin stretched taut over a vi
[5223/7413] monster Basilisk -> heavy squat eight-legged reptilian body with thick scaly hide, dull brown and gr
[5224/7413] monster Infiltrator -> medium humanoid entity with a shifting gelatinous exterior that mimics the textu
[5225/7413] feat Sacred Weapon -> a heraldic steel shield emblazoned with a gleaming gold sunburst at the center, 
[5226/7413] subclass College of Investigation -> A heraldic escutcheon divided per pale into deep indigo and parchment white, fea
[5227/7413] spell Vitriolic Sphere -> one-foot-diameter spherical mass of glowing emerald-green liquid acid, transluce
[5228/7413] spell Feeblemind -> a swirling tempest of dark indigo psychic energy erupting in a violent chaotic v
[5229/7413] monster Hellhound -> muscular canine quadruped the size of a large mastiff, dark reddish-brown hide r
[5230/7413] spell Mark Prey -> faint golden illumination tracing the exact silhouette of a creature, a thin con
[5231/7413] monster Drowned Maiden -> medium undead humanoid corpse, bloated and waterlogged grayish-blue flesh, long 
[5232/7413] spell Energy Absorption -> A shifting spherical shell of dense kinetic force tightly encasing a target, com
[5233/7413] feat Fiendish Resilience — Poison -> a heraldic escutcheon divided per pale into sharp jagged obsidian and deep viole
[5234/7413] spell Torrent of Fire -> massive sixty-foot horizontal cone of roaring bright crimson and orange flames e
[5235/7413] feat Charger -> a brass heraldic shield bearing a centered raised emblem of a charging warhorse 
[5236/7413] magic-item Wand of Windows -> slender cylindrical crystal wand, perfectly transparent and colorless, smooth co
[5237/7413] spell Arcanist's Magic Aura -> a faint, shimmering translucent sphere of overlapping geometric runic patterns s
[5238/7413] spell Animate Dead -> a reanimated human corpse in a state of advanced decay, gray-green mottled skin 
[5239/7413] spell Confound Senses -> swirling iridescent mirage haze, shifting chromatic illusion waves, warping geom
[5240/7413] spell Compelling Fate -> dense constellation of pale golden astral light forming a shifting wireframe sil
[5241/7413] magic-item Wand of the War Mage, +2 -> slender tapering wooden wand of dark polished ebony wood, intricate silver runes
[5242/7413] monster Drake, Venom -> large quadrupedal reptilian dragon with a heavily armored body covered in overla
[5243/7413] monster The Flesh -> medium aquatic aberration with a shapeless gelatinous mass of pulsating wet musc
[5244/7413] magic-item Golden Apple of the Gods, 1 use -> a perfectly spherical small apple cast from polished yellow gold, featuring a sm
[5245/7413] magic-item Staff of the Magi -> thick cylindrical quarterstaff made of dark polished hardwood, shod in heavy ban
[5246/7413] monster Troll -> haggard giant humanoid standing nine feet tall with a hunched posture and gangly
[5247/7413] monster Obsidian Ophidian -> huge serpentine elemental crafted from jagged shards of black volcanic glass, se
[5248/7413] subspecies Half-Orc -> towering half-orc standing six and a half feet tall with a heavy muscular build,
[5249/7413] monster Shambling Mound -> huge animated heap of decaying leaves, tangled vines, thick matted roots, and da
[5250/7413] monster Fragrite -> medium elemental creature composed of jagged rock and earthen fragments, humanoi
[5251/7413] magic-item Leaf-Bladed Greatsword -> a two-handed greatsword with a thin, sharply curved steel blade, a wide bell gua
[5252/7413] spell Shatter -> a spherical shockwave of violently vibrating translucent blue air, concentric ri
[5253/7413] monster Jackal -> small slender canine beast, sandy-brown fur mottled with dark grey and black pat
[5254/7413] spell Augury -> a swirling vortex of indigo and golden mists forming shifting celestial patterns
[5255/7413] monster Stout Halfling Guard -> short stocky humanoid standing three feet tall, round protruding belly, wide sho
[5256/7413] spell Seeming -> vague undulating shroud of translucent shifting mist, overlapping illusory forms
[5257/7413] background Urchin -> young human teenager with a gaunt frame and watchful demeanor, tangled matted br
[5258/7413] monster Frostveil -> medium plant creature in flight, pale blue and white frosted coloration, humanoi
[5259/7413] monster Young Earth Dragon -> massive quadrupedal reptilian body, thick muscular frame covered in heavy jagged
[5260/7413] magic-item Ring of Elemental Command -> a heavy band of dark forged iron set with a large raw multifaceted diamond that 
[5261/7413] monster Krake Spawn -> huge monstrous aquatic creature with a massive bulbous cephalopod body, slick da
[5262/7413] monster Zombie Knight -> medium humanoid corpse in battered plate armor, decayed grey flesh visible throu
[5263/7413] spell Conjure Fey Hound -> ethereal hound composed of midnight blue shadows and faint starlight, semi-trans
[5264/7413] monster Astral Devourer -> medium hovering aberrant humanoid, gaunt skeletal body frame, ash-gray wrinkled 
[5265/7413] monster Mari Lwyd -> large skeletal horse standing upright on two hind legs, real horse skull with hi
[5266/7413] magic-item Chillblain Half Plate -> set of half plate armor forged from overlapping blue steel plates with a frosted
[5267/7413] monster Tzepharion -> massive humanoid fiend with a muscular frame, thick ash-gray skin, jagged obsidi
[5268/7413] spell Contact Other Plane -> swirling vortex of obsidian energy and violet lightning stretching across the vo
[5269/7413] magic-item Clockwork Pendant -> brass pocket watch housing intricately layered miniature steel gears visible thr
[5270/7413] monster Dinosaur, Razorfeather Raptor -> bipedal medium dinosaur with a lean predatory body shape, dense overlapping plum
[5271/7413] magic-item Mithral Armor -> flexible interlocking metallic links of polished silvery mithral, lightweight fi
[5272/7413] magic-item Glazed Scimitar -> single-edged curved scimitar with a polished steel blade, deep emerald green cer
[5273/7413] monster Valkruung -> tiny monstrosity with a compact humanoid body, leathery gray skin, hunched postu
[5274/7413] monster Devil, Infernal Tutor -> medium humanoid fiend with ashen grey skin stretched taut over a skeletal frame,
[5275/7413] monster Sand Hag -> emaciated humanoid female monstrosity, medium height, hunched posture, desiccate
[5276/7413] magic-item Rod of Sacrificial Blessing -> a slender silvery metal rod, set with faceted crimson rubies embedded into both 
[5277/7413] magic-item Captain's Flag -> rectangular velvet flag, crimson red and stark white vertical stripes, large emb
[5278/7413] monster Behir Magus -> huge serpentine monstrosity with a massive cobalt blue scaly body, long tapering
[5279/7413] feat Skillful -> an ornate heraldic shield bearing a centered golden emblem of a crossed longswor
[5280/7413] monster Chaos Raptor -> gargantuan avian monstrosity, massive feathered body covered in dried mud and em
[5281/7413] spell Repulsing Wall -> translucent vertical barrier of dense blue-white magical light, shimmering linea
[5282/7413] magic-item Master Angler's Tackle -> a well-worn handcrafted wooden tackle box with brass hinges and a weathered leat
[5283/7413] subclass Way of Shadowdancing -> a heraldic shield featuring a silver crescent moon and a dagger crossed with a b
[5284/7413] spell Dancing Lights -> four distinct hovering spherical lights glowing in bright magical colors, each s
[5285/7413] monster Shadow Beast -> medium quadrapedal fey creature, sleek silhouette formed entirely of shifting da
[5286/7413] monster Dissimortuum -> medium undead humanoid creature composed entirely of fused skeletal remains and 
[5287/7413] magic-item Scale Mail of Warding (+2) -> a suit of metallic scale mail armor forged from dark blackened steel plates, eac
[5288/7413] spell Arcane Wall -> flat vertical plane of shimmering translucent blue force energy, two inches thic
[5289/7413] spell Hempen Hoop -> a coiled length of woven hempen rope levitating and unfurling midair, twisting c
[5290/7413] magic-item Smoking Plate of Heithmir -> soot-colored full plate armor forged from heavy dark iron plates, sculpted grim 
[5291/7413] monster Adult Black Dragon Lich -> huge skeletal draconic corpse with decaying charcoal-black flesh stretched tight
[5292/7413] monster Swarm, Vampire Blossom -> a large airborne swarm of carnivorous plants, consisting of dozens of individual
[5293/7413] spell Cloak of Shadow -> swirling vortex of inky black darkness and opaque charcoal vapors taking the for
[5294/7413] spell Murky Bubble -> a twenty-foot radius sphere of supernatural shadow, an inky black spherical boun
[5295/7413] magic-item Ring of the Frog -> tarnished copper band with a wide circular profile, set with a carved pale green
[5296/7413] magic-item Staff of Camazotz -> long staff crafted from dark brown petrified wood with a rough bark texture, top
[5297/7413] monster Bugbear Warrior -> hulking humanoid figure standing seven feet tall with broad muscular shoulders, 
[5298/7413] monster Wyvern -> massive serpentine dragon-like body covered in dark green scales, two powerful s
[5299/7413] monster Pyrrhic Podthrower -> small burrowing plant creature, rounded central stem encrusted with dried earth 
[5300/7413] spell Demiplane -> an opaque two-dimensional rectangular silhouette of absolute darkness outlined b
[5301/7413] spell Sculpt Snow -> swirling mass of white snow lifting from the ground into the air, transforming i
[5302/7413] spell Manic Fury -> turbulent aura of jagged crimson and violent violet energy waves surging violent
[5303/7413] magic-item Toymaker’s Key -> a small hand-carved wooden key with a circular bow and an intricate square bit, 
[5304/7413] magic-item Demon Armor -> full suit of heavy plate armor forged from dark blackened iron, angular jagged p
[5305/7413] spell Locate Animals or Plants -> translucent shimmering wave of emerald green and golden yellow energy expanding 
[5306/7413] monster Ancient Gold Dragon -> gargantuan quadrupedal dragon with massive feathered wings spanning hundreds of 
[5307/7413] monster Stryx -> tiny monstrosity in midair flight, diminutive avian humanoid body shape, fine do
[5308/7413] monster Zmey -> massive three-headed dragon in flight with a vast serpentine body, dark green sc
[5309/7413] species Orc -> tall muscular humanoid male with a heavy stooped posture, dark gray skin, coarse
[5310/7413] spell Conjure Elemental -> a ten-foot cubic volume of swirling elemental matter coalescing into a shifting 
[5311/7413] monster Owl -> tiny avian beast in mid-flight with a compact round body covered in dense soft b
[5312/7413] spell Aid -> vibrant golden divine light cascading downward in a dense column of shimmering e
[5313/7413] monster Gelatinous Ooze -> translucent rectangular cube of pale, gelatinous mass, ten feet on each side, pe
[5314/7413] spell Paragon of Chaos -> humanoid-shaped silhouette composed of a dense, constantly shifting vortex of ch
[5315/7413] spell Addle Brain -> pulsing violet fog coalescing into thick tendrils wrapping around a distorted hu
[5316/7413] monster Loxoda -> massive humanoid behemoth with grey wrinkled skin, thick muscular build, broad s
[5317/7413] monster Hierophant Lich -> emaciated humanoid skeletal frame, parchment-yellow taut skin stretched tightly 
[5318/7413] spell Guidance -> swirling constellation of pale golden starlight, tiny shimmering stellar motes g
[5319/7413] monster Dwarf, Angler -> medium humanoid dwarf body shape, thick-boned muscular torso, broad shoulders, s
[5320/7413] monster Frost Mole -> small quadrupedal burrowing beast with a cylindrical thick-skinned body, dense p
[5321/7413] feat Bard Spellcasting -> a polished golden heraldic heater shield bearing a raised relief of a curved woo
[5322/7413] spell Burst Stone -> a localized ground explosion of shattered stone fragments erupting violently upw
[5323/7413] monster Triceratops -> massive quadrupedal reptilian body with thick drab gray skin covered in leathery
[5324/7413] monster Mimic -> An amorphous carnivorous aberration currently mimicking a wooden chest with dark
[5325/7413] spell Divination -> An intricate floating array of geometric constellation lines and golden geometri
[5326/7413] background Acolyte -> young human acolyte standing in a contemplative posture with head slightly bowed
[5327/7413] monster Heavy Cavalry -> humanoid knight in heavy steel plate armor covering the entire body from head to
[5328/7413] magic-item Bloodfuel Whip -> a magical whip with a braided leather handle, a pommel shaped like a flared bras
[5329/7413] monster Pact Drake -> small quadrupedal dragon with an elongated serpentine body, fine emerald green s
[5330/7413] magic-item Grave Ward Half Plate -> set of half-plate armor fashioned from polished dark steel plates edged in gleam
[5331/7413] magic-item Gossip Box, 1 charge -> small square wooden box, aged dark mahogany wood panels, brass hand crank protru
[5332/7413] monster Rift Swine -> large quadrupedal aberration with a bulky, heavy-set body shape, thick leathery 
[5333/7413] monster King Kobold -> small reptilian humanoid, muscular and stocky build, scaly skin colored in deep 
[5334/7413] monster Bulbous Violet -> Medium plant creature shaped like an upright bulbous gourd, smooth leathery skin
[5335/7413] magic-item Bloodprice Plate -> full suit of heavy plate armor crafted from blackened iron with crimson red enam
[5336/7413] monster Lambent Witchfyre -> large undulating aberration body, twisting amorphous mass of pale translucent fl
[5337/7413] feat Overchannel -> a circular brass heraldic shield bearing a raised metallic emblem of a jagged cr
[5338/7413] monster Priest -> medium human male priest standing upright with an erect posture, solemn lined fa
[5339/7413] species Gnome -> a tiny human-like humanoid averaging slightly over three feet tall and weighing 
[5340/7413] monster Specter -> medium humanoid undead entity in flight with a translucent wispy form, tattered 
[5341/7413] monster Panther -> medium muscular feline beast, sleek short black fur covering the entire body, lo
[5342/7413] spell Ray of Frost -> a straight, rigid beam of glowing blue-white energy and crystalline frost partic
[5343/7413] spell Befuddlement -> a swirling vortex of jagged, shifting chromatic geometric planes and crackling v
[5344/7413] magic-item Bloodfuel Crossbow Heavy -> heavy steel crossbow, dark blood-red stained wood stock, brass reinforcement pla
[5345/7413] spell Meteor Swarm -> four massive blazing spherical orbs of roaring fire plummeting downward through 
[5346/7413] magic-item Padded Armor of Warding (+2) -> fitted dark brown quilted cloth doublet, thick quilted fabric layers stitched in
[5347/7413] spell Feed the Worms -> necrotic black worms writhing upward from the ground in a dense swarm, sickly pu
[5348/7413] magic-item Figurine of Wondrous Power (Amber Bee) -> A small handheld statuette carved entirely from translucent golden amber, sculpt
[5349/7413] spell Secret Chest -> a heavy rectangular wooden storage chest bound in dark iron corner brackets and 
[5350/7413] monster Gnarljak -> small animate construct carved from dark weathered wood and rusted iron plates, 
[5351/7413] monster Star-Nosed Diopsid -> large insectoid aberration with a segmented chitinous exoskeleton caked in dry e
[5352/7413] monster Young Blue Dragon -> large quadrupedal reptilian body, scales of azure and indigo shades, massive lea
[5353/7413] spell Petrify -> dense pale grey mineral crust rapidly spreading across a dynamic target form, ja
[5354/7413] spell Charming Aesthetics -> a soft pastel pink and golden aura radiating outward in undulating wave patterns
[5355/7413] monster Kezai -> medium-sized monstrosity in mid-flight with a humanoid upper torso and a sleek a
[5356/7413] monster Drake, Bakery -> small quadrupedal reptilian dragon with a plump dough-like body, cinnamon-brown 
[5357/7413] monster Boggart -> squat humanoid shape, small stature, leathery gray-green skin stretched tight ov
[5358/7413] spell Spin -> swirling vortex of translucent indigo energy bands, revolving rapidly in a tight
[5359/7413] feat Circle Spells -> a circular heraldic shield bearing the emblem of a five-pointed star surrounded 
[5360/7413] spell Conjure Greater Spectral Dead -> a translucent spectral wraith formed of billowing pale grey mist and vapor, poss
[5361/7413] monster Succubus -> slender female fiend of medium stature, smooth pale lavender skin, arched postur
[5362/7413] monster Garroter Crab -> tiny crustacean body, rounded mottled green and brown chitinous shell, two large
[5363/7413] monster Derro, Voidwarped -> small humanoid body, pale chalk-white skin, hunched posture, large bat-like wing
[5364/7413] magic-item Troll Skin Leather -> a tanned suit of armor crafted from thick, warty hide, mottled olive-green and a
[5365/7413] monster Bathhouse Drake -> medium dragon in flight, long serpentine body covered in smooth pale blue scales
[5366/7413] subspecies Favored -> humanoid person, medium stature, athletic build, smooth amber skin, straight sho
[5367/7413] magic-item Portable Hole -> six-foot-diameter circular piece of fine black silk cloth, completely flat and o
[5368/7413] spell Jotun's Jest -> a massive warhammer scaled to gargantuan size, swelling exponentially through vi
[5369/7413] spell Spellsaw -> a whirling bladed weapon emerging from a human chest, spinning circular saw blad
[5370/7413] monster Cauldronborn -> small humanoid construct formed from dark forged iron plates riveted together in
[5371/7413] monster Tyrannosaurus Rex -> huge bipedal reptilian apex predator, massive muscular torso balanced by a long 
[5372/7413] monster Fire Elemental -> large raging humanoid shape composed entirely of wild moving flames and swirling
[5373/7413] spell Soul of the Machine -> a localized, kinetic sphere of dense clockwork energy, composed of concentric ri
[5374/7413] spell Detect Evil and Good -> shimmering translucent auroral ribbons of pale violet and silver energy unfurlin
[5375/7413] monster Ink Devil -> small hunched humanoid fiend, ink-black skin, glowing pale yellow eyes, elongate
[5376/7413] magic-item Plate Armor of Etherealness -> full suit of heavy steel plate armor, polished silver-grey metal surface, articu
[5377/7413] spell Instant Snare -> translucent circular band of turquoise magical energy hovering flat on the groun
[5378/7413] magic-item Lightning Rod -> straight slender shaft made of charred black wood from a lightning struck tree, 
[5379/7413] spell Forbiddance -> a shimmering barrier of translucent golden energy forming a massive rectangular 
[5380/7413] spell Firey Missile -> a single glowing arrow composed entirely of roiling orange and scarlet flames wi
[5381/7413] spell Mage Hand -> translucent spectral human hand composed of pale blue conjuration energy with fi
[5382/7413] monster Owl -> tiny avian beast in mid-flight with rounded body shape, dense layer of mottled b
[5383/7413] monster Hebi-Doku -> medium fey humanoid serpent hybrid, slender muscular torso with scaly skin in da
[5384/7413] monster Adult Earth Dragon -> massive quadrupedal draconian body, jagged obsidian scales thickly coated in dry
[5385/7413] monster Basilisk -> stocky eight-legged reptilian quadruped, heavy reptilian body covered in thick d
[5386/7413] monster Mordant Snare -> gargantuan burrowing aberration with a massive segmented serpentine body caked i
[5387/7413] spell Bloom -> a massive sphere of emerald green botanical energy expanding outward through the
[5388/7413] feat Greater Divine Intervention -> a gilded medieval heraldic shield bearing a centered glowing golden heraldic sun
[5389/7413] monster Preta -> emaciated undead humanoid body, medium size, parchment-pale taut skin stretched 
[5390/7413] monster Dust Mephit -> small animated elemental humanoid creature composed of dry swirling gray dust an
[5391/7413] spell Reanimation, Greater -> a swirling vortex of pitch-black smoke and sickly violet lightning erupting from
[5392/7413] monster Gynosphinx -> large winged monstrosity with the regal head of a human female, tawny leonine bo
[5393/7413] monster Rattok -> small aquatic fiend, humanoid torso with finned webbed digits, scaly greenish-bl
[5394/7413] spell Signal -> a streak of bright orange magical energy erupts upward into a tight vertical arc
[5395/7413] monster Dhampir -> medium humanoid figure, gaunt athletic build, pale ashen skin with a faint cold 
[5396/7413] monster Gloomflower -> tiny carnivorous plant with a thick central stem rooted in soil, pale sickly gre
[5397/7413] monster Giant Aquatic Spider -> massive aquatic spider with a bulbous dark blue cephalothorax, eight long segmen
[5398/7413] species Shade -> slender human-shaped people of average height, charcoal-black skin with the text
[5399/7413] magic-item Wolfbite Ring -> heavy iron ring, dark gunmetal grey color, thick rough-textured metal band, styl
[5400/7413] spell Misdirection -> shimmering translucent duplicate composed of swirling silver light particles hov
[5401/7413] magic-item Belt of Giant Strength (Hill) -> thick wide band of coarse reddish-brown hide from a giant beast, heavy rectangul
[5402/7413] magic-item Cloak of Wicked Wings -> long black cloak, sewn from numerous overlapping triangular scraps of dark fabri
[5403/7413] monster Giant, Thursir Hearth Priestess -> massive hulking female giant, towering humanoid body shape with thick muscular p
[5404/7413] monster Rubezahl -> muscular humanoid fiend of medium stature, jagged obsidian horns curling backwar
[5405/7413] spell Conjure Beast Pack -> A pack of eight identical small woodland beasts sculpted entirely from swirling 
[5406/7413] magic-item Ghoulbane Rod -> tarnished metal rod, spherical head decorated with engraved arcane glyphs, haft 
[5407/7413] magic-item Breaker Lance -> a magical lance crafted from dark gunmetal steel, featuring a thick and heavily 
[5408/7413] spell Fault Line -> a jagged linear fracture in the earth, a 5-foot-wide and 60-foot-long trench of 
[5409/7413] monster Aridni -> tiny humanoid fey creature, small delicate translucent insectoid wings spanning 
[5410/7413] spell Phantasmal Force -> a ten-foot cube of shimmering translucent magenta energy shifting into the intri
[5411/7413] magic-item Goblin Shield -> medium-sized rectangular wooden shield covered in scarred green hide, face domin
[5412/7413] spell Douse Light -> a swirling sphere of absolute darkness, a rushing wave of charcoal-gray shadow e
[5413/7413] feat Part of the Pack -> an intricate heraldic emblem shield cast in dark iron featuring three distinct w
[5414/7413] magic-item Craven's Heart -> shriveled humanoid heart, desiccated dark brown leathery muscle tissue, wrinkled
[5415/7413] spell Prismatic Ray -> narrow, straight beam of shifting, brilliant chromatic energy, pulsing continuou
[5416/7413] monster Lich -> gaunt skeletal humanoid with withered grayish flesh stretched tight across visib
[5417/7413] monster Swarm of Bats -> mass of hundreds of small, leathery flying mammals packed tightly together in mi
[5418/7413] monster Abominable Beauty -> medium humanoid fey creature with slender proportions and an eerie posture, pale
[5419/7413] monster Armory Golem -> massive humanoid construct formed entirely from interlocking steel plate armor, 
[5420/7413] monster Planetar -> towering humanoid celestial with flawless amber skin, towering stature, serene e
[5421/7413] spell Instant Siege Weapon -> swirling vortex of raw wooden lumber and heavy iron plates rapidly shifting and 
[5422/7413] monster Insect, Giant Centipede -> low-slung segmented vermiform body, chitinous rust-red exoskeleton with dark cha
[5423/7413] spell Calm Beasts -> spherical dome of soft pastel blue and warm golden light, swirling misty pattern
[5424/7413] magic-item Bloodfuel Spear -> long spear composed of dark iron fused with dried, petrified blood, the slender 
[5425/7413] spell Inflict Disease -> a swirling cluster of dark violet and sickly green necrotic energy shaped like a
[5426/7413] magic-item Devourer, 1 charge -> small perfectly spherical solid black obsidian bead, matte surface finish, compl
[5427/7413] subspecies Bronze Dragonborn -> bipedal humanoid dragonkin, tall and muscular stature, thick scales in metallic 
[5428/7413] monster Umbral Vampire -> hovering medium fiend with a gaunt humanoid body shape, ashen gray skin drawn ti
[5429/7413] magic-item Bloodthirsty Crossbow Heavy -> heavy steel crossbow with a dark matte finish, long branching fluid channels car
[5430/7413] spell Lay to Rest -> expanding burst of searing pale golden light, radiating outward in a expanding s
[5431/7413] monster Lion -> large muscular quadrupedal feline body, tawny gold fur, pale underbelly, long ta
[5432/7413] magic-item Luring Perfume -> small glass vial with a thick rounded base and a tapered neck, sealed with a dar
[5433/7413] monster Bearfolk Thunderstomper -> bipedal bearfolk humanoid of medium height, heavily muscled and broad-shouldered
[5434/7413] monster Forest Falcon -> medium avian beast in flight, hooked black beak, sharp golden talons, rounded em
[5435/7413] magic-item Folding Boat -> a small rectangular wooden box, twelve inches in length, constructed from dark p
[5436/7413] magic-item Staff of Winter and Ice -> long slender staff made of pure white pine wood, topped with a large ornately fa
[5437/7413] subclass Evoker -> a heraldic shield emblazoned with a clenched human fist surrounded by jagged bur
[5438/7413] monster Devilbound Gnome -> small humanoid devilbound gnome, compact stout build, ashen grey skin etched wit
[5439/7413] spell Shadow Trove -> two foot square flat portal floating in midair, rigid squared border of matte bl
[5440/7413] subclass Path of the Dragon -> a heraldic shield-shaped metal emblem forged in the likeness of a roaring dragon
[5441/7413] spell Ephemeral Audio -> translucent shimmering sonic wave distortion ripples through the air, vibrating 
[5442/7413] monster Clockwork Hound -> quadrupedal canine construct body assembled from interlocking brass plates and e
[5443/7413] monster Herald of the Void -> large towering humanoid fiend, slate gray chitinous skin, tattered leathery memb
[5444/7413] monster Phoenix -> massive avian elemental formed entirely of roaring fire and dark smoke, colossal
[5445/7413] monster Iron Ghoul -> medium humanoid undead corpse, emaciated skeletal frame encrusted with thick bro
[5446/7413] spell Create Thunderstaff -> a wooden quarterstaff wrapped in crackling violet electricity, jagged bolts of s
[5447/7413] monster Green Abyss Orc -> medium humanoid, moss green skin, taut musculature, hunched posture, elongated j
[5448/7413] feat Faithful Steed -> a rigid metal shield bearing a heraldic charge of a rearing horse silhouetted ag
[5449/7413] spell Scry Object -> a hovering orb of translucent indigo glass, ten inches in diameter, filled with 
[5450/7413] magic-item Chillblain Breastplate -> heavy breastplate forged from overlapping blue steel plates covered in a permane
[5451/7413] magic-item Weapon, +2 -> one handed medieval longsword with a straight double-edged steel blade etched wi
[5452/7413] spell Magic Circle -> a circular ground-level perimeter of inscribed esoteric runes etched in glowing 
[5453/7413] monster Jackalope -> tiny lagomorph body, covered in soft golden-brown fur with a pale cream-colored 
[5454/7413] magic-item Spider Grenade -> fist-sized preserved spider, plump abdomen covered in dense bristly hair, eight 
[5455/7413] monster Golem, Ice -> large animate humanoid construct carved entirely from jagged blocks of dense blu
[5456/7413] feat Land's Aid -> a heraldic metal shield bearing an embossed emblem of a green sprouted leaf over
[5457/7413] magic-item Chillblain Ring Mail -> set of interlocking ring mail armor forged entirely from polished blue steel rin
[5458/7413] monster Wolf Reaver Dwarf -> medium humanoid dwarf with a thick muscular build, broad shoulders, weathered gr
[5459/7413] monster Ogre -> large giant standing nine to ten feet tall with a massively bulky humanoid body,
[5460/7413] magic-item Wind Fan -> folded handheld hand fan, wide semicircular frame of carved pale bamboo ribs, pa
[5461/7413] spell Thicket -> sudden violent upheaval of churning earth, massive twisted wooden trunks burstin
[5462/7413] monster Rotsam Swarm -> a massive coalescing mass of semi-fluid dark green and black putrid slime, spraw
[5463/7413] spell Simulacrum -> magical construct of a humanoid figure formed entirely of translucent packed ice
[5464/7413] monster Sarcophagus Slime -> medium humanoid-shaped mass of semi-translucent murky gray ooze, shifting gelati
[5465/7413] spell Eyebite -> a pair of completely pitch-black human eyes with solid obsidian irises, intricat
[5466/7413] spell Flame Strike -> a towering vertical cylinder of roaring fire, forty feet high and ten feet in ra
[5467/7413] spell Angel Paradox -> a cascading geometric lattice of blinding white force forming multi-layered over
[5468/7413] magic-item Manual of Bodily Health -> thick rectangular manual, heavy aged dark brown leather cover, embossed brass co
[5469/7413] spell Contingency -> a swirling sphere of translucent blue abjuration runes rotating in a vertical or
[5470/7413] spell Windborn -> a turbulent horizontal jet of swirling wind forming a dense, high-velocity atmos
[5471/7413] monster Wind Acolyte -> medium humanoid in flight with feathered wings spanning twice its body length, s
[5472/7413] magic-item Sword of Sharpness -> longsword with a straight double-edged steel blade, gleaming razor-sharp silver 
[5473/7413] magic-item Agile Ring Mail -> a set of magical ring mail armor constructed from interlocking polished steel ri
[5474/7413] spell Bewildering Fog -> a thick swirling fog filling a circular twenty-foot radius boundary, dense gray 
[5475/7413] spell Breeze Compass -> A translucent swirling vortex of pale blue air currents shaped like a miniature 
[5476/7413] monster Orobas Devil -> large muscular humanoid fiend, towering height, dark grey ash-covered skin, mass
[5477/7413] monster Fear Smith -> medium bipedal fey creature with ashen grey skin, elongated limbs, a gaunt muscu
[5478/7413] spell Foresight -> an abstract swirling cloud of indigo and silver stellar energy, hovering in mida
[5479/7413] monster Gorilla -> massive quadrupedal primate, hulking muscular body covered in thick coarse black
[5480/7413] monster Fire Elemental -> a shifting humanoid silhouette composed entirely of crackling orange and yellow 
[5481/7413] magic-item Molten Hellfire Chain Shirt -> dark crimson chain shirt with interlocking iron rings forged into a rigid torso 
[5482/7413] background Criminal -> middle-aged human male criminal with a scarred face, cold wary eyes, wearing a d
[5483/7413] monster Zmey -> huge quadrupedal reptilian dragon with sleek emerald-green scales, three long si
[5484/7413] monster Rockwood -> huge hulking elemental creature shaped from solid stone and jagged granite bould
[5485/7413] feat Radiant Strikes -> a solid bronze heraldic shield bearing a raised metallic emblem of a clenched fi
[5486/7413] magic-item Elven Chain -> flexible hauberk of interwoven silvery elven metal links, lightweight rings forg
[5487/7413] spell Astral Projection -> translucent humanoid astral duplicate floating upright, exact physical likeness 
[5488/7413] monster Edjet -> medium humanoid, lean muscular build, tanned skin tone, sharp chiseled facial fe
[5489/7413] background Merchant -> middle-aged human male merchant with a stout build and a cautious demeanor, wear
[5490/7413] spell Sanguine Horror -> A roiling mass of deep crimson liquid forming a large amorphous bipedal humanoid
[5491/7413] spell Glacier -> a massive, towering vertical wall of solid, semi-translucent ancient blue ice, t
[5492/7413] magic-item Ring Mail of Warding (+3) -> heavy metal ring mail armor, iron rings riveted to a sturdy leather backing, sur
[5493/7413] feat Persistent Rage -> a brass heraldic shield bearing a centered raised emblem of a roaring human visa
[5494/7413] monster Voidling -> large amorphous aberration composed of churning shadow and dark violet matter, f
[5495/7413] spell True Resurrection -> massive swirling sphere of dense golden light and spinning threads of white ener
[5496/7413] monster Ankou Soul Herald -> gargantuan quadrupedal dragon with massive tattered membrane wings spanning twic
[5497/7413] spell Psychokinesis -> transparent translucent shifting dimensional ripples, concentric expanding disto
[5498/7413] monster Couatl -> slender serpentine medium celestial body, long flexible emerald green feathered 
[5499/7413] monster Tosculi Drone -> small humanoid insectoid body, chitinous rust-colored carapace, thin segmented l
[5500/7413] spell Fortify -> dense sphere of translucent amber energy enveloping a humanoid silhouette, thick
[5501/7413] feat Feral Senses -> a circular bronze heraldic medallion, centered by an engraving of an unhooded hu
[5502/7413] monster Arboreal Grappler -> medium-sized aberration, serpentine grey-green body covered in thick, bark-like 
[5503/7413] feat Beast Spells -> carved wooden round shield bearing a relief-sculpted golden bear head overlaying
[5504/7413] magic-item Bloodstone Pocketwatch, 1 Charge -> antique silver pocketwatch with an ornate casing engraved with intricate interlo
[5505/7413] monster Soldier Squad -> massive bulky humanoid entity composed of a dense cluster of multiple heavily ar
[5506/7413] monster Eleinomae -> medium fey aquatic humanoid female figure, pale translucent blue-green skin, lon
[5507/7413] magic-item Wand of Secrets -> sleek slender metallic wand, burnished bronze alloy, smooth tapered cylindrical 
[5508/7413] monster Giant Mantis -> enormous predatory insect, massive green exoskeleton with faint yellowish stripe
[5509/7413] monster Giant Owl -> massive avian beast with a broad wingspan of tawny brown and cream-patterned fea
[5510/7413] spell Gale -> semicircular barrier of opaque violet force stretching fifteen feet wide, dense 
[5511/7413] magic-item Elixir of Health -> short thick-bottomed glass flask filled with a glowing golden liquid, faceted st
[5512/7413] monster Goat-Man -> bipedal humanoid body with the muscular physique of a large adult human, thick g
[5513/7413] monster Thripper -> Medium humanoid body shape, chitinous green and brown exoskeleton, four segmente
[5514/7413] monster Shadow -> formless silhouette of a bipedal humanoid shape, composed entirely of flat opaqu
[5515/7413] monster Brain Hood -> tiny hovering aberration shaped like a convoluted human brain with pale pinkish-
[5516/7413] spell Easy Descent -> swirling cascade of pale teal kinetic energy fields wrapping tightly around fall
[5517/7413] feat Spell Mastery -> a carved stone heraldic shield bearing a centered raised bas-relief symbol of an
[5518/7413] spell Chaotic Form -> a vaguely humanoid shape composed of translucent, viscous fluid that constantly 
[5519/7413] monster Copperkill Slime -> huge amorphous translucent gelatinous mass, shimmering metallic copper coloratio
[5520/7413] monster Snake, Flying -> tiny serpentine body, vibrant green scales with blue bands running horizontally,
[5521/7413] monster Alligator -> medium aquatic reptile with an elongated thick body, dark green and black scaly 
[5522/7413] spell Sonic Rift -> a jagged vertical tear in empty air, sharp tearing edges revealing crackling vio
[5523/7413] feat Lay On Hands -> A circular metal heraldic shield bearing a raised metallic emblem of an open hum
[5524/7413] magic-item Burglar's Lock and Key -> heavy cast-iron padlock, rectangular body with rounded corners, dark gray oxidiz
[5525/7413] spell Revive Beast -> an intensely glowing field of jade green necromantic energy shaped like a sprawl
[5526/7413] spell Sir Mittinz’s Move Curse -> transmutation magic effect showing a twisting vortex of sapphire blue energy thr
[5527/7413] magic-item Bag of Holding -> coarse grey cloth fabric construction, heavy-duty stitched seams, cylindrical po
[5528/7413] monster Fierstjerren -> medium undead humanoid skeleton, dark skeletal frame wrapped in tattered charcoa
[5529/7413] monster Godslayer -> huge aquatic construct in mid-flight, colossal humanoid metal frame composed of 
[5530/7413] monster Fire Giant War Priest -> huge humanoid giant with dark charcoal-black skin resembling cooled volcanic roc
[5531/7413] magic-item Aberrant Agreement -> old rolled parchment scroll, aged yellowed vellum material, covered in tightly p
[5532/7413] magic-item Centaur Wrist-Wraps -> a pair of thick leather wrist-wraps stained a deep amber color, lined with coars
[5533/7413] monster Golem, Chain -> Large humanoid construct composed entirely of densely coiled and interlocking ir
[5534/7413] magic-item Companion's Broth -> a small ceramic bowl, circular rim, rounded belly, unglazed earthenware surface,
[5535/7413] monster Weretiger -> tall humanoid with lithe and sleekly muscular build, meticulously groomed short 
[5536/7413] spell Unbridled Fury -> blazing crimson energy vortex, swirling jagged streaks of scarlet light, chaotic
[5537/7413] monster Moon Weaver -> small quadrupedal beast with a slender feline body, a long prehensile tail, four
[5538/7413] magic-item Harbinger's Bell, 1 charge -> small hand-held bell made of pitted dark iron, rounded dome body with a slightly
[5539/7413] monster Ychen Bannog -> gargantuan hulking bovine beast, massive muscular frame covered in thick coarse 
[5540/7413] monster Shambling Mound -> huge mound-shaped mass of rotting vegetation, composed of decaying leaves, tangl
[5541/7413] monster Necrophage Ghast -> emaciated humanoid corpse, gray rotting flesh stretched tightly over visible bon
[5542/7413] monster Niya-Atha Warrior -> medium fey humanoid body shape, slender proportions, ash-gray skin, faint silver
[5543/7413] feat Two Extra Attacks -> A heraldic escutcheon shield featuring three gleaming steel longswords arranged 
[5544/7413] monster Demon, Kogukhpak -> huge aquatic fiend, massive towering humanoid demon body shape, dark damp leathe
[5545/7413] monster Nalfeshnee -> massive corpulent demon standing twice human height with a bloated ape-like tors
[5546/7413] magic-item Mirror of Life Trapping -> large rectangular handheld mirror, polished silver frame heavily decorated with 
[5547/7413] monster Pech Lithlord -> humanoid elemental creature standing three feet tall with a compact muscular bui
[5548/7413] magic-item Labrys of the Raging Bull (Battleaxe) -> double-headed battleaxe with a wide symmetrical bronze haft, two massive curved 
[5549/7413] spell Guiding Bolt -> a brilliant streak of blinding white energy darting forward in a linear trajecto
[5550/7413] monster Drake, Riptide -> large quadrupedal reptilian body, deep ocean-blue and seafoam green scales, slee
[5551/7413] monster Mandriano -> massive sentient plant creature, towering thick wooden trunk torso, heavy gnarle
[5552/7413] monster Roc -> gigantic bird of prey with a massive hooked beak, dark brown and golden plumage 
[5553/7413] magic-item Pick of Ice Breaking -> heavy steel war pick head with a curved piercing spike on one side and a thick s
[5554/7413] monster Wrackwraith -> medium undead humanoid skeletal figure, tattered dark gray shroud clinging to de
[5555/7413] monster Ghost Boar -> large spectral quadrapedal beast with a massive barrel-shaped torso, thick brist
[5556/7413] magic-item Headband of Intellect -> A slender circlet of polished steel, inset with a single oval-cut lapis lazuli g
[5557/7413] background Farmer -> a middle-aged human farmer with a weather-beaten face, deep sun wrinkles around 
[5558/7413] monster Flesh Reaver -> Medium undead humanoid creature, decaying pale grey skin stretched tight over an
[5559/7413] spell Unerring Sentry -> A medium-sized humanoid sentry composed entirely of intersecting geometric plane
[5560/7413] magic-item Lupine Crown -> grisly helm formed from a bleached deer skull reinforced with blackened leather,
[5561/7413] magic-item Pistol of the Umbral Court -> hand crossbow crafted from coal-colored wood, bow limb made of cold steel engrav
[5562/7413] monster Steam Mephit -> small humanoid elemental creature formed of roiling vapor, torso and limbs compo
[5563/7413] spell Steam Blast -> a violent hemispherical expansion of scalding white vapor, billowing dense opaqu
[5564/7413] monster Death Dog -> medium muscular hound-like monstrosity with two distinct heads growing from broa
[5565/7413] monster Stone Giant Stonetalker -> huge humanoid giant, towering stone-grey skin resembling chiseled granite slabs,
[5566/7413] spell Passwall -> a glowing circular vertical breach measuring five feet wide and eight feet tall 
[5567/7413] monster Creeping Vines -> dense tangle of thick woody stems, overlapping dark green broad leaves, dozens o
[5568/7413] magic-item Illusory Blade of Treachery (d8) -> sleek metallic longsword with a straight silver double-edged blade and a slender
[5569/7413] monster Spark Mephit -> small winged elemental creature, humanoid torso and limbs, jagged crystalline bo
[5570/7413] monster Crimson Drake -> tiny quadrupedal reptilian body, deep crimson scales, wide membranous wings exte
[5571/7413] monster Glacier Behemoth -> huge quadrupedal mammalian beast with an immensely bulky body, thick armored pla
[5572/7413] magic-item Gliding Cloak -> a lightweight hooded cloak composed of stiff midnight-blue silk, featuring elong
[5573/7413] monster Swarm of Manabane Scarabs -> a dense cloud of hundreds of small beetles forming a medium swarm, each individu
[5574/7413] magic-item Staff of the White Necromancer -> long staff crafted from smooth white bone, entire length intricately carved with
[5575/7413] magic-item Bloodfuel Glaive -> long polearm with a dark iron haft wrapped in dried sinew, broad crescent-shaped
[5576/7413] monster Xecha -> medium fiend with a gaunt humanoid torso, jagged obsidian horns curling backward
[5577/7413] monster Living Colossus -> gargantuan humanoid construct carved from ancient grey stone blocks and banded w
[5578/7413] monster Giant Scorpion -> massive arachnid monstrosity the size of a carriage, dark amber chitinous exoske
[5579/7413] monster Efreeti -> hulking humanoid elemental genie, immense muscular upper body with magma-red ski
[5580/7413] monster Viper -> slender elongated legless scaly serpentine body, triangular head with a blunt sn
[5581/7413] magic-item Robe of Scintillating Colors -> long flowing floor-length garment crafted from heavy silk fabric, deep obsidian 
[5582/7413] monster Vampire Thrall -> medium humanoid body with a gaunt and emaciated physique, taut pale grey skin st
[5583/7413] monster Gnoll -> bipedal humanoid creature with the coarse, spotted fur and distinct head of a hy
[5584/7413] spell Elemental Wall -> a towering straight barrier ten feet high and fifty feet long composed of jagged
[5585/7413] spell Gaseous Form -> a semi-translucent billowing vaporous cloud of pale gray and pearlescent white s
[5586/7413] monster Stone Golem -> massive humanoid statue carved from grey granite, towering thickset proportions,
[5587/7413] subclass Spear of the Weald -> a heraldic escutcheon bearing a polished ash wood spear shaft oriented verticall
[5588/7413] spell Hear Whispers -> faint translucent amber tendrils of sound waves rippling through the air, vibrat
[5589/7413] feat Sear Undead -> a circular heraldic shield featuring an embossed golden sunburst emblem at the c
[5590/7413] magic-item Crook of the Flock -> a shepherd crook fashioned from smooth worn pale lotus wood with a curved hooked
[5591/7413] monster Warrior Infantry -> muscular human humanoid warrior of medium height standing at attention, wearing 
[5592/7413] magic-item Agile Scale Mail -> magically enhanced suit of scale mail, constructed from overlapping scales of da
[5593/7413] spell Lesser Restoration -> a human-sized hand-shaped silhouette of bright golden and pale azure light, comp
[5594/7413] monster Drake, Shepherd -> medium quadrupedal dragon in flight with a long serpentine tail, massive leather
[5595/7413] spell Sacred Flame -> vertical pillar of radiant yellow and white fire descending from above, intense 
[5596/7413] spell Disruptive Aura -> a churning volumetric cube of ten-foot dimensions composed of jagged translucent
[5597/7413] subspecies Wood Elf -> slender humanoid standing five and a half feet tall, coppery bronze skin tone, a
[5598/7413] spell Spike Growth -> A circular twenty-foot patch of dense forest floor erupts with hundreds of rigid
[5599/7413] magic-item Sentinel Shield -> medium steel kite shield, dull brushed metallic surface, reinforced iron rim, ri
[5600/7413] magic-item Brown Honey Buckle -> sturdy metal belt buckle shaped like a stylized bear head, dark polished bronze 
[5601/7413] spell Snowy Coat -> a swirling localized flurry of dense powdery white snowflakes and frigid shimmer
[5602/7413] monster Axe Beak -> tall flightless bird with a bulky avian body, long muscular legs ending in sharp
[5603/7413] monster Wereboar -> stocky muscular medium humanoid hybrid with the head and snout of a wild boar, t
[5604/7413] spell Stoneskin -> skin hardening into a dense gray stone texture, surface covered in rigid mineral
[5605/7413] monster Crimson Shambler -> medium humanoid-shaped mass of tangled crimson vines and briars, upright shuffli
[5606/7413] feat Primal Order: Magician -> a stylized heraldic escutcheon bearing a balanced composition of a crossed steel
[5607/7413] magic-item Agile Hide -> supple dark brown leather breastplate fitted with articulated shoulder guards, i
[5608/7413] magic-item Bloodthirsty Longbow -> stiff recurve bow crafted from dark blood-stained wood, long branching channels 
[5609/7413] magic-item Rune of Thud -> heavy palm-sized plate of rough grey shale, flat rectangular shape with thick ja
[5610/7413] spell Tongue of Sand -> a swirling mass of dry tan sand rising upward from a four-foot square patch on t
[5611/7413] magic-item Impaling Warpick -> a heavy steel warpick with a curved downward-pointing primary spike forged from 
[5612/7413] monster Tidehunter -> huge aquatic monstrosity with a muscular humanoid torso and the lower body of a 
[5613/7413] spell Greater Restoration -> a swirling vortex of emerald and golden healing light forming a dense interlocki
[5614/7413] spell Incinerate -> dense swirling vortex of searing white-hot fire and crimson flame, surging viole
[5615/7413] monster Blood Barnacle -> tiny aquatic beast, roughly the size of a human fist, conical calcareous shell c
[5616/7413] monster Zombie -> humanoid corpse, bloated grayish-white flesh, deep purple bruises, open fatal ch
[5617/7413] spell Flurry -> a dense swirling vortex of heavy white snowflakes and sharp ice crystals forming
[5618/7413] spell Hide Mind -> spherical cluster of dense, indigo threads woven together in a tight, tangled la
[5619/7413] spell Shadow's Brand -> magical necromantic rune inscription, dark smoky charcoal energy outline, thin g
[5620/7413] monster Ichor Ooze -> medium-sized amorphous semi-translucent blob of viscous dark brownish-red fluid,
[5621/7413] magic-item Rowdy's Ring -> massive thick ring, heavy gold-plated lead slab face covering middle and ring fi
[5622/7413] background Rill Runner -> lean human adult with sun-browned skin and wind-chapped cheeks, standing in a re
[5623/7413] monster Sandman -> medium humanoid celestial body shape, pale sand-colored skin, elongated limbs, f
[5624/7413] monster Rust Monster -> medium insectile monstrosity, thick lumpy rust-brown chitinous armor covering it
[5625/7413] monster Ancient Sea Dragon -> gargantuan serpentine dragon, massive aquatic body covered in deep turquoise sca
[5626/7413] monster Prismatic Beetle Swarm -> swarm of thousands of medium-sized winged beetles in flight, each beetle possess
[5627/7413] magic-item Candle of Invocation -> tall tapered wax cylinder, solid pristine ivory white color, smooth matte surfac
[5628/7413] magic-item Potion of Freezing Fog -> thick spherical glass flask, opaque pale blue liquid swirling inside, stoppered 
[5629/7413] monster Deathwisp -> medium hovering undead creature, skeletal humanoid body shape, tattered dark gra
[5630/7413] spell Gate -> a circular spatial tear floating in empty space, ringed by a ragged rim of churn
[5631/7413] monster Vrock -> large humanoid vulture hybrid fiend in midair flight with broad feathered wings,
[5632/7413] spell Cone of Cold -> a massive expanding cone of freezing arctic energy erupting forward from a singl
[5633/7413] monster Clockwork Servant -> medium-sized humanoid construct built from interlocking brass and steel plates, 
[5634/7413] spell Secret Missive -> a blank rectangular piece of aged parchment paper floating horizontally in the a
[5635/7413] spell Telepathy -> a shimmering translucent thread of iridescent violet and pale blue energy stretc
[5636/7413] spell Ghost Whisper -> two semi-translucent wisps of pale blue vapor connected by a thin shimmering thr
[5637/7413] spell Reincarnate -> swirling sphere of emerald green transmutation energy, crackling tendrils of pal
[5638/7413] spell Antipathy/Sympathy -> dense swirling cloud of emerald green and violet smoke, pulsating concentric rin
[5639/7413] magic-item Celestial Charter -> ancient parchment scroll, rectangular shape, tightly rolled with polished gold e
[5640/7413] monster Frog -> tiny amphibious beast, squat rounded body shape, smooth moist skin mottled in ol
[5641/7413] spell Steal Warmth -> shimmering violet necromantic energy tendrils, thin twisting wisps of frigid blu
[5642/7413] spell Binding Oath -> two glowing violet runes floating in midair, interconnected by a shimmering latt
[5643/7413] magic-item Roc Feather, 1 use -> giant curved flight feather, five feet in length, stiff central rachis tapering 
[5644/7413] monster Goblin Alchemist -> small humanoid goblin with spindly limbs, oversized pointed ears, wrinkled green
[5645/7413] monster Scout -> medium humanoid figure, lean athletic posture, sun-weathered olive skin, sharp a
[5646/7413] subspecies Brass Dragonborn -> bipedal humanoid of tall and powerful stature, covered in warm brass-colored met
[5647/7413] monster Khargi -> huge muscular fiend with a massive humanoid torso, dark ashen skin, large leathe
[5648/7413] monster Adult Black Dragon -> huge quadrupedal reptilian body, serpentine neck, long pointed tail, large leath
[5649/7413] monster Will-o'-Wisp -> spherical mass of shifting pale illumination, roughly the size of a human fist, 
[5650/7413] spell Animal Friendship -> swirling translucent pink and soft golden magical energy manifesting as ephemera
[5651/7413] spell Form of Fire -> a towering humanoid silhouette entirely composed of roaring, bright orange and d
[5652/7413] spell Pass Without Trace -> an amorphous shifting veil of dark grey and translucent midnight blue smoke hugg
[5653/7413] monster Gerridae -> large fey aquatic creature, humanoid upper torso with pale turquoise skin, dark 
[5654/7413] spell Inflict Wounds -> A sphere of swirling absolute darkness, pitch black tendrils of necrotic energy 
[5655/7413] monster Ankylosaurus -> huge quadrupedal reptilian body covered in thick, overlapping drab-grey and eart
[5656/7413] feat Indomitable Might -> A circular heraldic shield bearing a centered raised brass relief of an unyieldi
[5657/7413] spell Become Nightwing -> a pair of large sweeping wings composed of billowing dark shadows and absolute b
[5658/7413] spell Mechanical Union -> a swirling vortex of interconnected brass gears and interlocking iron cogs suspe
[5659/7413] spell Lemure Transformation -> humanoid-shaped mass of dripping translucent pinkish-gray flesh, soft undulating
[5660/7413] feat Rallying Speaker -> A metallic heraldic shield bearing a raised relief of a roaring heraldic lion wi
[5661/7413] monster Horned Devil -> large humanoid fiend, ogre-sized muscular build, thick iron-hard dark red scales
[5662/7413] monster Sooze -> medium aberration with a bloated translucent bulbous body revealing undulating i
[5663/7413] magic-item Potion of Fire Breath -> short stout clear glass flask, narrow neck stoppered with bright red wax, contai
[5664/7413] monster Leshy -> medium-sized humanoid plant creature composed of gnarled tree bark, tangled root
[5665/7413] monster Monkey King -> anthropomorphic macaque with golden-brown fur and crimson facial markings, muscu
[5666/7413] spell Influence -> a heavy semi-transparent shimmering blue force field of interlocking geometric e
[5667/7413] magic-item Swashing Plumage -> a vibrant bouquet of ostentatious tropical hat feathers in brilliant shades of t
[5668/7413] spell Animate Greater Undead -> a dense column of swirling ash-gray necrotic mist rising from a massive humanoid
[5669/7413] spell Hallow -> a spherical field of holy radiance, a shimmering golden dome of warm divine ligh
[5670/7413] monster Planetar -> tall humanoid celestial entity with smooth emerald-green skin completely devoid 
[5671/7413] spell Shared Sacrifice -> A shimmering semi-transparent spherical pool of crimson and violet magical energ
[5672/7413] spell Eldritch Armor -> a tight-fitting silhouette of swirling emerald-green corrosive liquid enveloping
[5673/7413] monster Sap Demon -> small amorphous blob of viscous black tree sap, shifting and semi-fluid in body 
[5674/7413] monster Acid Ant -> small insectoid monstrosity, chitinous segmented exoskeleton colored in mottled 
[5675/7413] spell Conjure Celestial -> a towering humanoid celestial entity composed of blinding white light and swirli
[5676/7413] spell Forest Native -> swirling emerald-green translucent energy tendrils weaving tightly around a huma
[5677/7413] magic-item Impaling Pike -> seven-foot-long polearm with a dark iron shaft wrapped in worn black leather, te
[5678/7413] spell Remove Curse -> pulsing violet and electric blue rings of abjuration runes expanding outward in 
[5679/7413] magic-item Periapt of Health -> A small, smooth, oval-shaped cabochon of polished jade stone set inside a heavy,
[5680/7413] spell Foretell Distraction -> a swirling sphere of translucent indigo temporal haze, translucent fractured cry
[5681/7413] spell Unearth Legend -> translucent swirling vortex of violet and deep indigo energy, composed of shifti
[5682/7413] monster Climbing Vine -> medium plant entity, thick twisting woody central vine trunk covered in rough da
[5683/7413] monster Triton -> humanoid upper body with deep blue skin, silver-scaled tail replacing legs from 
[5684/7413] monster Kobold Dragon Servitor -> small reptilian humanoid, slender posture, scaly reddish-brown hide, digitigrade
[5685/7413] magic-item Scrolls of Correspondence -> pair of aged yellowish vellum scrolls, each rolled cylinder bound with a worn cr
[5686/7413] monster Green Dragon Wyrmling -> small serpentine body covered in emerald green scales, slender head with a short
[5687/7413] magic-item Bloodthirsty Scimitar -> curved single-edged steel scimitar blade with a sharp convex arc, long branching
[5688/7413] magic-item Encouraging Half Plate -> ornate steel half plate armor composed of polished breastplate, curved pauldrons
[5689/7413] spell Blood Lure -> a pool of dark crimson blood roiling and vibrating within a shallow stone bowl, 
[5690/7413] feat Medium Armor Master -> a cast iron heraldic shield emblazoned with a polished steel breastplate relief,
[5691/7413] spell Fire Shield -> dense roaring flames tightly enfolding a human-shaped silhouette from head to to
[5692/7413] monster Far Darrig -> small fey humanoid, stocky body proportions, reddish-brown skin resembling worn 
[5693/7413] monster Avulzor -> massive aberrant quadrupedal body, thick leathery hide mottled in dark slate gra
[5694/7413] magic-item Tarian Graddfeydd Ddraig -> large kite-shaped metal shield, dark resinous outer coating embedded with coarse
[5695/7413] magic-item Staff of Striking -> a thick straight quarterstaff of dark polished dense ironwood, banded with three
[5696/7413] spell Mending -> a shimmering band of pale turquoise energy wrapping around a fractured ceramic g
[5697/7413] monster Ettercap -> medium humanoid spider monster, humped back, pale blue scaly skin covered in spa
[5698/7413] spell Conjure Minor Elementals -> three coalescing elemental manifestations, one a swirling vortex of translucent 
[5699/7413] spell Shadow Realm Gateway -> circular fifteen-foot vertical portal ringed by a drawn line of dense black chal
[5700/7413] feat Musician -> A polished circular brass medallion, three inches in diameter, embossed in high 
[5701/7413] monster Fire Beetle -> large iridescent reddish-brown chitinous beetle, three pairs of jointed legs, a 
[5702/7413] monster Will-o'-Wisp -> spherical mass of translucent vapor, basketball-sized, swirling tendrils of wisp
[5703/7413] monster Wight -> emaciated humanoid corpse, dried pale skin stretched taut over visible ribs and 
[5704/7413] monster Scitalis -> large serpentine aquatic monstrosity with a heavily scaled body, iridescent blue
[5705/7413] monster Medusa Queen -> humanoid female upper body with dark emerald-green scaled skin, serpentine lower
[5706/7413] monster Xing Tian -> massive headless humanoid giant, incredibly broad muscular torso, glowing yellow
[5707/7413] spell Snuff -> a sudden hemisphere of absolute void extinguishing all illumination, an expandin
[5708/7413] spell Lesser Ley Protection -> a cube-shaped volume measuring ten feet on each side, delineated by shimmering g
[5709/7413] feat Second-Story Work -> a stylized heraldic escutcheon divided diagonally with a silver leaping feline s
[5710/7413] spell Modify Memory -> swirling vortex of translucent indigo and violet mist, intertwining ribbons of g
[5711/7413] subclass Circle of the Land -> A circular wooden crest carved from ancient oak, intertwined with living green i
[5712/7413] monster Khalkos Spawn -> tiny winged aberration with a bulbous segmented body made of polished bronze, tw
[5713/7413] monster Quipper -> tiny carnivorous fish, sleek torpedo-shaped body, dark green scales along the ba
[5714/7413] monster Mydnari -> medium humanoid entity, slender elongated body shape, smooth ash-gray skin tone 
[5715/7413] magic-item Chillblain Chain Shirt -> a chain shirt forged from overlapping blue steel rings, the entire metallic surf
[5716/7413] spell Ooze Form -> translucent undulating mass of gelatinous green cytoplasm shifting and warping i
[5717/7413] monster Bard -> medium humanoid bard with wind-tossed auburn hair, hazel eyes, and a sharp confi
[5718/7413] magic-item Ring of the Snake, 1 charge, _petty_ -> thick wrought-iron band formed into the shape of a coiling serpent, matte dark g
[5719/7413] monster Ochre Jelly -> large amorphous blob of thick, quivering, semi-translucent yellowish-ochre jelly
[5720/7413] spell Fusillade of Ice -> a violent horizontal 30-foot cone erupting from a single point, filled with thou
[5721/7413] monster Catoblepas -> bloated quadrupedal beast combining features of a buffalo, dinosaur, warthog, an
[5722/7413] magic-item Lightsucker Candle, 3 uses -> thick cylindrical candle, opaque black tallow wax body with a white wick at the 
[5723/7413] background Prowler -> lean person with a guarded demeanor, sharp calculating eyes, dark weather-worn h
[5724/7413] spell Minor Illusion -> a small shimmering phantom image of a wooden wooden chest manifesting in midair 
[5725/7413] monster Cambion -> medium fiend in flight with charcoal-black skin, unearthly handsome humanoid fac
[5726/7413] monster Archdruid -> medium humanoid, weathered olive skin, deep hazel eyes, long braided silver hair
[5727/7413] monster Werewolf -> bipedal hybrid creature blending human and wolf anatomy, massive well-muscled hu
[5728/7413] spell Phantom Dragon -> large illusionary dragon of semi-translucent indigo energy, shifting ethereal sc
[5729/7413] spell Reset Red Portal -> a jagged tear in reality shaped like a vertical oval standing seven feet tall, t
[5730/7413] monster Adult Blue Dragon -> massive quadrupedal reptilian body, colossal azure scales caked with dry earth a
[5731/7413] monster Vaettir -> emaciated humanoid undead corpse, medium size, rotting grey flesh tightly stretc
[5732/7413] monster Irid -> tiny celestial humanoid body shape, slender proportions, translucent crystalline
[5733/7413] monster Leashed Lesion -> large corpulent aberration with a bloated translucent flesh body, pulsing intern
[5734/7413] monster Kobold, Planes Hunter -> small reptilian humanoid standing upright in a predatory hunch, scaly crimson hi
[5735/7413] monster Mudmutt -> large quadrupedal monstrosity composed entirely of thick, wet brown mud and slud
[5736/7413] spell Hailstorm -> mass of dense churning white clouds spinning within a twenty-foot radius and for
[5737/7413] magic-item Half Plate of Warding (+1) -> half plate armor made of steel plates, etched across the breastplate and shoulde
[5738/7413] monster Soul Eater -> medium fiend in midair flight, gaunt humanoid skeletal body stretched thin, ash-
[5739/7413] magic-item Eagle Cape -> a cloak made of fine white silk, the exterior surface completely covered in over
[5740/7413] spell Gate -> a giant circular vertical rim of solid stone floating upright in midair, a seaml
[5741/7413] feat Empowered Strikes -> an intricate heraldic crest featuring a massive steel gauntlet clenched tightly 
[5742/7413] magic-item Amulet of the Planes -> a finely crafted circular medallion of heavy blackened platinum, its rim engrave
[5743/7413] monster Elite Kobold -> small reptilian humanoid standing upright in a confident posture, slender muscul
[5744/7413] monster Beli -> small fey humanoid body, slender and delicate proportions, leathery insectoid wi
[5745/7413] monster Dragonleaf Tree -> massive towering tree with thick gnarled brown bark, sprawling serpentine roots 
[5746/7413] subclass Oath of the Plaguetouched -> a heraldic shield-shaped metal emblem featuring a rusted iron gauntlet clenched 
[5747/7413] monster Lamia -> large monstrosity with a beautiful pale humanoid female upper body and a powerfu
[5748/7413] monster Killer Bees -> massive oversized honeybee the size of a human torso, bulky segmented body cover
[5749/7413] magic-item Hardening Polish -> viscous gray polish paste, thick opaque dull-colored substance contained inside 
[5750/7413] spell Unseen Strangler -> immaterial translucent violet aberration, semi-transparent form composed of swir
[5751/7413] monster Avestruzii Champion -> medium humanoid creature with the feathered body of an ostrich, a muscular avian
[5752/7413] monster Ravenala -> massive sentient tree-like plant with a thick woody trunk, twenty feet tall, exp
[5753/7413] spell Gordolay’s Pleasant Aroma -> dense billowing clouds of pale rose-colored mist, slow-swirling concentric rings
[5754/7413] monster Young Black Dragon -> large quadrupedal reptilian dragon in flight, long sinuous muscular body covered
[5755/7413] magic-item Mug of Merry Drinking -> broad tall cylindrical ceramic mug, heavy dark brown glazed stoneware material, 
[5756/7413] magic-item Hallucinatory Dust -> small rectangular paper packet tied with dark twine, surface stained with pale v
[5757/7413] feat Paladin Spellcasting -> a polished steel heraldic shield bearing a gleaming golden sunburst emblem engra
[5758/7413] monster Wharfling -> tiny aquatic beast with a sleek amphibious body, dark scaly hide, webbed paws on
[5759/7413] monster Sprite -> tiny humanoid fey creature, slender humanoid torso, delicate translucent dragonf
[5760/7413] monster Zanskaran Viper -> massive serpentine reptilian body, thick coils of emerald-green scales mottled w
[5761/7413] monster Scrag -> large aquatic giant, towering humanoid body shape, greenish-gray rubbery skin, d
[5762/7413] magic-item Grave Ward Chain Mail -> heavy chain mail suit forged from dull dark iron links, featuring ornate interlo
[5763/7413] monster Planetar -> towering humanoid celestial, flawless amber skin, symmetrical muscular proportio
[5764/7413] monster Adult Blue Dragon -> massive quadrupedal reptilian body, massive sweeping wings, large horned head wi
[5765/7413] spell Essence Instability -> transmutative magical energy field of toxic sickly green and dark purple motes w
[5766/7413] feat Armor of Shadows -> a solid iron shield bearing a raised heraldic emblem of a silhouette of interloc
[5767/7413] magic-item Wand of Enemy Detection -> slender wooden wand, polished dark ironwood shaft, straight cylindrical shape me
[5768/7413] magic-item Bracelet of the Fire Tender -> bracelet crafted from thirteen small dark brown roasted pinecones lashed closely
[5769/7413] monster Yek -> small humanoid fiend, diminutive stature, hunched posture, leathery dark red ski
[5770/7413] monster Drake, Ethereal -> large quadrupedal dragon with an elongated serpentine body, vast feathered wings
[5771/7413] magic-item Crystal Ball of Mind Reading -> perfectly spherical flawless glass orb, exactly six inches in diameter, resting 
[5772/7413] monster Hobgoblin -> bipedal humanoid warrior, tall muscular build, dark orange skin, hair ranging fr
[5773/7413] background Desert Runner -> lean weathered human standing in a relaxed upright posture with a confident neut
[5774/7413] monster Black Crier -> medium undead humanoid torso hovering above the ground, tattered charcoal gray b
[5775/7413] monster Crystallite -> large humanoid giant body shape composed entirely of jagged interlocking crystal
[5776/7413] monster Vampire Warrior -> humanoid vampire warrior with an athletic muscular build, pale ashen grey skin s
[5777/7413] monster Werynax -> massive quadrupedal monstrosity in midair, enormous leathery bat-like wings span
[5778/7413] magic-item Ceremonial Sacrificial Knife -> short double-edged steel dagger with a wide triangular blade, a carved ebony hil
[5779/7413] spell Identify -> an intricate ethereal glyph of divination magic hovering in the air, a complex c
[5780/7413] feat Inner Resilience -> an embossed metal heraldic shield depicting an unbroken oak tree with deep roots
[5781/7413] monster Clockwork Tiger -> large quadrupedal construct shaped like a tiger, segmented copper and brass plat
[5782/7413] monster Ratfolk Rogue -> Small humanoid ratfolk standing on two digitigrade legs, hunched posture, covere
[5783/7413] monster Nyctli Swarm -> large fey swarm composed of countless small insectoid figures, hovering in a den
[5784/7413] magic-item Potion of Empowering Truth -> facetted crystalline glass vial shaped like an hourglass, containing shimmering 
[5785/7413] monster Peri -> small humanoid elemental creature hovering in midair with a regal and upright po
[5786/7413] monster Hound Guardian -> medium construct hound with a mechanical quadrupedal body, rigid joints made of 
[5787/7413] magic-item Wayfarer's Candle -> cylindrical hand-poured beeswax candle, pale yellow color, stamped deeply into i
[5788/7413] spell Weird -> swirling vortex of inky black shadow and sickly violet mist, writhing phantom te
[5789/7413] monster Luck Leech -> medium fey creature with an elongated serpentine body covered in segmented obsid
[5790/7413] magic-item Rod of Absorption -> cylindrical metal rod of thick tempered steel, polished to a dark charcoal finis
[5791/7413] monster Goblin Skulker -> small humanoid monster, slender hunched body, wiry limbs, mottled slate-gray ski
[5792/7413] monster Hvalfiskr -> huge aquatic giant with a towering muscular humanoid body shape covered in thick
[5793/7413] spell Comprehend Languages -> an intricate web of translucent sapphire-blue glyphs and geometric runic symbols
[5794/7413] magic-item Necklace of Fireballs -> a delicate, slender chain of blackened wrought iron worn tightly at the throat, 
[5795/7413] monster Lizard -> tiny quadrupedal reptilian beast, slender low-slung body covered in small overla
[5796/7413] spell Volley Shield -> A semi-transparent planar barrier of pale blue geometric force hovering a few in
[5797/7413] monster Wormhearted Suffragan -> medium undead humanoid skeletal figure wrapped in tattered grey burial robes, ex
[5798/7413] monster Blood Ooze -> large amorphous blob of viscous crimson fluid, semi-translucent gelatinous body 
[5799/7413] monster Swamp Adder -> slender serpentine body, eight feet in length, dark olive green scales with mott
[5800/7413] monster Imp -> diminutive humanoid body, dark red skin, small pointed horns on the brow, glowin
[5801/7413] magic-item Elixir of Oracular Delirium -> curved glass flask filled with pearlescent fluid, a slow kaleidoscopic churn of 
[5802/7413] monster Conniption Bug -> small aquatic arthropod beast with a rounded segmented carapace of mottled olive
[5803/7413] monster Deva -> medium humanoid celestial with a noble bearing, hovering above the ground, two m
[5804/7413] spell Armored Formation -> a semi-transparent wall of pale blue defensive energy forming a grid of intercon
[5805/7413] monster Sarsaok -> huge monstrous serpentine body, massive armored scales of dark charcoal and rust
[5806/7413] magic-item Muffled Ring Mail -> a suit of medieval ring mail armor constructed from small iron rings interlinked
[5807/7413] monster Alchemical Apprentice -> small pulsating translucent green ooze, amorphous globular body shape, viscous a
[5808/7413] monster Vile Barber -> small humanoid fey creature, hunched posture, grey wrinkled skin, thin stringy w
[5809/7413] spell Warp Mind and Matter -> swirling vortex of distorted spatial geometry, violent rippling tear in the fabr
[5810/7413] spell Delayed Blast Fireball -> tiny spherical bead of bright yellow light, hovering motionless in midair, emitt
[5811/7413] monster Steam Mephit -> small humanoid elemental creature formed from dense boiling steam and wisps of f
[5812/7413] magic-item Nullifier's Lexicon -> heavy thick tome, deep black leather cover, tarnished and pitted silver front pl
[5813/7413] magic-item Ammunition, +3 -> sleek dark steel arrow with a slender tapered shaft, polished metallic silver ar
[5814/7413] monster Animated Armor -> empty steel plate armor standing upright with no occupant inside, polished metal
[5815/7413] monster Adult Shadow Dragon -> massive serpentine dragon soaring in midair with a huge skeletal silhouette, tat
[5816/7413] monster Ogre Flesh Heap -> massive hulking undead humanoid brute composed of stitched-together rotting corp
[5817/7413] monster Nihilethic Dominator -> massive hulking undead humanoid, towering skeletal frame draped in tattered necr
[5818/7413] spell Less Fool, I -> a shimmering aura of pale silver energy shaped like a translucent bell surroundi
[5819/7413] monster Attercroppe -> tiny aquatic fey creature, humanoid torso with a hunched posture, webbed hands w
[5820/7413] monster Hydra -> massive reptilian monster, heavy crocodilian body, dark green scaly skin, four t
[5821/7413] spell Push/Pull -> a concentrated beam of kinetic force manifesting as a semi-transparent wave of d
[5822/7413] monster Forest Hunter -> medium humanoid with wiry musculature, dark weathered skin covered in patterned 
[5823/7413] magic-item Robe of Useful Items -> full-length ankle-length woolen garment of deep midnight blue, heavy-stitched se
[5824/7413] monster Crab, Razorback -> medium-sized armored crustacean, heavily encrusted with dark brown soil, mud, an
[5825/7413] spell Creeping Ice -> a flat five-foot square sheet of jagged jagged blue-white ice tightly hugging th
[5826/7413] magic-item Moonfield Lens -> spherical optical lens crafted from iridescent glass exhibiting shifting rainbow
[5827/7413] monster Transcendent Lunarchida -> medium aberration creature, humanoid upper torso merging into a segmented arachn
[5828/7413] magic-item Winged Boots -> a pair of supple dark brown leather knee-high boots, polished soft calfskin surf
[5829/7413] spell Sacrifice Pawn -> A swirling tempest of translucent violet and deep crimson necrotic energy, coale
[5830/7413] magic-item Potion of Malleability -> a thick crimson liquid contained within an oblong, flexible glass flask that yie
[5831/7413] monster Ghoul Bat -> small undead winged quadruped creature in mid-flight, leathery grey decayed fles
[5832/7413] monster Sandman -> medium celestial humanoid silhouette, body entirely composed of shifting coarse 
[5833/7413] spell Bloodhound -> translucent crimson canine silhouette composed of swirling ruby mist and floatin
[5834/7413] magic-item Mantle of the Void -> midnight-blue fabric shoulder mantle, high stiffened collar, surface entirely co
[5835/7413] subspecies Dwarf Heritage -> short sturdy humanoid stature, compact muscular build, broad shoulders, weathere
[5836/7413] subspecies Chthonic Tiefling -> tall slender humanoid build, ashen grey skin tone, stark white hair worn in long
[5837/7413] spell Shatter -> a sudden spherical shockwave of cracking blue-white sonic energy, expanding outw
[5838/7413] monster Plesiosaurus -> massive marine reptile with a compact, wide body, four powerful elongated flippe
[5839/7413] magic-item Muffled Half Plate -> half-plate armor crafted from dull charcoal-grey steel plates overlapping to cov
[5840/7413] spell Water Walk -> a swirling vortex of pale blue translucent liquid energy forming a circular ripp
[5841/7413] spell Entangle -> thick woody vines and fleshy green tendrils erupting from dark cracked earth, co
[5842/7413] spell Curse of the Grave -> a spectral black mist swirling with ashen gray motes taking the form of skeletal
[5843/7413] monster Ice Urchin -> massive spherical monstrosity, thick pale blue translucent skin, densely covered
[5844/7413] spell Blink -> transmutation magic phenomenon manifesting as a sudden, sharp tear in space, shi
[5845/7413] magic-item Witch's Brew -> thick ceramic bottle, squat pear-shaped body with a narrow threaded neck, crude 
[5846/7413] feat Evocation Savant -> a heraldic escutcheon divided diagonally with deep crimson and cobalt blue, bear
[5847/7413] spell Lance -> a stylized spear-shaped construct of pure translucent blue kinetic energy taperi
[5848/7413] magic-item Ferryman's Coins -> two ancient tarnished copper coins, circular with notched jagged edges, heavy me
[5849/7413] monster Adult Amethyst Dragon -> huge quadrupedal dragon with lavender and violet scales, massive feathered wings
[5850/7413] magic-item Hunter's Charm (+2) -> small ritualistic fetish crafted from bleached white animal bones bound together
[5851/7413] monster Half-Shadow Dragon Assassin -> medium humanoid creature in a crouched stealth posture, midnight-black scaly hid
[5852/7413] spell Enchant Ring -> metallic band floating horizontally in midair, circular aura of shimmering pink 
[5853/7413] monster Bronze Dragon Wyrmling -> medium quadrupedal dragon in flight, long sinuous serpentine body covered in pol
[5854/7413] spell Sculpt Water -> a mass of natural water rising upward and parting horizontally, split down the c
[5855/7413] magic-item Recording Book -> thick leather bound book, deep charcoal gray cowhide cover, tarnished brass rein
[5856/7413] magic-item Buzzing Scimitar -> a curved steel scimitar blade with a notched single-edged profile, a polished br
[5857/7413] magic-item Alembic of Unmaking -> large alembic featuring a spherical glass retort supported by a sturdy three-leg
[5858/7413] spell Hedgemagick -> dense cluster of tiny hovering sparks, swirling swarm of glowing emerald leaves,
[5859/7413] magic-item Slipshod Hammer -> large heavy smiths hammer, rough and unrefined iron head with prominent hammer m
[5860/7413] spell Hunger of Leng -> translucent swirling violet vortex of shadowy ethereal tendrils, shifting phanto
[5861/7413] monster Griffon -> huge quadrupedal beast with the muscular golden-brown leonine body, hind legs en
[5862/7413] monster Xanka -> small construct humanoid figure carved from gray stone, jointed limbs of interlo
[5863/7413] background Greenwise -> middle-aged human herbalist with a weathered face and kind green eyes, wearing a
[5864/7413] monster Skeleton Horde -> A massive animated swarm of human skeletal remains comprising hundreds of interl
[5865/7413] magic-item Wand of Treasure Finding -> slim slender cylindrical wooden wand, polished dark walnut body, intricate inter
[5866/7413] magic-item Dancing Ink -> a squat open ceramic inkpot filled with a swirling midnight black fluid that rip
[5867/7413] magic-item Frostfire Lantern -> ornate rectangular mithril lantern with intricate filigree scrollwork frames, fo
[5868/7413] monster Young Red Dragon -> large quadrupedal reptilian body, heavy crimson scales, long sinuous neck, horne
[5869/7413] feat Devious Strikes -> a heraldic shield divided diagonally in dark grey and crimson, featuring a jagge
[5870/7413] monster Unicorn -> large white quadruped resembling a horse with pristine coat, a single long spira
[5871/7413] magic-item Ring of Featherweight Weapons -> small delicate band of hammered mithril metal, pale silver-gray color, matte met
[5872/7413] monster Empty Cloak -> medium humanoid-shaped hollow dark woolen hooded cloak standing upright with no 
[5873/7413] monster Ghoul, Darakhul -> medium humanoid undead body shape, emaciated skeletal frame wrapped in rotting g
[5874/7413] spell Stone Aegis -> opaque rocky coating completely encasing a humanoids body, thick jagged grey gra
[5875/7413] subclass Circle of Crystals -> A circular metallic heraldic shield made of interlocking silver facets, twelve s
[5876/7413] monster Bolt-Thrower -> Small mechanical construct with a squat boxy torso of riveted bronze plates, fou
[5877/7413] magic-item Amulet of Sustaining Health -> heavy circular pendant of aged bronze, central polished carnelian cabochon stone
[5878/7413] monster Giant Pufferfish -> round bulbous body covered in dense greenish-grey leathery skin studded with row
[5879/7413] monster Copper Dragon Wyrmling -> medium-sized dragon in flight with broad wings spread wide, fine metallic copper
[5880/7413] spell Hallow -> a circular zone of sacred ground bounded by faint golden radiance pulsing along 
[5881/7413] monster Kobold Broodguard Dragon Servitor -> small reptilian humanoid standing with a hunched, servile posture, scaly reddish
[5882/7413] monster Clockwork Sentinel -> medium construct humanoid of whirring polished brass plates and clicking steel g
[5883/7413] monster Horse, Draft -> massive heavy-bodied horse with a broad deep chest and powerful muscular shoulde
[5884/7413] monster Uraeus -> tiny serpentine celestial dragon in flight, long sinuous golden scales shimmerin
[5885/7413] spell Mage Armor -> An intricate translucent barrier of pale blue force encasing a human figure, com
[5886/7413] monster Carbuncle -> small quadrupedal mammalian body shape, stout torso, short legs with tiny paws, 
[5887/7413] subclass Arcane Warrior -> a metallic heraldic shield bearing an embossed emblem of a crossed longsword and
[5888/7413] spell Slippery Fingers -> subtle twisting azure currents of magic winding around a target creature hands, 
[5889/7413] magic-item Tactile Unguent -> small ceramic jar with a dark slate grey glazed surface, featuring a tight-fitti
[5890/7413] spell Zone of Truth -> translucent shimmering pale blue spherical boundary resting upon the ground, a f
[5891/7413] magic-item Tipstaff -> short ebony baton, heavy-duty truncheon shape, cord-wrapped handle, silver-cappe
[5892/7413] magic-item Studded-Leather of Warding (+3) -> a set of form-fitting boiled leather armor featuring dark brown leather chest an
[5893/7413] monster Imp -> diminutive red-skinned humanoid fiend with a slender body, small curved horns pr
[5894/7413] spell Thunderwave -> an expanding circular hemisphere of violent concussive force, turbulent ripples 
[5895/7413] spell Gravity Shift -> A sphere of absolute darkness, three feet in diameter, twisting space into a vor
[5896/7413] monster Aboleth -> huge dark blue amphibious fish-like body, elongate serpentine tail fin, three sl
[5897/7413] feat Channel Divinity: Preserve Life -> a heraldic emblem featuring a stylized open human palm in pale silver metal, cen
[5898/7413] magic-item Boots of Levitation -> a pair of knee high leather boots crafted from supple dark brown hide, polished 
[5899/7413] monster Swamp Lily -> medium plant monster with a thick central green stalk emerging from murky water,
[5900/7413] monster Balor -> massive towering hulking demonic fiend with dark charred obsidian skin, enormous
[5901/7413] monster Guard -> humanoid figure of medium height and average build, standing in an upright postu
[5902/7413] spell Glacial Orbs -> five perfectly spherical balls of solid compacted ice, each roughly the size of 
[5903/7413] background Aurifex -> middle-aged human artisan with deeply lined skin, silver-streaked dark hair pull
[5904/7413] magic-item Mail of the Sword Master -> interlocking dark steel ring mail suit, polished silver pauldrons engraved with 
[5905/7413] monster Blaspheming Hand -> large winged fiend in midair flight, massive humanlike hand shaped torso with fi
[5906/7413] magic-item Heat Stone -> fist-sized smooth river stone, matte dark charcoal-gray basalt material, natural
[5907/7413] feat Bardic Inspiration (d10) -> an ornate heraldic shield bearing a polished brass ten-sided die at its center, 
[5908/7413] spell Warrior's Edge -> a longsword blade encased in a sheath of crackling violet and crimson electrical
[5909/7413] magic-item Tome of Clear Thought -> thick heavy folio tome, rectangular shape, dark midnight blue leather cover, bou
[5910/7413] magic-item Grasping Cloak -> heavy cloak constructed from overlapping vertical strips of midnight black leath
[5911/7413] feat Alert -> A heraldic shield emblem of forged steel bearing the raised metal relief of a wi
[5912/7413] magic-item Fulminar Bracers -> pair of solid silver bracers, outer surfaces covered in stylized etchings depict
[5913/7413] magic-item Blessed Pauper's Purse -> small weatherbeaten canvas pouch, frayed edges, patched coarse linen fabric dyed
[5914/7413] monster Empty Cloak -> a medium floating empty cloak of tattered dark fabric, suspended in midair witho
[5915/7413] monster Wanyudo -> huge flaming wooden oxcart wheel, tormented human torso fused at the waist into 
[5916/7413] monster Chuhaister -> massive humanoid giant with towering musculature, dark weathered grey skin, deep
[5917/7413] monster Brownie Mystic -> tiny humanoid fey standing upright with an erect posture, proportioned head with
[5918/7413] monster Silver Dragon Wyrmling Skeleton -> medium undead dragon skeleton in flight, elongated skeletal body with fine-boned
[5919/7413] monster Star Spawn of Cthulhu -> massive towering humanoid alien horror with rubbery dark green skin, an immense 
[5920/7413] magic-item Rope Seed -> short dry five-foot length of coarse natural tan hemp twine, rough fibrous textu
[5921/7413] monster Gilded Devil -> medium humanoid fiend with smooth golden metallic skin polished to a mirror fini
[5922/7413] magic-item Claymore of Sky's Wrath (d10, bulky), 9 charges -> weather beaten steel greatsword with a massive bulky double edged blade, etched 
[5923/7413] monster Sasori Fukurowashi -> medium fey creature, humanoid torso with broad shoulders and an upright noble po
[5924/7413] monster Fungi, Mush Marcher -> large bipedal fungal monstrosity, thick spongy moss-green stalk body, massive ro
[5925/7413] magic-item Alabaster Salt Shaker -> carved alabaster salt shaker, seven inches tall, shaped like a standing owl, smo
[5926/7413] magic-item Slimeblade Rapier -> slender steel rapier with an ornate wrought iron basket hilt and a polished bone
[5927/7413] monster Shadow Blight -> small withered shrub, jagged obsidian-black thorny branches, gnarled twisted roo
[5928/7413] monster Greater Lunarchidna -> medium-sized bulbous arachnid aberration with a pale segmented chitinous carapac
[5929/7413] magic-item Blooddrinker Spear -> long wooden spear haft, dark stained wood surface, upper section densely decorat
[5930/7413] magic-item Scimitar of Speed -> curved single-edged steel blade with a bright polished silver finish, dark ebony
[5931/7413] subclass Champion -> a polished steel heraldic shield bearing the emblem of a crossed longsword and w
[5932/7413] magic-item Giggling Orb -> three-inch diameter spherical glass orb, completely transparent and smooth surfa
[5933/7413] monster Frog, Giant -> medium aquatic beast with a massive crouching body shaped like a wide toad, mott
[5934/7413] spell Ice Storm -> dense cluster of massive jagged ice shards and large frozen blocks violently eru
[5935/7413] spell Phantasm -> a shifting, translucent phantom entity composed of swirling violet and indigo sh
[5936/7413] spell Elementalism -> a swirling convergence of elemental manifestations showing a spinning vortex of 
[5937/7413] monster Trollkin Reaver -> medium humanoid body shape, gangly muscular proportions, thick warty gray-green 
[5938/7413] magic-item Bloodfuel Rapier -> slender steel rapier with a narrow tapering blade, a blood-red fuller running th
[5939/7413] monster Vampire Patrician -> tall slender humanoid figure with alabaster pale skin, sharp angular facial feat
[5940/7413] monster Wood Troll -> gaunt humanoid monstrosity standing twelve feet tall with elongated limbs and hu
[5941/7413] subspecies Storm Giant -> colossal humanoid standing twenty-six feet tall with a muscular and imposing bui
[5942/7413] monster Sahuagin Warrior -> Medium aquatic humanoid with dark scaly blue-green skin, pale underbelly, webbed
[5943/7413] spell Agonizing Mark -> a ray of pure black energy crackling with dark violet lightning, jagged tendrils
[5944/7413] magic-item Teapot of Soothing -> a heavy cast iron teapot, rounded spherical body, short curved spout, fitted lid
[5945/7413] magic-item Ring of the Ram -> heavy band of forged dark iron, thick circular hoop, polished metal surface, dee
[5946/7413] monster Laestrigonian Giant -> massive humanoid giant standing thirty feet tall, broad heavy-set muscular torso
[5947/7413] monster Red Cap -> hunched withered old humanoid standing three feet tall with stringy gray hair, w
[5948/7413] monster Phase Spider -> large monstrous arachnid with eight spindly legs, a segmented dark chitinous exo
[5949/7413] spell Alarm -> a translucent shimmering spherical boundary of pale blue magical energy composed
[5950/7413] spell Flame Wave -> a surging tidal crest composed entirely of roaring orange and crimson flames, vi
[5951/7413] monster Shrieker -> human-sized bipedal mushroom, broad bulbous grayish-purple cap atop a thick cent
[5952/7413] magic-item Skald's Harp -> ornate triangular wooden harp fashioned from pale yellow maple, intricate bone i
[5953/7413] subclass Path of Hellfire -> a circular heraldic shield bearing a stylized upright gauntlet forged from black
[5954/7413] monster Lake Troll -> large hulking amphibious humanoid giant with blue-gray rubbery skin, webbed fing
[5955/7413] spell Amplify Gravity -> dense sphere of violently warped space compressing the surrounding air, deep ind
[5956/7413] monster Ice Devil -> large bipedal insectoid fiend with a chitinous exoskeleton, formidable powerful 
[5957/7413] spell Smelting Blast -> thick jagged bolt of incandescent red-hot liquid metal hurtling forward in a hor
[5958/7413] monster Diomedian Horse -> massive equine beast, powerful muscular body covered in coarse pitch-black fur, 
[5959/7413] monster Red-Banded Line Spider -> tiny orb-weaver spider, eight thin jointed legs, round segmented abdomen, chitin
[5960/7413] magic-item Mace of the Kingslayer (d8), 2 charges -> heavy iron mace, flanged head with eight triangular blades welded to a thick cen
[5961/7413] monster Alchemist Archer -> medium humanoid figure in an athletic stance, soot-stained leather armor over a 
[5962/7413] monster Baba Yaga's Horsemen, Black Night -> medium fey humanoid warrior riding a powerful stallion, clothed entirely in pitc
[5963/7413] magic-item Plate of Warding (+1) -> full suit of steel plate armor, polished metal surface deeply etched with intric
[5964/7413] magic-item Plumb of the Elements -> four-faceted pyramidal lead weight, dull grey matte metallic surface with slight
[5965/7413] magic-item Umbral Staff -> tall twisted darkwood staff, midnight-black and charcoal wood grain, surface dee
[5966/7413] monster Azza Gremlin -> small humanoid fey body, deep blue skin, oversized bat-like wings sprouting from
[5967/7413] monster Mindrot Thrall -> medium humanoid plant creature, desiccated brown fibrous bark skin, withered mos
[5968/7413] monster Divi -> massive hulking elemental body composed of tightly packed jagged stone and harde
[5969/7413] feat Step of the Wind -> a circular heraldic shield bearing a stylized golden wind vortex symbol composed
[5970/7413] monster Bone Devil -> large skeletal humanoid fiend with dried yellowish-gray skin stretched tight ove
[5971/7413] monster Wandering Haze -> Gargantuan amorphous viscous ooze, translucent pale grey shifting fog-like body 
[5972/7413] monster Forgotten Regent -> medium humanoid undead in flight, skeletal winged torso with tattered gray buria
[5973/7413] monster Minotaur -> massive barrel-chested humanoid monster, towering muscular build, broad shoulder
[5974/7413] spell Adaptive Skin -> translucent skin surface rippling with thermal energy shifts, subtle waves of pa
[5975/7413] monster Gnoll Warrior -> bipedal humanoid hyena hybrid with a hunched posture, massive muscular shoulders
[5976/7413] magic-item Oil of Sharpness -> small thick glass vial with a cork stopper containing a clear gelatinous fluid, 
[5977/7413] monster Archaeopteryx -> tiny avian creature in midair flight, small dinosaur-like body covered in mottle
[5978/7413] magic-item Eyestone, 3 charges -> smooth polished spherical gemstone, deep opaque black obsidian material, intrica
[5979/7413] monster Warrior -> medium humanoid male warrior with a muscular build, broad shoulders, tan skin, s
[5980/7413] monster Triceratops -> huge quadrupedal reptile, massive barrel-shaped body covered in drab gray leathe
[5981/7413] spell Immolating Gibbet -> a vertical glowing magical cage of searing orange and yellow flame hovering in t
[5982/7413] feat Aura of Protection -> A glowing golden heraldic shield emblem floating in midair, centered within the 
[5983/7413] magic-item Rowdy's Club -> knotted wooden club, rough dark brown grain, scarred surface covered in shallow 
[5984/7413] monster Shadow Elf Mage -> medium humanoid female shadow elf mage standing in an upright posture, slate-gra
[5985/7413] spell Hand of the Protector -> giant translucent shimmering spectral hand suspended midair, composed of dense o
[5986/7413] magic-item Potion of Longevity -> small cylindrical flask made of clear transparent glass, slender tapered neck, s
[5987/7413] monster Shadow Skeleton -> humanoid skeletal remains of dark charcoal-gray bone, medium build, intact ribca
[5988/7413] monster Cobblehounds -> four-legged canine monstrosity, body constructed from jagged interlocking cobble
[5989/7413] monster Trollkin Raider -> medium humanoid muscular build, asymmetrical greenish-gray skin tone, jagged sca
[5990/7413] monster Void Knight -> medium construct humanoid figure, faceless smooth polished black metallic shell,
[5991/7413] magic-item Bloodthirsty Crossbow Hand -> A heavy mechanical crossbow crafted from dark weathered steel, its wide rectangu
[5992/7413] subspecies Green Dragonborn -> bipedal humanoid dragonborn with emerald green scales covering a muscular and po
[5993/7413] monster Ghostwalk Spider -> large monstrous arachnid, bloated translucent grey abdomen, eight jointed legs o
[5994/7413] monster Nariphon -> huge bipedal humanoid plant creature, bulky trunk-like wooden body with coarse g
[5995/7413] spell Antilife Shell -> translucent hemispherical barrier of opaque force ten feet in radius, shifting b
[5996/7413] monster Cave Giant -> massive humanoid giant standing twelve feet tall with a thick, muscular build an
[5997/7413] magic-item Staff of Binding -> stout cylindrical oak staff, thick heavy body, dark brown wood grain surface, po
[5998/7413] spell Find Familiar -> translucent spectral spirit materialized from swirling azure mist, shifting its 
[5999/7413] monster Adult Bronze Dragon -> massive serpentine aquatic dragon with large webbed feet, broad leathery wings s
[6000/7413] magic-item Grasping Cap -> simple blue silk skullcap hat, white goose feather trim stitched along the brim,
[6001/7413] monster Sharkjaw Skeleton -> large animated skeletal creature formed from fused shark bones, massive elongate
[6002/7413] magic-item Chain Mail of Warding (+1) -> interlocking steel ring mail armor, dark gunmetal grey iron links, articulated s
[6003/7413] subclass Fiend Patron -> cast bronze heraldic shield bearing a raised relief emblem of a horned fiendish 
[6004/7413] magic-item Rain of Chaos -> asymmetrical recurve bow carved from a single piece of dark violet glass-like re
[6005/7413] monster Vila -> slender female humanoid fey of medium height, translucent ethereal skin with fai
[6006/7413] monster Elvish Veteran Archer -> slender medium humanoid elf with sharp angular features, pale skin, long pointed
[6007/7413] spell Globe of Invulnerability -> spherical barrier ten-foot radius translucent shimmering force field, concentric
[6008/7413] monster Demon, Leech -> massive aquatic serpentine fiend, elongated segmented body covered in slimy dark
[6009/7413] monster Mineral Ooze -> amorphous semi-solid mass of jagged crystalline debris and metallic gravel, larg
[6010/7413] magic-item Parasol of Temperate Weather -> two-foot-long straight wooden pole wrapped in fine green cloth, polished brass f
[6011/7413] spell Deep Breath -> transmutative aura manifesting as a faint, shimmering cerulean mist enveloping t
[6012/7413] monster Ink Devil -> small bipedal fiend with dark ink-stained skin, slender proportions, hunched pos
[6013/7413] spell Plant Scourge -> sudden outward radiating wave of ash grey decay energy, thick crawling tendrils 
[6014/7413] feat Tireless -> a stylized circular metal medallion depicting a muscular humanoid arm grasping a
[6015/7413] spell Ethereal Slip -> a semi-transparent spatial distortion in the shape of a vertical human-sized bre
[6016/7413] monster Griffon -> massive quadrupedal monstrosity with the muscular tawny-gold fur body and hindqu
[6017/7413] spell Insightful Maneuver -> a swirling concentration of pale golden divination energy manifesting as intrica
[6018/7413] monster Lizardfolk -> medium bipedal reptilian humanoid with scaly green skin, an elongated jaw filled
[6019/7413] magic-item Splint of Warding (+2) -> splint armor composed of overlapping vertical steel metal plates secured by leat
[6020/7413] monster Giant, Firestorm -> huge muscular humanoid giant standing upright with ashen grey skin, broad should
[6021/7413] feat Memorize Spell -> a bronze heraldic shield bearing a raised relief of an open parchment scroll fla
[6022/7413] monster Dimensional Shambler -> large hunched humanoid aberration, greyish-purple rubbery skin stretched over a 
[6023/7413] monster Grivid -> bulky massive quadrupedal aberration, thick rubbery grey-blue skin covered in pr
[6024/7413] magic-item Boots of Solid Footing -> stout knee-high leather boots of dark chestnut hide, thick black rubberized sole
[6025/7413] monster Initiate of the Elder Elementals -> small humanoid body shape, slender proportions, smooth stony grey skin etched wi
[6026/7413] spell Leap -> translucent kinetic surge of kinetic force, swirling circular vortex of emerald 
[6027/7413] magic-item Ring of Powerful Summons -> heavy band of dark forged iron, broad cylindrical profile, etched along the oute
[6028/7413] monster Invisible Stalker -> medium-sized elemental entity composed of swirling air and wind currents, hoveri
[6029/7413] monster Giant Flea Swarm -> a churning swarm of dozens of medium-sized wingless insects, each individual cre
[6030/7413] spell Beguiling Bet -> a shimmering translucent ribbon of pastel pink and lavender light twisting throu
[6031/7413] spell Spur Mount -> transmutation magic manifesting as a crackling aura of pale golden lightning arc
[6032/7413] spell Quicken -> a concentrated field of crackling emerald green energy swirling in a tight orbit
[6033/7413] magic-item Angelic Earrings -> a pair of magic earrings consisting of polished platinum hoops, each suspending 
[6034/7413] spell Divine Word -> A massive incandescent text glyph formed of blinding golden light expanding rapi
[6035/7413] monster Ink Guardian -> large amorphous ooze of dense obsidian black ink, shifting semi-liquid body shap
[6036/7413] monster Red Dragon Wyrmling -> medium dragon in flight, long serpentine body covered in small bright red scales
[6037/7413] monster Bat -> tiny flying mammalian beast, compact furry body covered in short dark brown fur,
[6038/7413] spell Locate Creature -> a swirling vortex of indigo and golden divinatory energy forming a semi-transpar
[6039/7413] magic-item Hunter's Charm (+1) -> small tribal fetish amulet, crafted from interlinked small bleached animal bones
[6040/7413] spell Dreamtalker -> translucent opalescent ether forming a floating elongated humanoid profile of so
[6041/7413] spell Message -> a tiny, concentrated bolt of pale silvery-blue arcane energy shaped like a compr
[6042/7413] monster Rageipede -> small segmented arthropod beast, long cylindrical segmented chitinous carapace o
[6043/7413] monster Clockwork Watchman -> medium-sized humanoid construct built of interlocking polished brass plates and 
[6044/7413] spell Acid Arrow -> a projectile of concentrated caustic green liquid shaped like a fletched arrow, 
[6045/7413] magic-item Elixir of Mimicry -> small clear glass vial filled with a thick, viscous, jet-black liquid, the oily 
[6046/7413] magic-item Countermelody Crystals -> a polished golden metal wrist band, set with ten translucent interlocking crysta
[6047/7413] magic-item Eyes of Minute Seeing -> a pair of circular transparent crystal lenses designed to fit over the eyes, eac
[6048/7413] monster Goblin Dreadnought -> small humanoid goblin body, heavy hulking proportions, scarred green skin, wedge
[6049/7413] monster Ursa Polaris -> Massive quadrupedal ursine monstrosity, dense polar bear build, thick white fur 
[6050/7413] monster Elophar -> large skeletal undead humanoid, towering proportions, bleached white bones wrapp
[6051/7413] monster Ancient Blue Dragon -> gargantuan massive-scaled dragon with dark azure scales caked in dry desert eart
[6052/7413] feat Ace Driver -> A heraldic shield emblem featuring a stylized winged chariot wheel centered on t
[6053/7413] magic-item Defender Shabti -> one foot tall humanoid statuette, crafted from weathered terracotta clay, rigid 
[6054/7413] spell Sculpt Elements -> a mass of dense stone and loose soil rising into the air, swirling in a vertical
[6055/7413] magic-item Wrenpenny Bit -> small copper coin, round shape, worn metallic surface, dull reddish-brown patina
[6056/7413] monster Bandit -> a human bandit with a scruffy brown beard, weather-beaten tanned skin, a patch o
[6057/7413] monster Urushi Constrictor -> massive serpentine aquatic monstrosity with deep indigo scales, heavy muscled co
[6058/7413] magic-item Circlet of Persuasion -> A slender, polished band of pale silver forming a complete circle, wrought from 
[6059/7413] monster Basilisk -> medium eight-legged reptilian monstrosity, bulky low-slung body covered in rough
[6060/7413] monster Vine Troll Skeleton -> massive skeletal humanoid frame overgrown with thick twisted green vines and roo
[6061/7413] monster Horse, War -> massive muscular equine body, towering height, dense coal-black coat, powerful t
[6062/7413] magic-item Sweet Nature -> a single-bitted woodcutting axe with a polished steel head etched with sprawling
[6063/7413] monster Shadow Fey Guardian -> tall slender humanoid figure, ash grey skin, angular sharp facial features, comp
[6064/7413] spell Guards and Wards -> a shifting boundary of pale violet energy pulsing in a faint geometric grid patt
[6065/7413] monster Guardian Naga -> large serpentine monstrosity with a massive coiled snake body covered in emerald
[6066/7413] spell Phantasmal Talons -> a pair of large spectral hand-like appendages hovering in midair, formed entirel
[6067/7413] monster Giant Badger -> medium beast, stout heavy-set quadrupedal body, thick muscular shoulders, short 
[6068/7413] magic-item Luck Blade -> a legendary magic sword with a sleek double-edged steel blade etched with faint 
[6069/7413] monster Rug of Smothering -> large rectangular woven fabric construct, ornate patterned borders along all fou
[6070/7413] spell Misdirection -> a sudden localized burst of bright violet luminescence and sparking azure light,
[6071/7413] monster Phase Giant -> huge humanoid giant body shape, towering immense proportions, ash-grey weathered
[6072/7413] magic-item Spell Eater -> small ornate rectangular bronze box, hinged lid with intricate filigree scrollwo
[6073/7413] spell Chaotic World -> a thirty-foot cube of space filled with colliding geometric planes of shifting u
[6074/7413] spell Blunted Edge -> a crackling aura of pale violet enchantment magic tightly constricting a weapon 
[6075/7413] magic-item Goggles of Firesight -> pair of goggles featuring a frame composed of mottled pinkish-tan flesh and inte
[6076/7413] feat Restoring Touch -> a circular heraldic shield bearing a glowing white hand motif with outstretched 
[6077/7413] feat Weapon Mastery (Rogue) -> a metallic heraldic shield bearing the engraved image of a curved stiletto dagge
[6078/7413] monster Marid -> massive blue-skinned piscine genie with a muscular humanoid upper body, wide tor
[6079/7413] spell Spire of Stone -> a jagged cylindrical pillar of dense grey granite exploding upward from the grou
[6080/7413] monster Alpha Fish -> massive aquatic beast with a thick torpedo-shaped body, dark iridescent blue sca
[6081/7413] spell Antipathy/Sympathy -> an enchanted focal point radiating a dual-toned magical field, shimmering spheri
[6082/7413] spell Death Ward -> an intricate sphere of golden geometric runes and interlocking vertical bands of
[6083/7413] spell Delayed Blast Fireball -> a tiny, intensely bright yellow bead of concentrated incandescent fire, hovering
[6084/7413] spell Befriend Beast -> swirling tendrils of emerald green and soft gold energy weaving together in a co
[6085/7413] magic-item Ruby Crusher -> greatclub made entirely of fused deep red rubies, smooth polished facets, heavy 
[6086/7413] monster Nkosi Pridelord -> medium humanoid feline warrior, tawny golden fur covering a muscular bipedal leo
[6087/7413] magic-item Signaling Compass -> small clamshell case made of tarnished brass, one exterior side featuring a smoo
[6088/7413] feat Blessed Healer -> A circular heraldic shield bearing a stylized silver open hand on a field of dee
[6089/7413] monster Angel, Kalkydra -> huge angelic celestial in midair flight with a noble upright posture, massive fe
[6090/7413] monster Flame Eater Swarm -> a swarm of dozens of medium-sized winged beast bodies, each with leathery grey s
[6091/7413] monster Chort Devil -> medium humanoid fiend with muscular red-skinned physique, horned head, pointed e
[6092/7413] monster Sand Silhouette -> medium undead humanoid creature composed entirely of shifting, densely packed de
[6093/7413] monster Naiad -> slender humanoid female figure of medium size with translucent pale blue skin re
[6094/7413] monster Zilaq -> tiny dragon, compact reptilian body shape, deep emerald green scales with golden
[6095/7413] magic-item Tome of Leadership and Influence -> thick folio-sized book bound in deep crimson leather, heavy brass reinforced cor
[6096/7413] spell Piper's Lure -> a glowing wooden wind instrument radiating a vibrant emerald and violet aura tha
[6097/7413] monster Umbral Vampire -> medium humanoid undead creature, gaunt emaciated humanoid body shape, ashen gray
[6098/7413] magic-item Five-Finger Fieldkit -> worn high-quality leather rucksack, dark brown scuffed canvas body, reinforced b
[6099/7413] magic-item Heliotrope Heart -> spherical heavy gemstone carved from deep dark green heliotrope stone, surface e
[6100/7413] monster Glass Gator -> large quadrupedal reptilian beast with a semi-translucent crystalline body, jagg
[6101/7413] subspecies High Elf -> tall slender humanoid stature, angular aristocratic facial features, sharply poi
[6102/7413] feat Monk's Focus -> a circular bronze heraldic medallion embossed with a stylized open lotus flower 
[6103/7413] magic-item Amulet of Health -> heavy polished platinum medallion on a thick chain, circular pendant engraved wi
[6104/7413] monster Storm Lord -> huge elemental body formed from churning dark grey thunderclouds and crackling b
[6105/7413] magic-item Mountaineer's Hand Crossbow -> compact wooden hand crossbow, weathered brown walnut stock, deeply etched miniat
[6106/7413] magic-item Stygian Crook -> long staff of gnarled rotted dark grey wood, curved top ending in a twisted shep
[6107/7413] monster Vulture -> large scavenger bird, dark black and brown feathered body, long hairless pinkish
[6108/7413] spell Demon Within -> swirling vortex of inky black and crimson smoke erupts outward from the center o
[6109/7413] feat Draconic Ancestor — Lightning -> heraldic heater shield bearing an embossed cobalt blue dragon head in profile wi
[6110/7413] spell Doom of Ancient Decrepitude -> spherical entropic magic field with a twenty-foot radius, swirling ashen gray en
[6111/7413] monster Torch Mimic -> tiny monstrosity, winged in flight, compact body resembling a burning wooden tor
[6112/7413] monster Ancient Cave Dragon -> gargantuan quadrupedal dragon with massive boulder-like scales covered in thick 
[6113/7413] background Fletchwind -> middle-aged human man, weathered face with deep laugh lines, short-cropped salt-
[6114/7413] magic-item Clarifying Goggles -> sleek brass goggle frame with articulated hinges, polished metallic surface show
[6115/7413] spell Earworm Melody -> visible magical effect consisting of a twisting ribbon of translucent magenta mu
[6116/7413] spell Blessed Halo -> a radiant nimbus of pure golden light shaped as a circular floating ring hoverin
[6117/7413] monster Leonino -> tiny winged feline beast in mid-flight, small quadrupedal body covered in short 
[6118/7413] spell Produce Flame -> open palm holding a flickering ball of vibrant orange and yellow fire, twisting 
[6119/7413] magic-item Slick Cuirass -> leather cuirass armor piece, rigid molded dark brown bovine hide torso shell, he
[6120/7413] monster Magma Mephit -> small elemental humanoid body shape, dark crusted rocky earth skin, glowing dull
[6121/7413] monster Veteran -> humanoid veteran warrior of medium build, weathered and scarred face with a shor
[6122/7413] spell Shadow Puppets -> an animated humanoid silhouette detached from a creature, twisting dark two-dime
[6123/7413] spell Ray of Enfeeblement -> a thick beam of crackling black necrotic energy, long tapered ray of pure shadow
[6124/7413] monster Black Bear -> stocky quadrupedal mammalian body, medium size, thick coarse fur coat of solid b
[6125/7413] species Catfolk -> slender humanoid stature, graceful muscular build, smooth tawny gold skin covere
[6126/7413] magic-item Mindshatter Bombard -> six-inch-long cylindrical magic item, polished brass metal body, transparent fac
[6127/7413] spell Conjure Minor Elementals -> four distinct elemental spirits manifest simultaneously, a swirling vortex of pa
[6128/7413] monster Stone Giant -> huge humanoid giant standing eighteen feet tall, gaunt skeletal proportions, smo
[6129/7413] spell Gird the Spirit -> translucent pale golden aura enveloping a humanoid target figure, shimmering war
[6130/7413] magic-item Ghost Dragon Horn -> curved wind instrument carved from pale driftwood, entirely covered in overlappi
[6131/7413] magic-item Potion of Mind Reading -> small clear glass vial with a cork stopper, filled with dense opaque purple liqu
[6132/7413] subclass Path of the Juggernaut -> a massive square steel shield bearing a central raised iron battering ram head e
[6133/7413] monster Mountain Nymph -> medium fey humanoid female with a slender agile athletic build, pale granite gre
[6134/7413] feat Wholeness of Body -> a circular heraldic emblem featuring a raised bas-relief hand in profile cupping
[6135/7413] monster Drake, Vapor -> large quadrupedal serpentine dragon in flight with pale translucent blue-white s
[6136/7413] spell Betraying Bauble -> two small handheld objects glowing with faint amber divination energy, a thin wi
[6137/7413] spell Cosmic Fingertips -> a pair of human-shaped hands formed entirely of swirling purple and indigo cosmi
[6138/7413] monster Hound of Tindalos -> emaciated canine-like body, angular unnatural frame, disease-wasted skin stretch
[6139/7413] monster Pteranodon -> large flying reptile in mid-flight with a fifteen to twenty foot wingspan, elong
[6140/7413] monster Elk, Giant -> massive quadrupedal mammalian beast with an enormous muscular body covered in de
[6141/7413] monster Ettercap -> bipedal humanoid spider monstrosity of medium size, humped blue-gray skin covere
[6142/7413] feat Draconic Ancestor — Fire -> a circular heraldic shield bearing the embossed profile of a red dragon head wit
[6143/7413] magic-item Glazed Greatsword -> massive two-handed greatsword, wide straight steel blade coated in a smooth glos
[6144/7413] background Fungal Forager -> a weathered middle-aged human forager standing with a tired posture, wearing a p
[6145/7413] spell Arcane Sword -> sword-shaped plane of pure force, translucent geometric blade with sharp rigid e
[6146/7413] spell Raise Dead -> a brilliant white sphere of concentrated divine energy hovering directly above a
[6147/7413] spell Vine Carpet -> thick dense horizontal mat of intertwined green vines and leafy tendrils springi
[6148/7413] monster Dipsa -> tiny translucent green ooze shaped like a creeping amorphous blob of viscous liq
[6149/7413] monster Scorpion Cultist -> medium humanoid figure draped in ragged desert robes of bleached linen, possessi
[6150/7413] magic-item Feather Token -> small magical object shaped like a fluffy cumulus cloud, carved from a single pi
[6151/7413] magic-item Berserker's Kilt (Wolf) -> thick wrap-around garment crafted from heavy gray and charcoal wolf fur with a s
[6152/7413] monster Jaculus -> small serpentine dragon in flight with a slender scaled body, dark emerald green
[6153/7413] monster Duskthorn Dryad -> medium fey humanoid female figure, slender body proportion, twisted dark grey wo
[6154/7413] feat Inspiring Leader -> a carved stone heraldic shield featuring a raised metallic crest, the crest disp
[6155/7413] monster Birgemon Seal -> medium amphibious aberration with a bulky seal-like body covered in smooth dark 
[6156/7413] monster Snatch Bat -> medium-sized aberration in flight, bat-like body shape with leathery wings spann
[6157/7413] spell Disguise Self -> a shimmering translucent humanoid silhouette enveloped in swirling pastel violet
[6158/7413] monster Berserker -> medium human male warrior with a heavily muscled and scarred athletic build, wil
[6159/7413] magic-item Band of Iron Thorns -> a heavy circular armband forged from blackened dark iron, the inner circumferenc
[6160/7413] monster Possessed Pillar -> large grey stone architectural column infused with dark magic, massive vertical 
[6161/7413] monster Yumerai -> medium fey creature, slender human-like torso and limbs, smooth skin with a pale
[6162/7413] monster Pech -> small human-like elemental standing upright, stout heavy-set torso, stubby legs,
[6163/7413] monster Tarrasque -> gargantuan bipedal monstrosity fifty feet tall and seventy feet long, colossal s
[6164/7413] spell Accelerate -> vibrant azure energy threads wrapping tightly around an invisible humanoid form,
[6165/7413] magic-item Tonic of Blandness -> short flat-bottomed glass flask with a narrow corked neck, filled to the brim wi
[6166/7413] monster Cacus Giant -> massive humanoid giant, towering stature, muscular and bulky torso, thick ash-gr
[6167/7413] spell Shadow Bite -> a fleeting needle-shaped construct of pure obsidian darkness, a sharply tapered 
[6168/7413] monster Hezrou -> large bulky demonic fiend with a hunched humanoid posture, thick bloated torso, 
[6169/7413] monster Lizardfolk Ruler -> medium humanoid reptilian body, emerald green scales mottled with dark brown pat
[6170/7413] spell Labyrinthine Howl -> translucent shimmering distortion wave of indigo force shaped like the head of a
[6171/7413] subclass Hunter in Darkness -> A heraldic shield emblem featuring a stylized dark metal silhouette of a hunting
[6172/7413] magic-item Grave Ward Chain Shirt -> a chain shirt crafted from interlocking dark grey steel rings, featuring gleamin
[6173/7413] monster Eagle -> small avian beast in mid-flight with a compact torso, hooked yellow beak, dark b
[6174/7413] monster Cave Goat -> small quadrupedal caprine beast, stout muscular body covered in coarse dark grey
[6175/7413] monster Fulminar -> massive hovering elemental body composed of swirling dark storm clouds and compr
[6176/7413] monster Deep One Archimandrite -> massive towering humanoid figure with water-logged blue-green scaly skin and web
[6177/7413] monster Skitterhaunt -> Large amorphous blob of translucent pale grey gelatinous ooze, quivering semi-so
[6178/7413] monster Centaur Trooper -> large fey creature with the muscular lower body and four legs of a chestnut brow
[6179/7413] monster Baliri Demon -> medium fiend with a gaunt humanoid torso, ashen gray skin drawn tight over sharp
[6180/7413] monster Adult Gold Dragon -> Huge quadrupeds dragon body, massive sweeping wings spanning wide, long sinuous 
[6181/7413] monster Giant Water Scorpion -> massive flat-bodied aquatic arthropod, dark brown segmented chitinous carapace, 
[6182/7413] magic-item Wand of Polymorph -> slender cylindrical tapered rod carved from grey-white bleached bone, surface et
[6183/7413] feat Hunter's Prey -> An embossed metal heraldic shield badge featuring a crossed recurve bow and a hu
[6184/7413] monster Ghast of Leng -> large humanoid aberration, towering emaciated body, pale purplish-gray leathery 
[6185/7413] subclass Legionary -> a heavy circular steel shield bearing a raised central boss, an embossed central
[6186/7413] monster Shadhavar -> large slender quadrupedal mammalian body, elegant unicorn-like build, smooth taw
[6187/7413] spell Whirling Blades -> a dense churning vortex of sharp metal shards, spinning at high speed within a f
[6188/7413] spell Detect Evil and Good -> circular ripple of translucent pale blue energy expanding outward from a central
[6189/7413] monster Jinnborn Air Pirate -> medium humanoid figure, slate-gray skin with faint swirling pale blue elemental 
[6190/7413] spell Scintillant Blast -> a wide expanding wave of multicolored magical force shaped as a sixty-foot cone,
[6191/7413] magic-item Fear-Eater's Mask -> painted wooden mask, carved in the visage of a snarling fiendish face, heavily t
[6192/7413] monster Child Of The Briar -> tiny humanoid plant creature standing ten inches tall, constructed entirely from
[6193/7413] monster Weeping Treant -> huge towering plant creature with a gnarled wooden trunk resembling a sorrowful 
[6194/7413] monster Angelic Enforcer -> large humanoid celestial in flight with a powerful muscular physique, pale alaba
[6195/7413] monster Pirate Captain -> weathered human male pirate captain of medium build, wind-chapped skin, deep fac
[6196/7413] monster Gargoyle -> medium elemental creature resembling a grotesque stone statue, rigid chiseled gr
[6197/7413] monster Vanara -> medium humanoid monkey-like vanara, slender athletic build, golden-brown fur cov
[6198/7413] monster Ancient Wind Dragon -> gargantuan quadrupedal dragon with massive feathered wings spanning hundreds of 
[6199/7413] spell Arcane Stain -> an ethereal pool of pulsing violet energy adhering to a rough stone surface, a f
[6200/7413] monster Steam Golem -> large humanoid construct formed of riveted steel plates, massive boxy torso, thi
[6201/7413] magic-item Alchemical Lantern -> heavy brass hooded lantern, cylindrical metal body with vertical ventilation sli
[6202/7413] spell Hematomancy -> crimson blood droplet suspended in midair, vibrating with concentric rings of da
[6203/7413] spell Seeping Death -> A thick, viscous cloud of purplish-black necrotic mist seeps across a target, ma
[6204/7413] monster Pombero -> hairy humanoid creature, medium height, thick matted dark brown fur covering its
[6205/7413] monster Merrow Mage -> large aquatic monstrosity with a muscular human-like upper torso and a long fish
[6206/7413] monster Deep Dwarf Soldier -> medium humanoid, ash-gray skin, heavy scarred muscle build, chalk-white matted h
[6207/7413] spell Mist of Wonders -> dense churning fog filling a thirty-foot radius sphere, swirling billow patterns
[6208/7413] monster Fungi, Void Fungus -> medium plant monster with a bulbous, swollen dome-shaped cap of deep obsidian bl
[6209/7413] monster Talus Flow -> massive humanoid elemental constructed entirely from jagged gray slate boulders 
[6210/7413] spell Conquer Gravity -> vertical column of dense kinetic force, churning vortex of pale violet and silve
[6211/7413] spell Dazzle -> dense cone of swirling multi-colored light motes expanding outward from a centra
[6212/7413] monster Tripwire Patch -> huge subterranean plant entity, massive bulbous root-mass covered in caked brown
[6213/7413] spell Curse of the Sightless -> swirling vortex of inky black shadow and oily purple smoke shaped like a massive
[6214/7413] magic-item Slimeblade Scimitar -> scimitar with a curved steel blade coated in an endless supply of dripping viole
[6215/7413] spell Gaseous Form -> a hovering, diffuse semi-transparent cloud of pale gray and translucent white va
[6216/7413] monster Dark Servant -> medium humanoid figure with charcoal gray skin tightly stretched over a gaunt sk
[6217/7413] spell Suggestion -> swirling tendrils of faint violet and pale indigo energy curling through the air
[6218/7413] magic-item Grave Reagent -> small thick-walled glass vial, bulbous spherical body with a flat circular base,
[6219/7413] feat Ritual Caster -> metal heraldic shield bearing an embossed circular border of runic script, an op
[6220/7413] magic-item Honey Trap -> small cylindrical jar of beaten bronze, hammered metal surface textured with den
[6221/7413] monster Black Pudding -> amorphous heaving mound of sticky viscous black sludge, large low-slung blobular
[6222/7413] monster Winter Wolf -> gigantic wolf-like quadruped, snow-white thick fur coat, pale blue glowing eyes,
[6223/7413] monster Dread Knight -> towering medium undead warrior, armored from head to toe in blackened, jagged ir
[6224/7413] monster Cambium -> large towering humanoid fiend in mid-flight with a muscular athletic build, leat
[6225/7413] spell Mind Link -> two translucent pale blue ethereal filaments connecting opposite ends of empty s
[6226/7413] monster Clockwork Beetle -> tiny mechanical beetle construct in mid-air with translucent mica wings vibratin
[6227/7413] spell Silence -> A perfectly spherical, completely transparent boundary dome of absolute quiet, t
[6228/7413] monster Goblin Shieldbearer -> small humanoid goblin with green skin and oversized pointed ears, hunched aggres
[6229/7413] magic-item Chainbreaker Scimitar -> single-edged curved steel scimitar blade with dark dull grey finish, notched and
[6230/7413] monster Mountain Dwarf Lord -> stout medium humanoid male with broad shoulders and a muscular build, thick weat
[6231/7413] spell Comprehend Languages -> swirling golden runic symbols and ancient alphabets floating in the air, dense c
[6232/7413] monster Green Hag -> hunched medium humanoid fey, withered bluish-green skin, long stringy black hair
[6233/7413] monster Spurred Water Skate -> large aquatic insectoid beast, elongated segmented body covered in a dull grey-g
[6234/7413] magic-item Medallion of Thoughts -> a heavy circular brass medallion, polished metallic golden surface, engraved wit
[6235/7413] spell Alter Self -> translucent iridescent teal energy shrouding a humanoid torso, shimmering viscou
[6236/7413] monster Minotaur -> massive barrel-chested humanoid body with a bull head, immense curling horns orn
[6237/7413] magic-item Horseshoes of a Zephyr -> four heavy U-shaped iron horseshoes, matte dark grey forged metal surface, each 
[6238/7413] magic-item Grave Ward Padded -> a very rare magical padded armor suit composed of thick quilted fabric in a deep
[6239/7413] magic-item Marvelous Clockwork Mallard -> intricate clockwork duck of tiny scale, fashioned from interconnected plates of 
[6240/7413] magic-item Dust of the Dead -> small cylindrical glass vial, securely sealed with a tightly fitted cork stopper
[6241/7413] magic-item Garments of Winter's Knight -> layered tunic and trousers of heavy white silk and deep royal blue wool, trimmed
[6242/7413] monster Clockwork Tactician -> medium mechanical construct with a humanoid silhouette composed of interlocking 
[6243/7413] monster Iron Sphere -> small spherical metal construct, compacted red earth and dried mud caked thickly
[6244/7413] monster Cultist Fanatic -> medium humanoid figure with a gaunt frame and hunched posture, pale ash-gray ski
[6245/7413] spell Hex -> a pulsing violet sigil hovering in midair, composed of jagged runes burning with
[6246/7413] monster Giant Vampire Bat -> massive quadrupedal mammalian beast with a large muscular torso, two leathery me
[6247/7413] spell Etherealness -> translucent pearlescent energy boundary, shimmering pale silver border ripples, 
[6248/7413] monster Rakshasa -> bipedal humanoid fiend with the muscular body of a man and the head of a Bengal 
[6249/7413] feat Slow Fall -> a heraldic shield emblazoned with a stylized feather descending past a breaking 
[6250/7413] monster Wraith -> medium incorporeal humanoid silhouette, tattered wispy shadow-stuff body, featur
[6251/7413] monster Undead Phoenix -> huge avian undead skeleton, immense skeletal wings composed of charred black bon
[6252/7413] monster Corpse Worm -> large segmented annelid body of pale grey decaying flesh, thick muscular hide sc
[6253/7413] monster Jubjub Bird -> massive avian beast in mid-flight, colossal body with thick emerald-green and sl
[6254/7413] monster Old Salt -> medium undead humanoid, skeletal aquatic waterlogged corpse bloated by seawater,
[6255/7413] monster Wind's Harp -> medium-sized fiend in mid-flight with wide-spanned leather wings, elongated skel
[6256/7413] spell Clash of Glaciers -> two massive jagged boulders of semi-transparent pale blue ice with sharp crystal
[6257/7413] monster Owlbear -> massive bearlike body covered in a thick shaggy coat of dense brown feathers, la
[6258/7413] subclass Demise Domain -> a circular heraldic shield bearing a stylized silver skull emblem in profile, ov
[6259/7413] subclass Vermin Domain -> heraldic escutcheon divided per pale into mottled earth and swamp green, bearing
[6260/7413] monster Spree -> small bipedal fiend with ash-gray leathery skin, hunched posture, elongated claw
[6261/7413] spell Knock -> A dense ripple of distorted air forming a visible shockwave of force, a sudden b
[6262/7413] spell Haste -> a pulsating halo of pale yellow transmutation magic, jagged lightning arcs of sh
[6263/7413] monster Water Elemental -> massive churning wave of translucent blue water shaped into a vaguely humanoid u
[6264/7413] spell Coup de Grâce -> a concentrated sphere of crackling indigo energy hovering directly above a targe
[6265/7413] spell Sheen of Ice -> compact spherical mass of solid opaque blue-white ice, violently bursting outwar
[6266/7413] monster Allosaurus -> huge bipedal predatory reptile with drab brownish-green scaly skin, a massive el
[6267/7413] spell Iron Gut -> a swirling aura of dense olive green and sickly yellow gaseous energy wrapping t
[6268/7413] monster Alke -> massive quadrupedal monstrosity with a muscular leonine body, thick tawny-brown 
[6269/7413] monster Fixer -> medium humanoid figure with a hunched posture, leathery gray skin stretched taut
[6270/7413] monster Owlbear -> massive bulky bearlike body covered in thick shaggy brown fur interwoven with de
[6271/7413] feat Use Magic Device -> heraldic shield divided diagonally, upper left field depicting a steel broadswor
[6272/7413] spell Pacify -> dense cloud of pale lavender vapor shaped like interlocking soft lotus petals, d
[6273/7413] monster Shark, Giant -> massive aquatic beast with a torpedo-shaped body, dark grey skin on top fading t
[6274/7413] monster Timingila -> gargantuan aquatic monstrous whale-like body with dark grey leathery skin, massi
[6275/7413] monster Lizardfolk Shaman -> bipedal reptilian humanoid of medium stature, dark green and swamp-brown scaled 
[6276/7413] spell Walking Wall -> A massive rectangular barrier ten feet high and twenty feet long composed of doz
[6277/7413] monster Vines of Nemthyr -> massive sentient plant mass, thick earth-caked woody vines of deep brown and bla
[6278/7413] monster Young Emerald Dragon -> large quadrupedal reptilian dragon body, emerald green crystalline scales tinged
[6279/7413] monster Swarm of Crawling Claws -> a chaotic swarm of dozens of disembodied human hands scurrying across the ground
[6280/7413] magic-item Banner of the Fortunate -> rectangular standard of heavy cream silk fabric, embroidered border of interwove
[6281/7413] magic-item Deserter's Boots -> a pair of worn knee-high boots crafted from dark brown cracked leather, reinforc
[6282/7413] monster Ia'Affrat -> massive towering fiend with leathery bat-like wings outspread in midair flight, 
[6283/7413] spell Poison Skin -> viscous sickly green chemical secretion coating the entire epidermal surface of 
[6284/7413] monster Lesser Scrag -> emaciated medium humanoid monster with waterlogged blue-grey skin stretched tigh
[6285/7413] monster Wickerman -> huge humanoid construct woven entirely from thick, sun-baked straw and dark, wea
[6286/7413] spell Pendulum -> translucent swinging metal pocket watch on a spectral silver chain, glowing indi
[6287/7413] monster Couatl -> serpentine celestial being in mid-flight with a long, sinuous snake-like body co
[6288/7413] spell Legend Lore -> An intricate spherical cluster of glowing azure runic characters, shimmering gol
[6289/7413] spell Soul Annex -> a swirling cage of translucent violet energy bands tightly constricting around a
[6290/7413] spell Spectral Champion -> large incorporeal humanoid entity composed of swirling translucent ethereal ener
[6291/7413] monster Hyena -> medium quadrupedal beast, sloping back with hind legs significantly shorter than
[6292/7413] monster Brimstone Locusthound -> medium monstrosity in flight, quadrupedal canine body shape, reddish-brown chiti
[6293/7413] magic-item Ogre's Pot -> heavy cast iron cooking pot, rounded swollen belly, three short stubby legs, thi
[6294/7413] magic-item Invested Hurt (d6), 10 charges -> razor thin shortsword, exceptionally slender blade of dull dark gray forged iron
[6295/7413] feat Martial Adept -> A cast iron heraldic shield bearing a raised metallic crest, the crest featuring
[6296/7413] monster Quickstep -> small fey creature with a slender and agile humanoid body shape, hunched predato
[6297/7413] subclass Wind Domain -> a stylized heraldic shield displaying a soaring golden eagle against a sky-blue 
[6298/7413] monster Clockwork Hound -> medium-sized canine construct composed of interlocking polished brass plates and
[6299/7413] feat Aura Expansion -> a bronze heraldic shield bearing a centered raised emblem of a stylized human si
[6300/7413] monster Shurale -> medium fey creature with an emaciated humanoid body, long spindly limbs, ashen g
[6301/7413] magic-item White Dandelion -> magically enhanced dandelion flower, spherical white seed head composed of hundr
[6302/7413] monster Gibbering Mouther -> amorphous mass of gray and purple liquefied flesh, countless scattered human mou
[6303/7413] magic-item Dreamwalker's Veil, 3 charges -> floor length hooded robe crafted from translucent pale purple silk fabric, light
[6304/7413] feat Primal Order: Warden -> a bronze heraldic shield bearing a raised relief carving of a gnarled oak tree t
[6305/7413] spell Adhere -> dense bubbling amber slime coating the entire surface of an object, thick viscou
[6306/7413] monster Blue Dragon Wyrmling -> medium-sized blue dragon wyrmling with azure scales, large leathery wings extend
[6307/7413] magic-item Cloak of Resistance -> A floor-length hooded cloak made of thick woven wool in a deep charcoal grey col
[6308/7413] spell Outflanking Boon -> An illusory humanoid phantom composed of swirling translucent violet energy and 
[6309/7413] magic-item Sandals of the Desert Wanderer -> a pair of supple tan leather sandals, flat soles crafted from cured hide, multip
[6310/7413] magic-item Efreeti Bottle -> heavy brass bottle, thick rounded base, long slender tapering neck, snug fitting
[6311/7413] magic-item Sling Stone of Screeching -> spherical sling stone carved from dense grey stone, surface meticulously chisele
[6312/7413] spell Aura of Protection or Destruction -> a spherical thirty-foot radius shockwave of brilliant golden abjuration energy e
[6313/7413] monster Young Wind Dragon -> large quadrupedal reptilian dragon in flight, long serpentine neck, elongated wh
[6314/7413] magic-item Staff of Spores -> gnarled dark brown wooden staff, six feet long, thick twisted trunk material, co
[6315/7413] monster Drider -> upper torso and head of a male drow with dark grey skin, stark white hair, and g
[6316/7413] monster Stygian Fat-Tailed Scorpion -> tiny arachnid body, pitch-black segmented chitin exoskeleton, eight slender legs
[6317/7413] monster Night Cat -> large feline quadruped with midnight black fur absorbing light, sleek muscular b
[6318/7413] monster Bearded Devil -> humanoid fiend, medium build, muscular physique, scaly deep red skin, long point
[6319/7413] monster Nightgaunt -> large humanoid aberration with smooth black rubbery skin, total facelessness lac
[6320/7413] feat Two-Weapon Fighting -> A carved wooden heraldic shield bearing a central charge of two crossed iron bro
[6321/7413] magic-item Dragon Slayer -> longsword weapon, heavy polished steel blade with a deep central fuller, straigh
[6322/7413] monster Mad Piper -> large construct body crafted from rusted iron plates and splintered wood, mechan
[6323/7413] spell Aura of Truth -> a circular sphere of translucent golden force measuring fifteen feet in radius, 
[6324/7413] monster Vine Golem -> medium-sized humanoid construct formed entirely from a dense, tangled mass of th
[6325/7413] spell Bestow Curse -> dark ashen smoke shaped like jagged skeletal hands grasping outward, wisps of ne
[6326/7413] monster Accursed Defiler -> emaciated humanoid undead corpse, medium height, skeletal frame tightly stretche
[6327/7413] magic-item Black Phial -> small pear-shaped vessel carved from solid opaque obsidian stone, smooth polishe
[6328/7413] magic-item Venomous Fangs -> two identical prosthetic canines, crafted from dark obsidian-tinted metal, each 
[6329/7413] spell Peeping Warlock -> two hovering disembodied human eyeballs, slightly larger than a fist, suspended 
[6330/7413] subclass Beast Trainer -> A heraldic shield displaying a rampant silver wolf and a golden falcon beneath a
[6331/7413] magic-item Extract of Dual-Mindedness -> small stoppered crystal flask containing a swirling opalescent purple liquid spl
[6332/7413] monster Cloaker -> large aberration resembling a dark leathery cloak, flat cartilaginous body shape
[6333/7413] monster Boneshard Wraith -> medium hovering undead creature, skeletal humanoid skeletal frame encased in jag
[6334/7413] magic-item Bracers of Defense -> a pair of heavy forged steel bracers, cylindrical shape, polished gunmetal grey 
[6335/7413] magic-item Wraithstone -> carved petrified root material, jagged irregular stone edges transitioning into 
[6336/7413] background Trophy Hunter -> middle-aged human man with weathered skin, deep facial lines, and a thick grey-s
[6337/7413] monster Chernomoi -> tiny fey creature in midair flight with fragile insectoid wings sprouting from i
[6338/7413] monster Simhamukha -> huge celestial entity with a powerful human-like humanoid body, a majestic white
[6339/7413] spell Vagrant's Nondescript Cloak -> a tattered grey canvas cloak draped over a featureless silhouette, the fabric ri
[6340/7413] magic-item Arcanaphage Stone -> smooth oval stone, polished dull grey basalt surface, subtle dark veins webbed a
[6341/7413] magic-item Umbral Band -> thick band forged from matte blackened steel, smooth and seamless surface, cold-
[6342/7413] monster Naina -> huge serpentine dragon with obsidian black scales covering its muscular body, im
[6343/7413] subclass Chaplain -> A circular brass heraldic shield featuring an embossed open book with fluttering
[6344/7413] spell Fireball -> A bright orange and yellow streak of fire hurtling through the air, expanding in
[6345/7413] monster Ancient Brass Dragon -> Gargantuan quadrupedal dragon, massive serpentine body covered in dull greenish-
[6346/7413] monster Ankheg -> massive multi-segmented insectoid monstrosity covered in a thick brown chitinous
[6347/7413] monster Gargoyle -> medium-sized humanoid elemental fashioned from dark grey stone, grotesque muscul
[6348/7413] magic-item Potion of Speed -> small crystal flask with a narrow neck and a cork stopper, containing a bright y
[6349/7413] spell Soulwrought Fists -> two human hands transformed into solid dark iron, thick blocky fingers fused and
[6350/7413] background Criminal -> human male with a scarred face and cold calculating eyes, wearing a dark hooded 
[6351/7413] monster Rock Roach -> medium-sized burrowing insectoid beast, segmented chitinous exoskeleton coated e
[6352/7413] monster Kikimora -> medium fey creature with a gaunt humanoid frame, long spindly limbs ending in sh
[6353/7413] spell Beast Form -> transmuting humanoid body reshaping into a quadrupedal mammalian beast covered i
[6354/7413] monster Altar Flame Golem -> large humanoid construct formed from heavy carved stone blocks, body shape resem
[6355/7413] feat Channel Divinity -> a heraldic shield emblem featuring a radiant stylized sunburst overlaid with a v
[6356/7413] monster Quagga -> medium monstrosity, bestial human-like body with thick gray skin and bristly dar
[6357/7413] monster Snake, Poisonous -> tiny serpentine body coiled in water, slender tapering tail, smooth overlapping 
[6358/7413] magic-item Blackguard's Handaxe -> small one-handed magic handaxe, forged from dark blackened steel, single-bitted 
[6359/7413] spell Levitate -> shimmering pale blue energy field completely surrounding a floating heavy iron c
[6360/7413] magic-item Staff of the Treant -> a gnarled wooden quarterstaff formed from a thick grey tree branch, rough textur
[6361/7413] background Mysterious Origins -> middle-aged human traveler with a weary demeanor, short graying brown hair, tire
[6362/7413] monster Diminution Drake -> medium dragon in flight with a serpentine body, a scaled hide of deep matte viol
[6363/7413] monster Gbahali (Postosuchus) -> huge quadrupedal archosaur reptile with a lowslung heavy body, broad muscular ta
[6364/7413] magic-item Bear Paws -> a pair of thick hand wraps fashioned from golden flexible beeswax, the entire te
[6365/7413] monster Spy -> humanoid figure of medium height standing in a tense ready stance, wearing a tig
[6366/7413] monster Malmbjorn -> huge aquatic burrowing monstrosity, towering massive bulk, thick hide caked in d
[6367/7413] spell Spiteful Weapon -> a spectral melee weapon hovering in midair, wrapped in dark violet necrotic ener
[6368/7413] monster Repository -> medium construct creature, humanoid bipedal body composed of interlocking metall
[6369/7413] spell Charm Person -> vibrant pink and rose red energy tendrils weaving into a delicate shimmering hea
[6370/7413] monster Boreal Dragon Wyrmling -> medium-sized dragon in flight with an elongated serpentine body, pristine white 
[6371/7413] monster Goblin -> small humanoid standing three feet tall with a wiry body, warty green skin, elon
[6372/7413] spell Shapechange -> a swirling vortex of prismatic transmutation magic, a chaotic column of shimmeri
[6373/7413] magic-item Helm of Comprehending Languages -> a polished steel open-faced bascinet helmet with a rounded skull and a flared ne
[6374/7413] monster Storm Giant -> massive humanoid giant, twenty-six feet tall, powerful and muscular build, pale 
[6375/7413] spell Instant Summons -> deep blue translucent sapphire gemstone inscribed with delicate glowing azure sc
[6376/7413] subclass Cat Burglar -> a circular shield bearing an embroidered heraldic crest of a sleek stylized blac
[6377/7413] spell Marble Craze -> a cascade of hundreds of solid polished white marble spheres pouring continuousl
[6378/7413] spell False Life -> swirling tendrils of ashen grey necrotic energy wrapping tightly around a gaunt 
[6379/7413] spell Mass Suggestion -> translucent shimmering violet ribbon of magical energy undulating horizontally i
[6380/7413] monster Cueyatl Moon Priest -> small humanoid amphibian standing upright with mottled blue and green damp skin,
[6381/7413] monster Salamander -> large serpentine elemental with a muscular humanoid upper torso and a long sinuo
[6382/7413] magic-item Wand of Binding -> slender cylindrical wand crafted from polished dark iron, surface etched with in
[6383/7413] monster Giant, Shire -> massive human-shaped giant towering thirty feet tall, broad heavy-set frame of m
[6384/7413] spell Detect Magic -> thin translucent violet energy field shimmering in concentric ripples across emp
[6385/7413] spell Emerald Eyes -> two spectral glowing emerald green human eyes floating in midair, vivid jade ill
[6386/7413] background Hermit -> weathered middle-aged human with deep wrinkles and sun-darkened skin, calm and i
[6387/7413] monster Keelbreaker Crab -> huge aquatic monstrosity resembling a colossal crab, heavily armored carapace of
[6388/7413] spell Flesh to Stone -> A humanoid figure mid-transformation, its lower limbs entirely turned to grey, c
[6389/7413] monster Ghost Knight Templar -> medium undead humanoid figure, skeletal proportions, wrapped in tattered and rus
[6390/7413] spell Phantom Steed -> large quasi-real equine quadruped with a translucent ghostly body composed of pa
[6391/7413] monster Blemmyes -> huge headless humanoid giant, massive muscular torso, broad shoulders, face inte
[6392/7413] spell Never Surrender -> glowing golden abjuration aura enveloping a humanoid silhouette, crackling geome
[6393/7413] monster Son Of Fenris -> huge quadrupedal monstrous canine body shape, massive muscular frame, thick matt
[6394/7413] monster Lemurfolk Greyfur -> small humanoid body shape, slender proportions, covered entirely in thick grey f
[6395/7413] monster Shield Guardian -> massive hulking humanoid construct of dark carved stone and bolted iron plates, 
[6396/7413] magic-item Bloodthirsty Glaive -> polearm with a long dark iron shaft, heavy steel haft, massive curved blade head
[6397/7413] monster Far Darrig -> short humanoid fey creature, stout torso, oversized head, oversized rounded ears
[6398/7413] monster Asp Vine -> medium-sized plant creature, twisting green vine-like main stalk coiled in an up
[6399/7413] spell Reverberate -> a fifteen-foot triangular wedge of cracked earth and fractured stone, violently 
[6400/7413] magic-item Chillblain Plate -> full suit of heavy plate armor forged from overlapping polished blue steel plate
[6401/7413] monster Young Amethyst Dragon -> large quadrupedal dragon with lavender and violet crystal scales, two large memb
[6402/7413] spell Curse Ring -> a metallic finger band encircled by a continuous band of pale violet necromantic
[6403/7413] spell Scrying -> a translucent hovering sphere of shimmering indigo energy about the size of a hu
[6404/7413] monster Pony -> compact equine quadruped, thick muscular body, short slender legs ending in roun
[6405/7413] background Entertainer -> a human entertainer with a charismatic demeanor and an open, welcoming smile, we
[6406/7413] magic-item Ring of Hoarded Life -> thick band forged from dull dark iron, heavy and utilitarian in construction, th
[6407/7413] magic-item Cloak of Stars, 6 charges -> A long floor-length flowing cloak made from a smooth bluish black material with 
[6408/7413] spell Knock -> a swirling vortex of indigo and golden arcane script, bursting outward in a rapi
[6409/7413] spell Foresight -> translucent golden aura enveloping a humanoid silhouette, shifting geometric lat
[6410/7413] monster Vampire Spawn -> humanoid undead creature of medium build, ashen gray skin drawn tightly over pro
[6411/7413] spell Contagion -> thick oily purplish black miasma curling into sickly green necrotic wisps taking
[6412/7413] monster Balor -> huge muscular humanoid fiend, massive sweeping leathery bat wings protruding fro
[6413/7413] monster Chuul -> large crustacean aberration, dark green chitinous exoskeleton, bipedal humanoid 
[6414/7413] monster Bronze Golem -> large humanoid construct forged entirely from heavy polished bronze plates bolte
[6415/7413] feat Danger Sense -> a heraldic shield of brushed steel embossed with a raised stylized eye surrounde
[6416/7413] monster Grimlock -> medium humanoid body shape, completely hairless and grayish-pink skin, withered 
[6417/7413] monster Giant Bombardier Beetle -> six-legged medium insectoid beast, segmented reddish-brown chitinous exoskeleton
[6418/7413] monster Howler Baboon -> medium-sized simian beast with a robust muscular frame, thick coarse gray fur co
[6419/7413] magic-item Rod of Lordly Might -> a straight one-foot long cylindrical metal rod forged from dark adamantine, poli
[6420/7413] subspecies Gold Dragonborn -> bipedal humanoid dragonborn with broad shoulders and a powerful muscular stature
[6421/7413] magic-item Skipstone -> small round stone, three-quarters of an inch in diameter, rough textured surface
[6422/7413] magic-item Rogue's Aces -> four colorful parchment cards, rectangular playing cards, aged paper texture, ha
[6423/7413] spell Ley Leech -> swirling sphere of dark violet and sickly green necrotic energy, crackling tendr
[6424/7413] magic-item Potion of Invisibility -> small pear-shaped glass flask completely transparent and clear, containing an in
[6425/7413] monster Bugbear -> large muscular humanoid, towering over seven feet tall, bulky hunchbacked torso,
[6426/7413] spell Teleport -> a swirling vortex of indigo and violet spatial energy, a spherical tear in space
[6427/7413] spell Flesh to Stone -> thick gray mineral crust spreading across biological tissue, a jagged jagged fro
[6428/7413] monster Fey Revenant -> large humanoid fey corpse with pale ashen skin stretched tightly over a gaunt sk
[6429/7413] spell Illuminate Spoor -> a series of glowing tracks upon the ground, a faint ethereal luminescence tracin
[6430/7413] magic-item Agile Half Plate -> a fitted suit of half plate armor fashioned from brushed steel plates with dark 
[6431/7413] spell Holy Aura -> an intense spherical shell of pure white divine radiance expanding outward in a 
[6432/7413] spell Commune -> a swirling vertical tear in space, shimmering opalescent light leaking from the 
[6433/7413] monster Zombie Horde -> a mass of dozens of decaying humanoid corpses shuffling forward in a dense clust
[6434/7413] magic-item Holy Avenger -> a magnificent longsword featuring a straight double-edged steel blade with a cen
[6435/7413] monster Erinyes -> statuesque female humanoid fiend with flawless pale skin, long flowing dark crim
[6436/7413] monster Swarm of Esteron -> medium-sized winged beast in flight, aquatic features, tightly clustered swarm o
[6437/7413] spell True Strike -> A concentrated beam of brilliant radiant energy shaped like a jagged spearhead, 
[6438/7413] monster Dragonflesh Golem -> huge humanoid construct assembled from mismatched patches of green and red drago
[6439/7413] spell Puppeteer -> thin translucent threads of shimmering azure magical energy extending outward fr
[6440/7413] monster Plaresh -> medium fiend with a hunched human-like torso fused to a segmented aquatic tail c
[6441/7413] magic-item Potion of Climbing -> small glass flask with a narrow neck and cork stopper containing three distinct,
[6442/7413] spell Wall of Fire -> an immense vertical sheet of roaring orange and yellow flames rising twenty feet
[6443/7413] monster Naga -> massive serpentine creature with a thick coiled lower body of emerald green scal
[6444/7413] monster Tosculi Elite Bow Raider -> medium humanoid insectoid, rigid segmented chitinous exoskeleton in dark amber a
[6445/7413] monster Nalusa Falaya -> tall slender humanoid aberration with impossibly elongated limbs, thin grey skin
[6446/7413] monster Bugbear Chief -> muscular medium humanoid with coarse tawny-brown fur, a broad flat face featurin
[6447/7413] magic-item Devil's Barb -> thin wand fashioned from a dark reddish-black fiendish quill of a barbed devil, 
[6448/7413] subclass Circle of Sand -> circular wooden shield bearing an intricate carving of a howling desert wolf sur
[6449/7413] magic-item Obliteration Scroll, 1 use, _petty_ -> a single-page parchment document, rectangular shape, brittle yellowed paper mate
[6450/7413] magic-item Blade of Petals -> shortsword weapon with a dull green steel blade, hilt fitted with a pommel fashi
[6451/7413] species Satarre -> humanoid figure, slender muscular build, dark grey skin, glowing violet eyes wit
[6452/7413] spell Cloudkill -> a massive sphere of thick, roiling, sickly green fog, dense billowing vapor fill
[6453/7413] monster Death Vulture -> massive monstrous avian vulture in mid-flight with an enormous wingspan, heavily
[6454/7413] magic-item Polymorphing Mirror -> ornate hand mirror with a tarnished silver frame, rectangular glass surface with
[6455/7413] monster Dragon Eel -> huge serpentine dragon-eel hybrid body with dark green scales and pale yellow un
[6456/7413] monster Adult Silver Dragon -> huge quadrupedal dragon with an elongated serpentine neck, massive feathered win
[6457/7413] spell Chromatic Orb -> four-inch-diameter spherical mass of concentrated elemental energy, swirling tur
[6458/7413] magic-item Wand of Plant Destruction -> A rigid wand of dark petrified wood, twelve inches in length and tapering slight
[6459/7413] spell Pocket Container -> a hovering rectangular chest formed of coalescing translucent violet energy thre
[6460/7413] spell Protection from Poison -> a shimmering translucent aura of pale emerald green energy enveloping an invisib
[6461/7413] monster Wardu -> medium humanoid aberration hovering in midair, leathery dark gray skin tightly s
[6462/7413] monster Angel, Haladron -> tiny humanoid celestial, slender upright body shape, pale golden skin, six feath
[6463/7413] magic-item Unerring Dowsing Rod -> a dark gnarled willow root magic item, worn and smooth surface texture, short fo
[6464/7413] monster Erina -> small bipedal humanoid with a stout and compact body shape, covered entirely in 
[6465/7413] magic-item Encouraging Chain Shirt -> a flexible chain shirt constructed from interlocking rings of polished silver an
[6466/7413] monster Megapede -> massive segmented centipede-like monstrosity stretching thirty feet long, heavy 
[6467/7413] spell Touch of Filth -> viscous swirling olive-green miasma and dark noxious purple vapor wrapping dense
[6468/7413] spell Delay Potion -> translucent glass vial filled with a thick violet liquid that remains completely
[6469/7413] spell Black Goat’s Blessing -> dark purple energy coalescing around the target in swirling tendrils shaped like
[6470/7413] spell Forest Army -> a swirling vortex of animated foliage, swirling green leaves, intertwined twisti
[6471/7413] spell Animal Ally -> translucent spectral projection of a medium-sized wolf shaped entirely from pale
[6472/7413] magic-item Hand of Ser Crufiks, 1 charge -> mummified human hand, withered and shrunken gray-brown skin tightly stretched ov
[6473/7413] monster Bandit -> medium humanoid figure standing in a ready stance, wearing mismatched piecemeal 
[6474/7413] monster Terror Bird -> massive flightless predatory bird, towering over eight feet tall, stout muscular
[6475/7413] monster Edimmu -> medium undead humanoid corpse hovering above the ground, emaciated gray skeletal
[6476/7413] spell Hatred -> dense swirling cloud of jagged crimson energy and violent purple sparks, chaotic
[6477/7413] magic-item Staff of Midnight -> sturdy walking staff fashioned from a single long branch of deep black ebony woo
[6478/7413] spell Ill-Fated Word -> a swirling vortex of indigo and bruised violet magical script forming jagged tum
[6479/7413] monster Alseid, Woad Warrior -> medium-sized human-deer hybrid creature, upper humanoid torso with pale bark-tex
[6480/7413] spell Sleet Storm -> a dense swirling tempest of razor sharp freezing rain and opaque white sleet, a 
[6481/7413] feat Protection -> large circular medieval shield of polished steel, bearing a raised central metal
[6482/7413] magic-item Robe of Eyes -> a floor-length dark gray velvet robe, the entire surface densely covered in hund
[6483/7413] spell Heat Metal -> a solid metal longsword glowing intensely from within, white-hot heat radiating 
[6484/7413] monster Constrictor Snake -> massive serpentine body of thick scaled musculature, mottled dark green and brow
[6485/7413] monster Kapi -> medium humanoid figure, upright dignified posture, smooth golden-tan skin, refin
[6486/7413] monster Yaga Goo -> small amorphous ooze creature, translucent dark emerald green gelatine body, aci
[6487/7413] spell Closing In -> dense wall of shadowy gray stone fragments suspended in midair, massive vertical
[6488/7413] spell Elemental Shield -> a whirling barrier of multicolored magical energy circulating in a rapid vertica
[6489/7413] monster Wood Ward -> medium humanoid construct formed of tightly bundled living tree roots and gnarle
[6490/7413] monster Abaasy -> massive towering giant with ashen-gray skin stretched tightly over heavily muscl
[6491/7413] monster Hawk -> tiny avian beast in mid-flight with an elongated hooked beak, sharp curved talon
[6492/7413] monster Mud Golem -> small animated humanoid construct formed entirely of thick wet brown mud and ooz
[6493/7413] spell Otherwordly Pet -> small dog-sized extraplanar creature, undulating amorphous body shifting between
[6494/7413] monster Fate Eater -> medium aberration creature, humanoid silhouette covered in dense chitinous plate
[6495/7413] feat Blessed Strikes -> a heraldic heater shield bearing a vertical longsword crossed behind a glowing g
[6496/7413] monster Einherjar -> muscular human warrior of medium build, weathered pale skin covered in intricate
[6497/7413] monster Incarnate Gloom -> gargantuan undead entity, towering shadowy humanoid body shape, massive tattered
[6498/7413] spell Banishment -> a surging vortex of violet and indigo arcane energy, a towering vertical column 
[6499/7413] spell Divine Temple -> massive sixty-foot cube of sacred architecture materializing at a point on the g
[6500/7413] magic-item Tyrant's Whip -> a wicked magical whip constructed from tightly braided dark leather and glisteni
[6501/7413] spell Prismatic Wall -> shimmering vertical wall of seven distinct colored energy layers arranged in ord
[6502/7413] spell Minor Drain -> a pulsing ripple of dark ash-grey and bruised-purple necrotic energy shaped like
[6503/7413] spell Protection from Energy -> a translucent spherical aura of pale azure and gold protective force, a shimmeri
[6504/7413] magic-item Bloodfuel Dart -> slender metal dart, polished steel shaft, heavy barbed iron arrowhead stained wi
[6505/7413] subspecies Dragonborn Heritage -> bipedal humanoid dragonborn standing seven feet tall with a heavy muscular build
[6506/7413] monster Brass Dragon Wyrmling -> medium dragon in flight with earth-caked warm metallic scales, two large leather
[6507/7413] spell Call Shadow Mastiff -> a conjured canine creature resembling a large mastiff, standing two feet tall at
[6508/7413] magic-item Radiant Bracers -> pair of matching bronze bracers, cylindrical curved metal shape, polished metall
[6509/7413] monster Animated Instrument, Symphony -> Gargantuan floating construct shaped like a colossal amalgamation of golden bras
[6510/7413] monster Dream Eater -> medium fiend in mid-flight with a gaunt humanoid torso, leathery bat-like wings 
[6511/7413] monster Shroud Ray -> massive aquatic aberration shaped like a wide flat disc, dark grey leathery skin
[6512/7413] background Charlatan -> human con artist with a sharp cunning smirk, wearing a tailored midnight blue ve
[6513/7413] monster Azeban -> medium fey creature shaped like a clever raccoon, upright bipedal posture with r
[6514/7413] monster Emperor's Hyena -> undead hyena, medium quadrupeds, decaying grey and mangled flesh pulling tightly
[6515/7413] magic-item Black and White Daggers -> two identical matched daggers with slender tapered steel blades, straight crossg
[6516/7413] monster Noble -> middle-aged human male noble with an upright and haughty posture, pale skin, nea
[6517/7413] monster Eala -> small monstrosity with a compact quadrupedal body, feathered avian wings spannin
[6518/7413] spell Chilling Words -> translucent ghostly letters materializing in midair, formed from swirling pale b
[6519/7413] monster Ijiraq -> medium bipedal fey creature, slender humanoid body shape, pale frost-covered hid
[6520/7413] feat Superior Defense -> A heavy steel heraldic shield emblazoned with a raised rampant lion insignia, po
[6521/7413] monster Death Butterfly Swarm -> dense cloud of countless midnight black butterflies, each insect featuring large
[6522/7413] feat Brutal Attack -> heraldic heater shield bearing an embossed iron gauntlet tightly clenched into a
[6523/7413] spell Conjure Shadow Titan -> colossal humanoid silhouette composed of swirling dark smoke and jagged obsidian
[6524/7413] magic-item Bag of Tricks (Tan) -> small tan cloth drawstring pouch weighing half a pound, coarse woven fabric text
[6525/7413] monster Hippogriff -> large monstrous hybrid creature with the head of a golden eagle blending seamles
[6526/7413] monster Ychen Bannog -> gargantuan muscular bovine beast with slate gray hide, massive sweeping curved h
[6527/7413] magic-item Hewer's Draught -> small cylindrical glass vial with a thick cork stopper, filled with translucent 
[6528/7413] monster Sphinx of Valor -> massive winged quadruped with the muscular body of a golden-furred lion and the 
[6529/7413] monster Glabrezu -> massive towering demonic fiend with a muscular humanoid upper body, four arms fe
[6530/7413] magic-item Steadfast Splint -> set of heavy iron splint armor, polished steel plates riveted to supple dark bro
[6531/7413] spell Hod's Gift -> a swirling shroud of dense opaque charcoal-grey vapor enveloping the target, dee
[6532/7413] spell Create Unlife -> dark indigo magical energy rising from deceased bodies, swirling violet smoke wr
[6533/7413] spell Move Earth -> a mass of swirling earthen particles, churning waves of brown soil and grey clay
[6534/7413] feat Expertise (Bard) -> a polished gold heraldic shield bearing an embossed emblem of an open book flank
[6535/7413] monster Subek -> huge humanoid monster, muscular physique, thick scaly hide of dark green and bro
[6536/7413] magic-item Weapon, +1 -> a masterwork steel longsword featuring a straight double-edged blade with a shar
[6537/7413] spell Warding Bond -> two shimmering human-shaped silhouettes connected by an unbroken ribbon of inter
[6538/7413] monster Steam Mephit -> small elemental humanoid with a semi-translucent body composed of swirling water
[6539/7413] spell Invisible Tether -> two parallel thin cord-like ribbons of pale violet force linking two stationary 
[6540/7413] spell Bestow Curse -> black smoky energy roiling in dense coils, deep indigo necrotic mist twisting in
[6541/7413] monster Ogre, Cunning Artisan -> massive hulking giant with mottled grey-green skin, thick sagging muscles, a hea
[6542/7413] spell Dust Cyclone -> a vertical 30-foot high and 5-foot radius spinning cylindrical vortex composed e
[6543/7413] monster Haugbui -> medium undead humanoid corpse, pale bluish-grey decaying flesh, taut skin over v
[6544/7413] magic-item Longbow of Accuracy -> stiff recurve bow crafted from pale white ash wood, a sleek elongated wooden fra
[6545/7413] monster Woe Siphon -> medium-sized humanoid fey creature, slender athletic body proportions, smooth as
[6546/7413] monster Ravenfolk Scout -> medium humanoid avian creature, glossy black feathered body, upright posture, di
[6547/7413] monster Dragon, Sand Ancient -> gargantuan quadrupedal dragon with an immense serpentine body, massive leathery 
[6548/7413] magic-item Serpentine Bracers -> a pair of golden serpentine bracers crafted as coiling snakes that wrap around t
[6549/7413] spell Guardian of Faith -> large humanoid shape composed of translucent shimmering silver energy hovering a
[6550/7413] monster Vine Drake -> medium reptilian dragon body, emerald green and woody brown scales covered in th
[6551/7413] monster Blemmyes -> huge headless humanoid giant, massive muscular torso and thick legs, broad shoul
[6552/7413] spell Speak with Inanimate Object -> faint translucent ethereal wisps of pale blue and silver energy swirling in circ
[6553/7413] monster Avalanche Screamer -> large earth-caked aberrant burrowing body, jagged stony protrusions along the sp
[6554/7413] spell Writhing Arms -> human arms transformed into a pair of long, thick, midnight black tentacles cove
[6555/7413] subspecies Kobold Heritage -> short reptilian humanoid stature, slender wiry build, scaly skin colored in vibr
[6556/7413] monster Coastline Reaper -> massive aquatic monstrosity with a streamlined serpentine body, dark blue and se
[6557/7413] spell Silent Image -> an ephemeral translucent phantom of a roaring white dragon with jagged scaled bo
[6558/7413] monster Mindshard -> small floating aberration, vaguely humanoid torso composed of dark jagged crysta
[6559/7413] spell Fearsome Visage -> a phantom humanoid countenance manifesting in midair, composed of swirling indig
[6560/7413] spell Ley Disruption -> a fifteen-foot-radius spherical spatial disturbance, a semi-transparent distorti
[6561/7413] monster Infernal Knight -> tall humanoid fiend in mid-flight, broad muscular frame, skin the color of coole
[6562/7413] monster Rat, Giant -> massive rodent-like aquatic beast the size of a large hound, coarse water-slicke
[6563/7413] monster Merfolk -> medium humanoid upper body with sun-browned skin and long flowing dark hair, glo
[6564/7413] spell Stinging Insects -> dense swirling swarm of hundreds of small black biting and stinging insects form
[6565/7413] monster Beggar Ghoul -> gaunt humanoid corpse, medium size, emaciated grey flesh stretched tightly over 
[6566/7413] magic-item Wolf Brush -> a rare magical polearm fashioned from a weathered gray fallen tree branch, its w
[6567/7413] monster Amber Ooze -> amorphous gelatinous mass of translucent honey-colored amber substance, massive 
[6568/7413] monster Giant Spider -> huge arachnid with a bulbous, dark chitinous abdomen, eight jointed legs covered
[6569/7413] spell Stone Shape -> dense grey stone morphing unnaturally into a smooth twisting pillar, semi-fluid 
[6570/7413] monster Trollkin Shaman -> tall gaunt humanoid figure with ashen gray skin and coarse dark hair pulled back
[6571/7413] monster Ancient Flame Dragon -> gargantuan draconic body, massive sweeping wingspan, thick crimson scales glowin
[6572/7413] magic-item Bloodbow -> recurve longbow carved of light hickory wood, deep maroon lacquered surface stai
[6573/7413] monster Exploding Toad -> tiny aquatic monstrosity, globular bloated body shape, mottled dark green and si
[6574/7413] spell Anticipate Attack -> translucent ethereal azure afterimage of a humanoid figure shifting instantly si
[6575/7413] monster Gray Ooze -> medium amorphous puddle of viscous liquid stone, wet-looking slate-gray semi-flu
[6576/7413] monster Forgotten God -> massive towering celestial entity in mid-flight with a powerful humanoid silhoue
[6577/7413] monster Giant Grick -> worm-like serpentine body, medium size, dark slate-gray rubbery skin, pale soft 
[6578/7413] monster Salamander -> large serpentine elemental creature, human torso with muscular arms and hands tr
[6579/7413] spell Illusory Script -> aged parchment paper covered in dense handwritten ink script, a translucent laye
[6580/7413] spell Negative Image -> a cylindrical tunnel of pitch black darkness, jagged tearing edges of inverted m
[6581/7413] spell Wind Wall -> a massive translucent barrier of rushing wind rising vertically from the ground,
[6582/7413] spell Architect's Eye -> A large floating spherical optical organ, translucent pale membrane covering a c
[6583/7413] magic-item Oil of Slipperiness -> a squat, heavy-bottomed ceramic vial with a wide base and a narrow, corked neck,
[6584/7413] subspecies Elf/Shadow Fey Heritage -> tall slender humanoid with ashen gray skin and stark angular facial features, pi
[6585/7413] monster Warhordling Orc Eye -> medium humanoid orc with bulky musculature, dark gray skin, coarse black hair ti
[6586/7413] monster Quickserpent -> large serpentine body covered in thick coarse scales caked in dry cracked earth 
[6587/7413] spell Salt Lash -> a long, thin blade shaped entirely from jagged, razor-sharp white salt crystals,
[6588/7413] monster Relentless Hound -> medium undead canine skeletal body, tattered leathery membrane wings spanning wi
[6589/7413] monster Droth -> massive bulk, towering monstrosity, mottled rubbery hide in shades of deep indig
[6590/7413] monster Alseid -> medium monstrosity with the upper torso of a humanoid and the lower body of a wh
[6591/7413] magic-item Hat of Disguise -> wide-brimmed conical hat, dark indigo felt material, rigid crown, soft textured 
[6592/7413] spell Anchor -> a thick rigid iron loop with a jagged segmented spine, sprouting two heavy metal
[6593/7413] monster Balara -> large skeletal undead humanoid, towering skeletal frame, bleached white bones wr
[6594/7413] magic-item Buzzing Greatsword -> a two-handed greatsword with a massive double-edged steel blade etched with intr
[6595/7413] monster Adult Cave Dragon -> huge quadrupedal dragon, massive serpentine body covered in jagged black scales,
[6596/7413] magic-item Bracelet of Slithering, 2 charges -> A carved jade bracelet formed from an interlocking series of articulated serpent
[6597/7413] magic-item Searing Whip -> magic whip with a dark leather handle, multiple flexible strands interwoven with
[6598/7413] monster Stirge -> tiny winged beast with a body shaped like a cross between a large bat and an ove
[6599/7413] feat Healer -> a heraldic shield-shaped emblem featuring a centered white cross composed of two
[6600/7413] magic-item Grave Ward Breastplate -> ornate heavy chest armor forged from dark blackened steel, polished to an immacu
[6601/7413] spell Hunter's Endurance -> a dense swirling vortex of emerald green and amber energy forming the translucen
[6602/7413] monster Galidroo -> huge hulking monstrosity covered in thick crusts of dried earth and stone, massi
[6603/7413] feat Divine Order: Protector -> An embossed metallic heraldic shield insignia in gold and silver, a central upri
[6604/7413] magic-item Frungilator -> a strangely shaped wand resembling a melted wooden rod and a gnarled organic gro
[6605/7413] magic-item Pearl of Diving -> perfect spherical white saltwater pearl, smooth polished nacreous surface, soft 
[6606/7413] spell Sand Ship -> transmutation magic manifestation enveloping a small wooden sailing ship, swirli
[6607/7413] magic-item Chieftain's Axe -> oversized battleaxe, massive crescent-shaped blade forged of dull tarnished silv
[6608/7413] feat Fiendish Resilience — Acid -> a heraldic shield emblazoned with a stylized emerald-green serpent coiled in a t
[6609/7413] monster Folk Of Leng -> medium humanoid creature, tall and unnaturally lanky stature, sickly greyish-yel
[6610/7413] magic-item Bead of Force -> tiny black spherical bead, perfectly smooth and opaque surface, absorbing all li
[6611/7413] spell Eldritch Cube -> ten-foot solid black incorporeal cube floating in midair, absolute pitch-black s
[6612/7413] monster Oozasis -> gargantuan shifting amorphous jelly mass of opaque dun colored gelatinous ooze, 
[6613/7413] spell Call Lightning -> dense roiling storm cloud shaped as a low cylinder ten feet tall and sixty feet 
[6614/7413] monster Coral Drake -> medium-sized serpentine dragon, slender aquatic body covered in branching calcar
[6615/7413] spell Deafen -> a spreading spherical shockwave of warped, translucent air ripples outward in a 
[6616/7413] spell Planar Ally -> glowing golden portal tearing open midair, swirling iridescent stellar dust, rad
[6617/7413] magic-item Dancing Sword -> a floating steel longsword with a double-edged straight blade, a gleaming metall
[6618/7413] magic-item Dust of Dryness -> A small folded square packet made of coarse, grey-brown woven hemp fabric tied s
[6619/7413] monster Awakened Shrub -> small deciduous shrub standing on two root-like legs, five thin leafy branches s
[6620/7413] monster Venomous Mummy -> medium undead humanoid wrapped tightly in ancient, decayed yellowed linen bandag
[6621/7413] monster Belu -> Huge giant with a towering humanoid body, muscular proportions, weathered ash-gr
[6622/7413] monster Grolar Bear -> massive aquatic ursine beast, bulky quadrupedal body, thick dense water-resistan
[6623/7413] monster Quicksilver Siege Orb -> spherical metallic construct made of swirling liquid silver plates, small heavy 
[6624/7413] magic-item Verminous Snipsnaps -> transparent glass jar with a thick cork stopper, a paper label affixed to the cy
[6625/7413] spell Stigmata of the Red Goddess -> vivid crimson blood weeping continuously from the inner corners of human eyes an
[6626/7413] species Gearforged -> humanoid mechanical construct standing seven feet tall, broad metallic chassis c
[6627/7413] spell Finger of Death -> a thick jagged lance of crackling dark green and black negative energy crackling
[6628/7413] magic-item Potion of Heroism -> round glass flask with a narrow tapered neck, stoppered with a thick cork bound 
[6629/7413] monster Truant Devourer -> medium undead humanoid skeletal body shape, elongated jagged jaw filled with row
[6630/7413] spell Find Steed -> A translucent conjured spirit horse materializes from swirling spectral mists, t
[6631/7413] magic-item Cube of Force -> one-inch solid metal cube, polished silver surface, distinct engraved magical ru
[6632/7413] spell Reincarnate -> swirling sphere of crackling emerald and violet necromantic energy, a dense vort
[6633/7413] magic-item Mordant Sickle -> one-handed curved farming blade forged from dark blackened iron with a pitted co
[6634/7413] monster Shark, Hunter -> massive streamlined aquatic predator, fifteen-foot-long sleek muscular body, sla
[6635/7413] magic-item River Token -> small round pebble measuring three quarters of an inch in diameter, weighing one
[6636/7413] spell Pincer -> two opposing conical zones of distorted vibrating air expanding toward each othe
[6637/7413] magic-item Smuggler's Bag -> sturdy medium-sized sack, tough rough-woven natural tan canvas body, thick dark 
[6638/7413] magic-item Wings of Flying -> a dark midnight-blue woolen cloak fastened at the throat by a polished silver cl
[6639/7413] magic-item Akaasit Blade -> dagger crafted from an alien chitinous arm blade, curved single-edged blade made
[6640/7413] monster Void Dragon Wyrmling -> medium-sized dragon in flight, long segmented serpentine tail, four clawed legs,
[6641/7413] background Freebooter -> weathered human male with a rugged demeanor, unkempt shoulder-length brown hair,
[6642/7413] monster Arcane Blademaster -> tall slender humanoid figure with pale ashen skin and sharp angular facial featu
[6643/7413] feat Dragon Companion -> a golden heraldic shield emblem featuring the raised sculptural relief of a maje
[6644/7413] magic-item Holy Avenger (sword, d8) -> straight-bladed longsword with a double-edged steel blade, gleaming platinum cro
[6645/7413] spell Clone -> a fully formed human-sized duplicate body suspended within a massive opaque cera
[6646/7413] monster Ramag Portal Master -> medium humanoid body shape, slender and tall proportions, dark grey stone-like s
[6647/7413] monster Lorelei -> medium fey creature with a humanoid feminine upper body and a slender torso, pal
[6648/7413] monster Blood Elk -> massive skeletal stag standing nine feet tall, gaunt skeletal ribcage exposed th
[6649/7413] magic-item Wringing Wings, 2 charges -> a very tight choker necklace made of dark stiff leather, decorated with a dense 
[6650/7413] feat Tactical Shift -> a heraldic shield divided diagonally by a jagged silver bar, the upper half disp
[6651/7413] monster Giant Scorpion -> massive arachnid beast with a low-slung segmented chitinous brown carapace, eigh
[6652/7413] spell Bad Timing -> swirling vortex of erratic violet and chartreuse temporal threads, jagged lightn
[6653/7413] magic-item Whip of Fangs -> leather whip handle, long flexible length woven from the tanned mottled green an
[6654/7413] monster Jinmenju -> huge humanoid-faced tree, thick dark gnarled bark trunk, sprawling root system, 
[6655/7413] monster Animated Bearskin Rug -> flat bear-shaped pelt rug, thick dark brown fur covering an articulated leather 
[6656/7413] spell Passage -> a vertical rectangular threshold of absolute darkness, exactly three feet wide a
[6657/7413] spell Ire of the Mountain -> multiple writhing tendrils of blistering superheated air, shimmering distortion 
[6658/7413] monster Sabre-Toothed Cat -> muscular quadrupedal feline beast, massive thickset body covered in short tawny 
[6659/7413] spell Hypnotic Pattern -> a cube-shaped volume of air filled with a twisting, complex geometric pattern of
[6660/7413] spell Scrying Ward -> translucent circular barrier of shimmering violet force hovering upright in the 
[6661/7413] monster Living Shade -> medium humanoid silhouette formed entirely of shifting darkness, semi-opaque ink
[6662/7413] feat Sneak Attack -> A circular heraldic shield bearing a stylized silver stiletto dagger angled diag
[6663/7413] magic-item Ghost Barding Hide -> equine-shaped barding crafted from translucent blue-green material resembling fr
[6664/7413] magic-item Deck of Many Things -> a deck of small rectangular cards made of aged yellowed ivory with cracked surfa
[6665/7413] monster Ice Elemental -> large bipedal elemental composed of jagged translucent blue ice blocks and jagge
[6666/7413] spell Locate Creature -> a swirling, translucent compass rose of pale blue and violet energy hovering in 
[6667/7413] subclass Metallurgist -> heraldic shield divided diagonally, featuring a raised polished steel anvil in t
[6668/7413] monster Great Mandrake -> tiny humanoid plant creature, wrinkled brown woody root body, bulbous tuberous h
[6669/7413] monster Ia'affrat -> massive towering elemental entity, humanoid upper body merging into a swirling w
[6670/7413] monster Hag, Brine -> emaciated humanoid female body, medium size, damp salt-encrusted grey-green skin
[6671/7413] magic-item Necklace of Prayer Beads -> heavy silver chain, strung with smooth spherical prayer beads carved from polish
[6672/7413] background Sage -> middle-aged human scholar wearing floor-length dark grey woolen robes with a hig
[6673/7413] magic-item Staff of Desolation -> a tall straight quarterstaff crafted from jagged petrified black wood, the surfa
[6674/7413] magic-item Cloak of the Bat -> dark velvet cloak crafted to resemble folding bat wings, the deep black fabric w
[6675/7413] monster Hoard Drake -> large quadrupedal reptilian dragon body, covered in jagged overlapping metallic 
[6676/7413] spell Form of Wind -> a swirling vortex of rushing air, a towering funnel-shaped cyclone of transparen
[6677/7413] spell Daggerhawk -> semi-transparent spectral hawk composed of pale blue translucent energy and swir
[6678/7413] feat Heavily Outfitted -> a heavy steel heraldic shield emblazoned with a crossed longsword and arcane sta
[6679/7413] monster Edimmu -> medium undead skeletal figure, gaunt translucent grey flesh stretched tight over
[6680/7413] spell Feather Fall -> a swirling mass of pale silvery-white feathers suspended midair in slow motion, 
[6681/7413] monster Pyrohydra -> huge serpentine reptilian body, massive scaly bulk with dark red and charcoal sc
[6682/7413] monster Ankheg Spawn -> medium-sized chitinous arthropod, segmented brown exoskeleton caked with damp da
[6683/7413] feat Polearm Master -> a carved wooden shield bearing a heraldic escutcheon divided diagonally, display
[6684/7413] monster Duelist -> medium humanoid figure in an aggressive fencing stance, lean and muscular build,
[6685/7413] monster Wight -> emaciated humanoid skeletal corpse, medium size, dried gray flesh tightly drawn 
[6686/7413] spell Master Undead -> dark violet necrotic energy erupts from a central void, billowing dense purple m
[6687/7413] monster Sluagh Swarm -> medium fey swarm composed of countless humanoid figures with insectoid wings, em
[6688/7413] monster Treant -> huge living tree creature with a massive trunk, towering height, noble and uprig
[6689/7413] magic-item Buzzing Battleaxe -> heavy iron battleaxe, curved double-bitted head with a polished steel edge and d
[6690/7413] spell Impending Ally -> translucent shimmering humanoid duplicate silhouette formed entirely of swirling
[6691/7413] monster Acolyte -> humanoid mortal figure of average height and slender build, standing in a modest
[6692/7413] monster Vampire -> medium humanoid figure with alabaster pale skin, sharp angular facial features, 
[6693/7413] feat Sorcerous Restoration -> A stylized heraldic shield forged from dark iron, bearing a central embossed emb
[6694/7413] monster Banshee -> a spiteful undead female elf spirit, wispy translucent grey humanoid form hoveri
[6695/7413] monster Drudge Pitcher -> huge carnivorous plant creature, massive bulbous green pitcher-shaped central bo
[6696/7413] magic-item Ring of Swimming -> thick band of polished silver, undulating wave patterns of deep blue enamel carv
[6697/7413] monster Roachling Skirmisher -> small humanoid body shape, dark chitinous exoskeleton covering the skin, mottled
[6698/7413] magic-item Studded-Leather of Warding (+2) -> a fitted leather breastplate and shoulder guards of deep cordovan brown, studded
[6699/7413] magic-item Wand of Revealing -> slender tapering wooden wand body, polished surface, numerous small clear crysta
[6700/7413] spell Flame Strike -> vertical cylindrical column of roaring scarlet and gold fire descending from abo
[6701/7413] magic-item Thunderstalk -> long polished golden-yellow bamboo staff, segmented woody nodes running its enti
[6702/7413] background Soldier -> middle-aged human soldier with weathered skin and a short-cropped brown beard, s
[6703/7413] magic-item Fleshspurned Mask -> mask crafted from pale yellowed human skin stretched tight over a gaunt facial p
[6704/7413] spell Rise of the Green -> a surging manifestation of emerald green magic, a swirling mass of botanical ene
[6705/7413] monster Buraq -> medium celestial equine body shape in flight with a noble bearing, humanlike mal
[6706/7413] magic-item Girdle of Traveling Alchemy -> wide leather girdle of thick dark brown hide, studded with heavy brass eyelets a
[6707/7413] magic-item Shield of Magnetism, 5 charges -> round heavy iron shield, battered dull grey metallic surface, concentric circula
[6708/7413] spell Enkindle -> an inanimate medium object engulfed in intense billowing orange and yellow flame
[6709/7413] spell Black Ice -> a square patch of extremely thin nearly transparent ice resting flat upon the gr
[6710/7413] monster Bleakheart -> medium humanoid undead skeleton wrapped in tattered dark gray burial shrouds, em
[6711/7413] monster Camel -> large quadrupedal mammal with a sandy brown coat, elongated slender legs ending 
[6712/7413] spell Wind Up -> a swirling vortex of tight, metallic-gold mechanical coils vibrating with compre
[6713/7413] background Jongleur -> slim-build travelling performer in motley attire of mismatched patchwork diamond
[6714/7413] feat Quickened Spell -> A stylized heraldic escutcheon divided diagonally by a lightning bolt motif, fea
[6715/7413] spell By the Light of the Moon -> circular spatial boundary with a thirty foot radius, ground bathed in cool pale 
[6716/7413] spell Awaken -> a dense swirling vortex of emerald green and golden amber magical energy taking 
[6717/7413] monster Ash Drake -> small quadrupedal dragon in flight with a slender serpentine body, covered in fi
[6718/7413] monster Mordovermis -> large hovering aberrant serpentine body, expansive leathery membraneous wings sp
[6719/7413] monster Black Patch -> massive amorphous blob of dark pitch-black ooze, semi-translucent gelatinous bod
[6720/7413] monster Akhlut -> massive predatory marine hybrid with the sleek muscular body of a black orca wha
[6721/7413] magic-item Headrest of the Cattle Queens -> curved wooden headrest, smooth polished dark mahogany grain, crescent-shaped upp
[6722/7413] monster Clockwork Beetle Swarm -> a dense swarm of hundreds of interlocking brass and iron beetles, each the size 
[6723/7413] spell Erudition -> a floating geometric constellation of indigo and violet light, composed of inter
[6724/7413] spell Pitfall -> Circular floor opening ten feet in diameter with jagged, crumbling stone edges, 
[6725/7413] monster Panther -> sleek slender quadrupedal feline body, muscular shoulders, long thick tail, shor
[6726/7413] spell Uncontrollable Transformation -> turbulent vortex of raw chaotic energy swirling violently around a humanoid silh
[6727/7413] feat Fiendish Resilience — Bludgeoning -> a cast iron heraldic shield embossed with a heavy ram skull surrounded by jagged
[6728/7413] magic-item Staff of the Woodlands -> gnarled length of dark weathered oak timber, thick knotted bark wrapped spiralin
[6729/7413] monster Web Zombie -> rotting humanoid corpse, decaying pale gray flesh tightly bound in thick yellowe
[6730/7413] monster Lemure -> medium shapeless fiend, molten mass of pale grey melting flesh, vaguely humanoid
[6731/7413] monster Acolyte -> human adult acolyte of medium height and slender build, standing in a reverent p
[6732/7413] subclass Serpent Domain -> heraldic heater shield bearing an embossed coiling emerald viper intertwined wit
[6733/7413] monster Wilderness Crone -> medium fey humanoid female with a hunched posture, withered grey skin draped in 
[6734/7413] spell Wizard's Grasp -> semitransparent spectral hand formed from shimmering violet energy, five long tr
[6735/7413] monster Shetani -> medium winged fiend in mid-flight, humanoid torso with leathery dark crimson ski
[6736/7413] magic-item Wave Chain Mail -> a suit of heavy interlocking chain mail forged from pale blue mithral links, the
[6737/7413] spell Toadstool Ring -> a perfect circle of ten clustered toadstools sprouting from the damp earth, each
[6738/7413] spell Starfall -> five jagged bolts of pure white stellar energy plunging downward in vertical tra
[6739/7413] spell Darklight -> dense sphere of cold obsidian flame, swirling tendrils of matte black shadow int
[6740/7413] spell Mirror Image -> Three translucent human-shaped phantoms composed of swirling silver smoke and pa
[6741/7413] spell Scry Ambush -> a dense swirling sphere of indigo mist crackling with internal silver lightning 
[6742/7413] monster Bulette -> massive quadrupedal land shark monstrosity, stout heavily muscled body covered i
[6743/7413] monster Harvest Horse -> Large quadrupedal construct shaped like a heavy draft horse, body constructed en
[6744/7413] spell Meteor Swarm -> four massive burning spheres of condensed fire and molten rock plummeting downwa
[6745/7413] background Cutpurse -> a young human rogue with a lean build and a cunning, watchful demeanor, wearing 
[6746/7413] magic-item Worry Stone -> smooth rounded semiprecious crystal object, oval shape, polished translucent pur
[6747/7413] magic-item Minor Minstrel -> four-inch high painted ceramic figurine shaped like a slender humanoid bard in a
[6748/7413] magic-item Crocodile Hide Armor -> suit of hide armor fashioned from thick scaly crocodile skin, overlapping dark g
[6749/7413] subclass College of Shadows -> an ornate heraldic shield displaying a silhouette of a cloaked human figure step
[6750/7413] feat Fortunate -> a golden heraldic shield emblem centered with a glowing four-leaf clover motif f
[6751/7413] magic-item Bituminous Orb -> spherical magical artifact, dark pitch-black stone material, perfectly smooth ma
[6752/7413] monster Harpy -> medium monstrosity with the feathered body, legs, and massive wings of a vulture
[6753/7413] monster Narshark -> large monstrous creature, hovering body shape, expansive leathery wings spread w
[6754/7413] background Northern Minstrel -> a middle-aged human traveling minstrel with weathered skin, calloused fingers, a
[6755/7413] magic-item Elemental Wraps -> pair of thick fabric arm wraps, constructed from coarse-woven linen material in 
[6756/7413] monster Adult Imperial Dragon -> huge serpentine dragon in mid-flight with an elongated winding body covered in s
[6757/7413] spell Cynophobia -> swirling violet phantom canid silhouette materializing in midair, composed of tr
[6758/7413] feat Acrobatic Movement -> an embossed circular metal heraldic medallion featuring a sleek silver silhouett
[6759/7413] monster Mystic -> medium humanoid figure wrapped in dark tattered robes, tall skeletal frame stand
[6760/7413] monster Giant Crab -> massive crustacean body, wide heavy dark-brown exoskeleton carapace, two enormou
[6761/7413] spell Deva’s Wings -> a pair of large avian wings sprouting from human shoulder blades, composed entir
[6762/7413] monster Hobgoblin Commander -> medium humanoid with dark reddish-orange skin and coarse dark hair pulled back i
[6763/7413] magic-item Mask of the War Chief -> rigid full-face wooden mask carved from pale alpine pine, shaped into the fierce
[6764/7413] spell Sightburst -> an expanding circular shockwave of deep indigo sonic energy composed of concentr
[6765/7413] magic-item Gazebo of Shade and Shelter -> full-sized open-air architectural gazebo, eight carved sandstone support columns
[6766/7413] monster Great Gray Owl -> small avian beast in mid-flight, enormous rounded head featuring large concentri
[6767/7413] monster Corpse Mound -> huge mountainous heap of decaying human corpses, rotting flesh, and fractured sk
[6768/7413] feat Mage Slayer -> a heraldic shield emblazoned with a jagged silver sword cleaving vertically thro
[6769/7413] feat Mask of Many Faces -> a metallic heraldic shield embossed with a multifaceted theatrical mask featurin
[6770/7413] monster Adult Red Dragon -> huge quadrupedal reptilian dragon with a massive muscular body covered in thick 
[6771/7413] monster Hoard Golem -> huge animated construct formed from a chaotic mass of fused gold coins, glitteri
[6772/7413] monster Pugilist -> medium humanoid male, heavily muscled stocky build, short cropped dark brown hai
[6773/7413] monster Giant Spider -> large arachnid body, bulbous grey and black mottled abdomen, eight jointed legs 
[6774/7413] magic-item Iron Flask -> a small handheld container shaped like a bulbous gourd, constructed from heavy w
[6775/7413] monster White Ape -> huge quadrupedal ape with thick dense white fur covering its entire muscular bod
[6776/7413] monster Star Drake -> colossal winged reptilian body shape, midnight-blue scales flecked with brillian
[6777/7413] monster Gnoll -> medium humanoid hyena, hunched muscular torso, powerful sloping shoulders, thick
[6778/7413] monster Ghoul -> haggard medium humanoid undead creature, emaciated skeletal frame with taut gray
[6779/7413] monster Buraq -> white equine body the size of a mule, large feathered wings spanning twice the b
[6780/7413] monster Hooded Men -> tall humanoid figure draped entirely from head to toe in a seamless, oversized, 
[6781/7413] spell Enhance Ability -> dense cloud of swirling azure and golden magical energy enveloping an unseen sha
[6782/7413] magic-item Bloodprice Hide -> dark crimson leather hide armor, stiff cured beast skin, surface textured with o
[6783/7413] feat Floriographer -> A metallic heraldic shield shaped like a blooming blossom with five symmetrical 
[6784/7413] monster Elder Shadow Drake -> large quadrupedal serpentine dragon in flight, expansive shadowy leathery wings 
[6785/7413] monster Raptor -> bipedal dinosaur, medium-sized reptilian body, heavily muscled thighs, plantigra
[6786/7413] spell Fire Under the Tongue -> swirling orange and yellow flames glowing intensely inside an open mouth, flicke
[6787/7413] spell Planar Anchor -> pulsing cage of translucent violet force lines intersecting in a rigid geometric
[6788/7413] magic-item Tosser's Coin -> a heavy round antique coin made of tarnished brass, one flat face deeply stamped
[6789/7413] monster Ouroboros -> huge serpentine dragon with deep emerald green scales, long coiled tail looping 
[6790/7413] magic-item Skull Whistle, 3 charges -> small yellowed human skull missing its lower jaw, carved with jagged vertical sl
[6791/7413] monster Hydra -> huge reptilian monstrosity with a massive crocodilian body, thick scaly hide, fo
[6792/7413] spell Safekeeping -> transmutation magic manifesting as a translucent, opalescent spherical barrier o
[6793/7413] monster Avestruzii -> medium humanoid creature with long slender legs resembling an ostrich, covered i
[6794/7413] monster Octopus, Giant -> massive multi-armed aquatic mollusk with a bulbous soft mantle, eight exceptiona
[6795/7413] monster Clockwork Assassin -> medium humanoid construct built of interlocking polished brass and dark iron pla
[6796/7413] spell Hideous Laughter -> vibrant magenta and chartreuse energy tendrils rippling in erratic helical loops
[6797/7413] spell Visual Illusion -> a room-sized silent motionless phantasm filling the space, composed of floating 
[6798/7413] spell Insect Plague -> A dense roiling swarm of millions of chitinous biting insects forming a chaotic 
[6799/7413] feat Moderately Outfitted -> circular iron heraldic shield featuring an embossed brass sword crossed diagonal
[6800/7413] monster Dinosaur, Jeholopterus -> tiny prehistoric flying reptile, compact body covered in short brown and tan fur
[6801/7413] monster Camel -> medium beast with a quadrupedal body, long slender legs ending in two-toed padde
[6802/7413] monster Adult Black Dragon -> huge quadrupedal reptilian body, wide leathery wings spanning vastly across the 
[6803/7413] monster Wraith -> incorporeal medium humanoid shape formed of roiling black shadow, hovering above
[6804/7413] spell Faithful Hound -> translucent spectral hound formed of pale blue glowing force energy, semi-transp
[6805/7413] magic-item Tome of Knowledge -> thick heavy tome bound in dark midnight blue leather, intricate silver filigree 
[6806/7413] monster Whisperer in Darkness -> medium aberration, slender chitinous body, dark grey segmented exoskeleton, elon
[6807/7413] feat Countercharm -> a golden heraldic shield emblem centered by an upright silver musical tuning for
[6808/7413] monster Deer -> medium-sized quadrupedal mammal with a slender slender-boned body, reddish-brown
[6809/7413] monster Mask Wight -> Medium skeletal undead humanoid shrouded in tattered black burial rags, desiccat
[6810/7413] monster Dau -> small fey creature in mid-air flight, slender humanoid torso, delicate transluce
[6811/7413] magic-item Dragonstooth Blade -> a long curved dagger forged from a massive ivory dragon tooth, tapering to an ex
[6812/7413] magic-item Shield of the Fallen -> large heater shield forged from dull dark iron, the front surface embossed with 
[6813/7413] monster Giant Air Elemental -> massive amorphous funnel of swirling pale white and translucent gray vapor, towe
[6814/7413] monster Ancient River Dragon -> gargantuan serpentine river dragon in mid-air flight, immense serpentine body co
[6815/7413] monster Grick -> wormlike medium monstrosity with a rubbery segmented body, slate gray skin mottl
[6816/7413] monster Giant Crocodile -> massive reptilian body, thirty feet long, armored with thick overlapping bony sc
[6817/7413] monster Death Butterfly Swarm -> A massive dense swarm of thousands of large nocturnal butterflies coalescing int
[6818/7413] spell Dramatic Sting -> a jagged burst of dark purple musical notes and discordant jagged soundwave ripp
[6819/7413] magic-item Baleful Wardrums -> A pair of matched war drums, cylindrical wooden shells bound with blackened iron
[6820/7413] feat Fiendish Resilience — Thunder -> metallic heraldic shield bearing a stylized thunderbolt motif, jagged lightning 
[6821/7413] monster Air Elemental -> funneling cloud of whirling air, vast twisting vortex of translucent vapor and w
[6822/7413] monster Bandit Lord -> medium humanoid male human bandit lord, standing in an authoritative posture wit
[6823/7413] monster Major Malleable -> huge amorphous aberration with a shifting viscous body of dark gray and sickly p
[6824/7413] monster Young Red Dragon -> large serpentine body covered in overlapping crimson red scales that darken to c
[6825/7413] monster Elder Black Pudding -> huge amorphous mass of bubbling dark obsidian ooze, glistening semi-liquid body 
[6826/7413] spell Divine Smite -> a sudden explosive bloom of blinding white and pale gold illumination bursting o
[6827/7413] monster Animated Instrument -> tiny magical construct shaped like a wooden lute, hovering in the air with four 
[6828/7413] monster Primal Oozer -> medium-sized amorphous aquatic aberration, gelatinous semi-transparent turquoise
[6829/7413] monster Clockwork Scorpion -> large mechanical arachnid construct, segmented brass and iron exoskeleton of ove
[6830/7413] monster Ahu-Nixta Drudge -> medium aberration, hovering amorphous body, large leathery bat-like wings, multi
[6831/7413] magic-item Apron of the Eager Artisan -> a heavy, thick-grain brown leather apron, ruggedly stitched with heavy waxed thr
[6832/7413] magic-item Eldritch Rod -> pale yellowed bone rod, carved into the shape of multiple tightly coiled twistin
[6833/7413] monster Crocotta -> medium quadrupedal monstrosity with the body of a lean, dark-gray wolf and the b
[6834/7413] spell Ambush -> swirling tendrils of moss, decaying leaves, and creeping forest soil erupting fr
[6835/7413] monster Mimic -> medium-sized amorphous monstrosity taking the deceptive form of a heavy wooden c
[6836/7413] magic-item Tablet of Interrogation -> rectangular baked clay tablet, dull terracotta-brown surface covered in deep-inc
[6837/7413] magic-item Hat of Many Spells -> tall pointed wizard hat made of worn dark indigo felt, covered in embroidered si
[6838/7413] spell Costly Victory -> ten distinct swirling crimson magical embers tethered to ten distant targets, ea
[6839/7413] feat Bardic Inspiration -> a circular heraldic shield featuring an embossed golden lute diagonally crossed 
[6840/7413] magic-item Larkmail -> interlocking metal chainmail links stained in alternating rows of rich chestnut 
[6841/7413] subspecies Tiefling Heritage -> medium stature, humanoid build, reddish skin tone ranging from brick-red to deep
[6842/7413] monster Heggarna -> tiny aberration with a squishy segmented body, pale lavender skin, four stubby l
[6843/7413] magic-item Wand of Flame Control -> straight slender wand fashioned from a raw branch of rough pine wood, stripped e
[6844/7413] monster Overshadow -> large skeletal undead humanoid shrouded in tattered black burial shrouds, toweri
[6845/7413] feat Tavern Brawler -> raised wooden tavern chair in profile centered above a cracked heavy stoneware m
[6846/7413] feat Expertise (Rogue) -> a circular heraldic shield featuring an embossed silver dagger crossed behind an
[6847/7413] spell Bleed -> a sharp steel sword blade tightly sheathed in a dense layer of crackling, violen
[6848/7413] magic-item Potion of Gaseous Form -> small stoppered flask of blown crystal, swirling pale white vapor trapped tightl
[6849/7413] monster Goat-Man -> bipedal humanoid muscular body, thick matted dark brown fur covering the torso a
[6850/7413] monster Moonchild Naga -> large serpentine monstrosity with a muscular coiling snake body covered in iride
[6851/7413] spell Sky Omen -> gigantic stationary magical symbol floating in the open sky, colossal luminous g
[6852/7413] monster Nothic -> crouching hunched medium humanoid aberration with greyish mottled leathery skin,
[6853/7413] monster Library Automaton -> small humanoid construct carved entirely from dark polished mahogany wood, smoot
[6854/7413] magic-item Lizardskin Cloak, 1 charge -> billowing ankle-length cloak fashioned from overlapping tanned lizard hide with 
[6855/7413] monster Jotun Giant -> gargantuan towering humanoid giant, immensely muscular physique, weathered grey 
[6856/7413] spell Mass Repair Metal -> swirling cloud of countless tiny molten metal droplets and glowing geometric met
[6857/7413] spell Gliding Step -> thin opalescent energy field conforming tightly to the wearer boots, faint glowi
[6858/7413] spell Purify Food and Drink -> spherical zone of swirling translucent golden mist, descending sparkling motes o
[6859/7413] monster Lantern Dragonette -> tiny quadrupedal reptilian dragon body, compact muscular torso, broad head with 
[6860/7413] spell Black Sunshine -> spherical orb of concentrated shadow, radiating a dim and rhythmic purple light 
[6861/7413] monster Splinter Matron -> medium fey humanoid creature with withered grey bark-like skin, gnarled limbs en
[6862/7413] monster Eater of Dust -> medium aberration with an elongated, segmented serpentine body covered in pale, 
[6863/7413] monster Primordial Surge -> gargantuan elemental entity with a shifting humanoid torso composed of roiling m
[6864/7413] spell Power Word Rend -> a swirling vortex of dense indigo force energy shaping into jagged spectral voca
[6865/7413] magic-item Bed of Spikes -> wide rectangular wooden plank, dark weathered oak grain texture, hundreds of two
[6866/7413] monster Dragonette, Sedge -> tiny serpentine aquatic dragon, slender elongated turquoise scaled body, webbed 
[6867/7413] magic-item Mariner's Armor -> sturdy metal breastplate made of polished steel, engraved with raised relief pat
[6868/7413] monster Shambling Mound -> massive heap of decaying leaves, tangled vines, and thick roots, plant-based com
[6869/7413] monster Herald of Blood -> huge hulking fiend in flight with massive leathery bat-like wings spanning twice
[6870/7413] monster Clacking Skeleton -> humanoid skeleton of bleached yellowish bone standing in a menacing upright post
[6871/7413] monster Bandit -> humanoid figure with a medium build, weather-beaten tan skin, unkempt brown hair
[6872/7413] spell False Life -> dense roiling cloud of charcoal gray necrotizing vapor swirling tightly around a
[6873/7413] monster Ancient Red Dragon -> gargantuan serpentine dragon in powerful flight, massive body covered in thick s
[6874/7413] magic-item Silver String -> a delicate coil of fine, silvery wire composed of ultra-thin metallic strands wi
[6875/7413] monster Young Blue Dragon -> large quadrupedal reptilian dragon in flight with a massive serpentine body, two
[6876/7413] spell Thunderous Stampede -> a massive phantom herd of translucent spectral quadrupeds charging forward in a 
[6877/7413] monster Rusalka -> humanoid undead female figure, pale translucent waterlogged skin, long damp dark
[6878/7413] spell Soothsayer's Shield -> translucent circular wall of glowing blue force, etched with intricate silver di
[6879/7413] monster Frost Giant -> gigantic humanoid towering over twenty feet tall, skin the blue color of glacial
[6880/7413] feat Heraldic Training -> a metal heraldic shield emblazoned with a crossed longsword and an open arcane t
[6881/7413] spell Find Traps -> translucent pale violet ripple of arcane energy pulsing outward in concentric ci
[6882/7413] spell Programmed Illusion -> translucent shifting thirty-foot cube of shimmering blue magical energy, crackli
[6883/7413] spell Prismatic Spray -> eight distinct multicolored rays of light fanning outward in a sixty-foot cone, 
[6884/7413] subclass College of the Cat -> a heraldic shield embossed with a stylized feline profile facing left, the cat h
[6885/7413] feat Fiendish Resilience — Radiant -> an ornate heraldic shield bearing a central split emblem divided vertically, one
[6886/7413] spell Legend Lore -> translucent indigo magical energy swirling in a dense spiral pattern, shifting g
[6887/7413] monster Radiant Spark Swarm -> a medium elemental swarm composed of countless tiny winged insectoid bodies hove
[6888/7413] monster Yali -> mythical composite quadrupedal beast, medium construct body carved from dark por
[6889/7413] spell Muddy Servant -> medium humanoid construct formed entirely of thick, wet dark brown mud and jagge
[6890/7413] subclass Circle of the Shapeless -> a circular heraldic shield bearing a stylized fluid emblem of an amorphous shape
[6891/7413] monster Ogre, Black Sun -> massive muscular humanoid giant with ashen grey skin, towering nine feet tall in
[6892/7413] spell Drink Life -> a single thick black tendril formed of swirling necromantic shadow energy extend
[6893/7413] monster Tiger -> large muscular quadrupedal feline body, dense orange-gold fur coat covered in ve
[6894/7413] monster Chimera, Royal -> massive quadrupedal chimeric body with a scaled lion torso, a muscular leonine m
[6895/7413] monster Giant Goat -> massive quadrupedal mammalian beast of burden with a heavily muscled body, thick
[6896/7413] feat Nature's Sanctuary -> a polished circular silver medallion, engraved with a sprawling ancient oak tree
[6897/7413] monster Zimwi -> medium humanoid giant body shape, jagged dark obsidian skin, long muscular arms 
[6898/7413] monster Troll, Breakwater -> massive aquatic humanoid giant, hunched amphibious posture, thick wrinkled blue-
[6899/7413] monster Peryton -> large monstrosity in flight combining the body and feathered wings of a massive 
[6900/7413] monster Elemental, Permafrost -> large elemental entity composed of tightly packed glacial ice and frozen earth, 
[6901/7413] monster Boggard -> bipedal amphibious humanoid, medium size, damp mottled olive-green and brown ski
[6902/7413] subclass Courser Mage -> heraldic heater shield, polished silver field bearing a rampant stylized blue ho
[6903/7413] spell Pass without Trace -> a circular expanding aura of deep charcoal shadows and absolute silence, swirlin
[6904/7413] monster Catonoctrix -> large aberration in flight with an elongated serpentine body, vast leathery dark
[6905/7413] spell Searing Smite -> a melee weapon entirely enveloped in blinding white-hot fire, a roaring sheet of
[6906/7413] magic-item Doppelganger Ointment -> small rounded ceramic jar, glazed in pale grey, featuring a primitive, featurele
[6907/7413] monster Young Brass Dragon -> large quadrupedal reptilian dragon with warm brass-colored metallic scales, a sl
[6908/7413] magic-item Recondite Shield -> circular magical shield, completely weightless and semitranslucent, composed of 
[6909/7413] magic-item Dawn Shard Greatsword -> a magnificent greatsword with a long, double-edged straight blade forged from po
[6910/7413] monster Ancient Green Dragon -> gargantuan quadrupedal dragon with emerald green scales, massive sweeping wings 
[6911/7413] monster Khamaseen -> tiny elemental creature with a swirling wind-formed body composed of compacted s
[6912/7413] spell Rat-Tat-Tat -> concatenating magical force manifesting as three kinetic shockwaves shaped like 
[6913/7413] feat Wild Shape -> a circular carved stone medallion, a bear silhouette head-on at the center, a ho
[6914/7413] spell Circular Breathing -> transmutation magic manifestation composed of swirling ribbons of azure energy a
[6915/7413] spell Selfish Wish -> A swirling mass of translucent violet and sickly green magical mist shaped into 
[6916/7413] monster Salt Devil -> medium humanoid fiend with a gaunt skeletal frame, desiccated ash-gray skin tigh
[6917/7413] magic-item Molten Hellfire Ring Mail -> heavy suit of ring mail armor fashioned from interlocking dark crimson metal rin
[6918/7413] feat Fiendish Resilience — Piercing -> a circular heraldic shield bearing a stylized wrought iron plate pierced cleanly
[6919/7413] spell Raise Dead -> a coruscating sphere of pale golden light enfolding a prone humanoid corpse, jag
[6920/7413] monster Tarrasque -> gargantuan scaly bipedal monster fifty feet tall and seventy feet long, leaning 
[6921/7413] monster Aatxe -> Massive muscular bull with midnight-black fur, large cloven hooves, sweeping ivo
[6922/7413] monster Elemental Locus -> gargantuan elemental entity, towering amorphous column of swirling elemental mas
[6923/7413] spell Hoodwink Person -> translucent shifting mirage of pale violet and soft amber mist, coiling ribbon-l
[6924/7413] spell Tiny Hut -> a ten-foot-radius immobile hemispherical dome of translucent shimmering blue for
[6925/7413] spell Project Image -> a translucent ethereal duplicate of a humanoid figure, glowing with a faint blue
[6926/7413] monster Nkosi -> medium humanoid, muscular athletic build, tawny golden-brown skin, short bristli
[6927/7413] magic-item Bubbling Retort -> long thin chemical retort vessel fashioned from translucent smoky yellow glass w
[6928/7413] spell Darksight -> dense opaque sphere of absolute shadow infused with deep violet luminescence, ex
[6929/7413] spell Heroes' Feast -> a conjured banquet table laden with elaborate platters of roasted meats, piled g
[6930/7413] monster Sentinel in Darkness -> large monolithic humanoid construct, heavily armored body of dark weathered basa
[6931/7413] magic-item Grim Escutcheon -> heavy kite-shaped shield forged from blackened matte iron, prominent three-dimen
[6932/7413] spell Resistance -> vibrating crystalline aura enveloping the target body, shifting geometric lattic
[6933/7413] magic-item Boots of Elvenkind -> a pair of soft calf-high boots crafted from supple dark gray leather, seamless f
[6934/7413] monster Wyrdling -> medium humanoid creature with a lean and elongated frame, ashen gray skin drawn 
[6935/7413] monster Snow Hag -> haggard medium fey female humanoid with hunched posture, sagging greyish blue fr
[6936/7413] spell Stumbling Steps -> a cascading wave of shimmering amber energy particles wrapping tightly around an
[6937/7413] monster Pit Fiend -> hulking muscular humanoid fiend, towering height, dark red armored scales coveri
[6938/7413] magic-item Mirror of Mental Prowess -> four-foot-tall rectangular mirror, heavy gilded wooden frame carved with intrica
[6939/7413] monster Morko -> small bipedal fey creature, slender humanoid build with elongated limbs, dark ch
[6940/7413] monster Gelatinous Wall -> huge transparent gelatinous wall shaped like a massive vertical slab of quiverin
[6941/7413] monster Cavelight Moss -> large dense mat of creeping subterranean moss covering rocky ground, thick spong
[6942/7413] monster Ibexian -> Large bipedal fiend with a muscular humanoid torso and the lower body of a massi
[6943/7413] monster Faux-Garou -> bipedal humanoid automaton crafted from weathered iron plates and jagged scrap m
[6944/7413] spell Mass Faerie Fire -> three distinct twenty-foot cubic volumes of space, outlined and filled by a vibr
[6945/7413] subclass Shadow Domain -> a raised metal heraldic shield boss featuring a stylized silhouette of a crouchi
[6946/7413] monster Illhveli, Kembingur -> gargantuan aquatic monstrosity with a massive whale-like body, dark slate-gray s
[6947/7413] monster Hraesvelgr -> huge giant in flight with an immensely muscular and towering humanoid body, mass
[6948/7413] spell Planar Ally -> a towering humanoid apparition composed of swirling prismatic energy, semi-trans
[6949/7413] monster Stellar Rorqual -> gargantuan cosmic cetacean body of midnight blue mottled with pale nebula patter
[6950/7413] spell Mire -> a circular ten-foot-diameter depression in the ground filled with swirling visco
[6951/7413] spell Eternal Echo -> a shimmering translucent duplication of a humanoid skeleton constructed entirely
[6952/7413] background Haunted -> gaunt humanoid figure standing with a hollow and weary demeanor, dressed in fray
[6953/7413] monster Tosculi Warrior -> small humanoid insectoid body, chitinous rust-colored exoskeleton, segmented abd
[6954/7413] spell Fish Lung -> a translucent, shimmering, blue-green aquatic aura encasing a target throat, und
[6955/7413] magic-item Sand Arrow -> slender arrow, straight cylindrical shaft composed of tightly compacted pure whi
[6956/7413] monster Giant Fire Beetle -> small six-legged beetle, stout heavily chitinized dark brown carapace, segmented
[6957/7413] spell Angelic Guardian -> translucent spectral manifestation resembling a human head and shoulders, glowin
[6958/7413] spell Feline Dexterity -> translucent amber feline silhouette, fluid liquid-metal limbs stretching and elo
[6959/7413] magic-item Wand of Accompaniment -> straight cylindrical wooden wand, smooth matte brown grain, uniform thickness, s
[6960/7413] spell True Polymorph -> a swirling vortex of opalescent purple energy enveloping a levitating target, ri
[6961/7413] magic-item The Dwarf's Cloak, 1 charge -> heavy knee-length lambskin cloak, thick tightly curled off-white wool exterior, 
[6962/7413] monster Scorchrunner Jackal -> medium-sized canine monstrosity with lean muscular quadrupedal body, thick brist
[6963/7413] monster Edjet Initiate -> medium humanoid soldier standing in a disciplined military posture, wearing a fi
[6964/7413] spell Mirror Realm -> vertical rectangular mirror pane transformed into a shimmering silvery liquid su
[6965/7413] monster Brass Dragon Wyrmling -> medium quadrupedal reptilian body, earth-caked warm metallic brass-colored scale
[6966/7413] magic-item Deadfall Arrow -> magical arrow featuring a straight straight-grained dark ironwood shaft, a heavy
[6967/7413] monster Paper Drake -> small quadrupedal dragon with an origami-like angular body composed of stiff whi
[6968/7413] magic-item Clockwork Hand -> a mechanical prosthetic hand, articulated brass construction, polished metallic 
[6969/7413] magic-item Baba Yaga's Cinderskull -> human skull carved from chalky white bone, bone surface completely dry and britt
[6970/7413] spell Blood to Acid -> a swirling vortex of emerald green and caustic yellow transmutation energy, crac
[6971/7413] spell Chain Lightning -> A massive jagged bolt of blinding electric blue energy, crackling with intense e
[6972/7413] magic-item Cape of the Mountebank -> heavy ankle-length cloak made of thick midnight-black velvet fabric, deep wide h
[6973/7413] magic-item Blade of Mighty Thews, 3 charges -> dark red shortsword, straight double-edged steel blade, wide crossguard of black
[6974/7413] spell Manse -> a sturdy single-story stone cottage with timber framing, a steep slate-tiled roo
[6975/7413] magic-item Armor, +3 -> full plate armor forged from midnight-black adamantine steel, interlocking shoul
[6976/7413] background Guard -> human guard standing at attention with a stern and weary demeanor, wearing a bat
[6977/7413] feat Sculpt Spells -> a heraldic shield divided diagonally, the upper field of polished steel bearing 
[6978/7413] monster Roc -> gargantuan raptor bird of prey, massive hooked beak, curved ivory talons on two 
[6979/7413] magic-item Ghost Barding Leather -> horse barding crafted from ethereal blue-green translucent leather, ultra-lightw
[6980/7413] monster Derro, Abysswalker -> small humanoid figure with chalk-white skin tinged with sickly blue, gaunt and s
[6981/7413] monster Elemental Locus -> gargantuan elemental entity composed of swirling elemental matter, towering huma
[6982/7413] feat Power Caster -> a polished metal shield bearing a heraldic charge of an open palm encircled by i
[6983/7413] magic-item Necklace of Fireballs, 1 charge -> A delicate silver chain necklace featuring a single small faceted ruby gemstone 
[6984/7413] spell Fated Strike -> A concentrated sphere of golden astral energy hovering in the air, swirling with
[6985/7413] spell Resilient Sphere -> a perfectly spherical barrier of transparent shimmering force, completely smooth
[6986/7413] spell Evercold -> viscous swirling frost aura of pale blue necromantic energy, interlocking jagged
[6987/7413] magic-item Pipes of the Sewers -> set of three hand-carved wooden pipes of uneven lengths bound together with rust
[6988/7413] spell Stoneskin -> translucent mineral skin covering the entire body, dense gray granite plates and
[6989/7413] monster Nachzehrer -> humanoid undead corpse, medium size, hunched quadrupedal posture, dry grey skin 
[6990/7413] monster Dogmole -> medium burrowing beast with a thick cylindrical body, dense dark brown fur caked
[6991/7413] monster Andrenjinyi -> gargantuan serpentine celestial entity with a massive earth-caked draconic body,
[6992/7413] magic-item Valkyrie's Bite -> a black-bladed scimitar featuring a curved steel guard shaped like outstretched 
[6993/7413] monster Spider Drake -> large quadrupedal dragon with an elongated sinewy reptilian body covered in dark
[6994/7413] spell Extraplanar Convocation -> a tear in reality ripping open a jagged vertical tear in space exposing churning
[6995/7413] monster Dvarapala -> huge muscular humanoid giant, towering stature, dark weathered stone-textured sk
[6996/7413] magic-item Rope of Entanglement -> thirty-foot length of thick coarse hempen rope, natural tan fibrous woven strand
[6997/7413] monster Domovoi -> stout humanoid fey standing three feet tall with a thick torso and short bowed l
[6998/7413] monster White Ape -> Large quadrupedal ape-like monstrosity with dense, coarse white fur covering its
[6999/7413] spell Lava Stone -> rough spherical stone ammunition for a sling, superheated and glowing intensely 
[7000/7413] spell Long Game -> translucent pale violet aura shaped like an intricate web of glowing geometric r
[7001/7413] monster Tosculi Hive-Queen -> massive chitinous insectoid monstrosity in midair flight, large segmented abdome
[7002/7413] spell Killing Fields -> a vast magical transformation of natural terrain covering a one-hundred-foot cub
[7003/7413] magic-item Wisp of the Void -> small stoppered glass apothecary bottle with a thick curved base, opaque black g
[7004/7413] spell Web -> a dense three-dimensional lattice of thick sticky pale white silken threads stre
[7005/7413] monster Salamander -> serpentine creature with a massive humanlike torso and head, sinuous lower snake
[7006/7413] spell Identify Owner -> glowing incandescent golden text forming legible hovering letters directly above
[7007/7413] feat Skirmisher -> a heraldic shield emblazoned with a charging spurred boot overlapping a pair of 
[7008/7413] monster Weretiger -> tall lithe human with sleekly muscular build, meticulously groomed short hair, f
[7009/7413] magic-item Bloodthirsty Blowgun -> hollow cylindrical blowgun tube forged from dull dark iron, surface covered in l
[7010/7413] spell Magic Jar -> small ornate glass container, heavy stoppered jar, swirling emerald green mist t
[7011/7413] spell Alter Weather -> a concentrated vortex of swirling atmospheric air currents forming a visible ver
[7012/7413] spell Blink -> A localized spherical distortion of space, two feet in diameter, composed of rap
[7013/7413] spell Abhorrent Apparition -> a hollow dried gourd carved into a nightmarish grinning face, radiating a dense 
[7014/7413] magic-item Wand of Wonder -> slender tapered metallic wand carved from ancient driftwood, surface encrusted w
[7015/7413] monster Dust Mephit -> small elemental humanoid creature with a lean torso, dusty gray stony skin cover
[7016/7413] monster Clurichaun -> tiny humanoid fey creature standing two feet tall with an extraordinarily stout 
[7017/7413] monster Deep One -> medium humanoid amphibious creature, hunched posture, wet dark grey-green scaly 
[7018/7413] monster Void Constructor -> medium-sized humanoid construct built from interlocking angular plates of dark c
[7019/7413] magic-item Cloak of the Eel -> rough blue gray leather cloak, supple marine hide material, wide sweeping hem, d
[7020/7413] monster Dogmole Juggernaut -> massive burrowing mammalian monstrosity, heavy muscular cylindrical body, thick 
[7021/7413] spell Conjure Minor Fiends -> Two small, grotesque humanoid fiends materializing from swirling black smoke and
[7022/7413] spell Cure-All -> swirling sphere of pale emerald green botanical mist, fibrous tendrils of emeral
[7023/7413] monster Vesiculosa -> gargantuan ambulatory plant creature, towering mass of thick green vines and spr
[7024/7413] spell Sorcerous Burst -> a concentrated sphere of crackling elemental energy surging forward with jagged 
[7025/7413] spell Obfuscate -> a swirling sphere of absolute darkness, three feet in diameter, composed of coal
[7026/7413] spell Desiccating Breath -> a massive spreading thirty-foot cone of coarse black dust particles swirling and
[7027/7413] magic-item Crystal Skeleton Key -> skeleton key crafted entirely from a translucent pale white crystal, narrow cyli
[7028/7413] spell Prayer of Healing -> an airborne accumulation of soft glowing white and gold energy particles swirlin
[7029/7413] spell Misfortune -> A localized sphere of warped amber distortion, five feet in diameter, churning w
[7030/7413] monster Alliumite, Husker -> medium humanoid plant creature, bulky earth-caked bulbous body covered in tangle
[7031/7413] monster Spawn of Akyishigal -> medium fiend with a grotesque humanoid torso, leathery dark purple skin pulled t
[7032/7413] magic-item Bloodfuel Trident -> tall dark iron polearm weapon, long straight shaft forged from blackened steel w
[7033/7413] spell Read Memory -> translucent cerulean energy filament shaped like an intricate brass clockwork ge
[7034/7413] magic-item Band of Restraint -> a pair of heavy leather straps of dark chocolate brown color, thick and supple h
[7035/7413] magic-item Buzzing Rapier -> slender straight steel rapier, narrow pointed blade with microscopic serrations,
[7036/7413] spell Manipulate Fire -> dense swirling vortex of bright crimson and amber flames, undulating tendrils of
[7037/7413] monster Adult Red Dragon -> huge quadrupedal reptilian body, immense leathery wings with skeletal struts, vi
[7038/7413] monster Ecstatic Bloom -> massive winged celestial humanoid, towering towering height, majestic posture, t
[7039/7413] monster Bearfolk -> medium humanoid ursine creature, bipedal muscular posture with broad shoulders a
[7040/7413] magic-item Stone of Good Luck (Luckstone) -> smooth polished agate stone, oval shape, banded layers of natural earth tones in
[7041/7413] monster Nautiloid -> gargantuan colossal nautical cephalopod horror, gigantic spiraled chambered seas
[7042/7413] spell Stone Fetch -> an animate stony duplicate rising directly out of the ground, carved entirely fr
[7043/7413] subspecies Standard Human -> medium height bipedal humanoid with balanced proportions, warm beige skin tone, 
[7044/7413] monster Ettercap -> medium bipedal humanoid spider monstrosity, hunched posture, wiry blue-gray fur 
[7045/7413] monster Warhordling Orc War Chief -> hulking medium humanoid with massive muscular proportions, dark grey skin, coars
[7046/7413] monster Blue Dragon Wyrmling -> medium quadrupedal dragon with an azure blue scale hide, a single sharp horn pro
[7047/7413] background Bonekeeper -> middle-aged human woman with weathered skin, strands of greying hair escaping a 
[7048/7413] spell Charm Monster -> hazy magenta and soft lavender mist forming delicate spiraling ribbons and soft 
[7049/7413] spell Invigorated Strikes -> a humanoid torso and arms surrounded by swirling, semi-transparent arcane energy
[7050/7413] magic-item Robe of Stars -> dark blue velvet ankle-length robe, tailored with long flowing sleeves, shimmeri
[7051/7413] monster Archmage -> humanoid male in late middle age with deep wrinkles around sharp grey eyes, long
[7052/7413] monster Yakirian -> medium humanoid body shape, slender muscular proportions, smooth slate-grey skin
[7053/7413] magic-item Dimensional Shackles -> a pair of heavy iron manacles joined by a thick short link chain, forged from du
[7054/7413] spell Confusion -> spherical cluster of swirling violet and emerald energy particles, distorting th
[7055/7413] monster Sinstar Thrall -> medium plant creature shaped like a humanoid figure, twisted woody gray trunk bo
[7056/7413] monster Mamura -> small diminutive humanoid aberration with leathery dark gray skin, gaunt skeleta
[7057/7413] spell Private Sanctum -> a semi-translucent cubic barrier of pale blue geometric force lines intersecting
[7058/7413] magic-item Collar of Beast Armor -> stiff worked dark brown leather neck collar, thick rounded band with heavy brass
[7059/7413] magic-item Sack of Schemes, 1 charge -> a small rust-colored suede drawstring bag, soft matte fabric texture, tightly cl
[7060/7413] monster Storm Giant -> massive humanoid giant standing twenty-six feet tall with a muscular and imposin
[7061/7413] monster Piercer -> small conical rock-like shell encasing a soft slug-like body, shaped entirely li
[7062/7413] magic-item Staff of Dissolution -> twisted dark gray wooden staff, gnarled ancient wood, crooked upper crook holdin
[7063/7413] spell Hallucination -> translucent shifting magical projection, ten-foot cubic boundary of distorted ai
[7064/7413] subclass Eldritch Trickster -> a heraldic shield emblazoned with a stylized glowing arcane eye superimposed ove
[7065/7413] spell Phantasmal Horror -> A swirling mass of shifting, semi-translucent dark purple and pitch-black smoke 
[7066/7413] magic-item Covenant Quill, 1 charge -> A single slender avian quill pen, constructed from a solid black plume flecked w
[7067/7413] magic-item Splint of Warding (+1) -> splint armor crafted from overlapping steel plates, each metal plate etched with
[7068/7413] spell Thunderwave -> a violent expanding three-dimensional cube of concussive force, radiating brilli
[7069/7413] monster Brown Bear -> massive quadrupedal mammalian body shape, immense bulky frame, thick shaggy brow
[7070/7413] monster Drow -> Medium humanoid with obsidian black skin, stark white hair worn long and straigh
[7071/7413] background Folk Hero -> human commoner with a determined expression, wearing a worn leather vest over a 
[7072/7413] spell Searing Sun -> dense cylinder of blinding white solar energy plunging downward, intense thermal
[7073/7413] monster Myling -> small undead child-like humanoid body shape, hunched quadrupedal posture, encrus
[7074/7413] magic-item Elderstaff (d6), 3 charges -> slick straight polished dark wood staff made from an elder tree, carved low-reli
[7075/7413] magic-item Bullseye Arrow -> straight wooden arrow shaft, bright crimson fletching made of stiff feathers, bl
[7076/7413] spell Telekinesis -> swirling cluster of jagged metallic objects, splintered wooden shards, and heavy
[7077/7413] magic-item Heat Armor -> scale mail armor composed of interlocking metallic plates fashioned from brushed
[7078/7413] magic-item Binding Oath -> a lengthy ancient scroll consisting of yards of yellowed parchment wrapped tight
[7079/7413] spell Shadow Spawn -> a writhing mass of pure darkness coalescing from a consumed corpse into a quadru
[7080/7413] monster Assassin -> medium humanoid figure, slender athletic build, covered head to toe in dark char
[7081/7413] monster Bunyip -> huge aquatic beast with a sleek seal-like body, dark mottled skin, broad flipper
[7082/7413] monster Djinni -> tall well-muscled humanoid with azure blue skin and deep dark eyes, noble bearin
[7083/7413] magic-item Bloodprice Studded-Leather -> supple dark oxhide studded leather cuirass fitted with iron rivets, a deep crims
[7084/7413] spell Time Step -> distortion in space, absence of a physical body, faint circular outline marking 
[7085/7413] spell Cold Spray -> a cone-shaped torrent of swirling frosty white vapor and crystalline ice shards 
[7086/7413] background Noble -> middle-aged human noble with an upright posture and confident expression, styled
[7087/7413] spell Tracer -> a tiny, glowing golden pinpoint of divination magic energy, a microscopic bead o
[7088/7413] monster Camazotz -> massive demonic bat-like fiend in mid-flight, enormous leather-webbed wings span
[7089/7413] spell Induce Despair -> A swirling cloud of ash-gray smoke shaped like a weeping human visage, surrounde
[7090/7413] spell Bewilder -> spherical pulse of warped translucent air, jagged chromatic fractures rippling a
[7091/7413] monster Gug -> massive towering quadrupedal humanoid monster, enormous bulk, midnight-black mat
[7092/7413] monster Thursir Giant -> massive humanoid giant towering fifteen feet tall, heavily muscled and broad-sho
[7093/7413] spell Anthropomorphize -> a swirling cloud of shifting violet and gold arcane energy swirling into a dense
[7094/7413] monster Light Dragon Wyrmling -> medium-sized draconic wyrmling, serpentine body covered in fine, pale golden sca
[7095/7413] spell Cute Ink -> a dense, swirling cloud of dark black ink forming the shifting, shadowy silhouet
[7096/7413] feat Evasion -> a heraldic shield emblazoned with a charging silver blur escaping a jagged black
[7097/7413] monster Cult Fanatic -> medium human humanoid, sinister gaunt posture, pale drawn skin stretched tight o
[7098/7413] feat Archdruid -> a heraldic escutcheon bearing a carved wooden roundel, an intricate intertwining
[7099/7413] subspecies Frost Giant -> massive humanoid giant standing twenty-one feet tall with a heavily muscled and 
[7100/7413] spell Perun's Doom -> a violent swirling vortex of slate gray atmospheric wind, an explosive expanding
[7101/7413] monster Apprentice Mage -> humanoid young adult with an average build, shoulder-length brown hair tied back
[7102/7413] monster Warmth Thief -> tiny fey humanoid torso with delicate translucent insectoid wings, elongated jag
[7103/7413] monster Hoard Golem -> huge hulking humanoid construct formed entirely from a chaotic mass of accumulat
[7104/7413] monster Green Slime -> amorphous mound of vibrant, translucent emerald-green gelatinous matter, wet vis
[7105/7413] spell Philosopher's Mind -> translucent sphere of swirling cobalt and violet energy hovering silently, inner
[7106/7413] monster Dragon, Sand Adult -> huge quadrupedal reptilian dragon in flight, massive sinewy body covered in coar
[7107/7413] monster Great Wyrm Gold Dragon -> gargantuan serpentine golden dragon, massive wings spanning an immense breadth, 
[7108/7413] monster Caretaker Weevil -> medium armored insectoid beast, segmented chitinous exoskeleton in dull bronze a
[7109/7413] spell Greed -> A swirling, shifting cloud of translucent spectral currency and floating gem fra
[7110/7413] spell Jeweled Fissure -> a jagged vertical fissure splitting the ground from which a dense cluster of raz
[7111/7413] spell Resurrection -> a swirling vortex of warm golden light and soft white radiance hovering above an
[7112/7413] spell Sleet Storm -> a swirling vertical cylinder of dense freezing rain and jagged ice pellets, pack
[7113/7413] monster Phase Spider -> huge monstrous arachnid with a bulky segmented cephalothorax, eight long spindly
[7114/7413] monster Echo -> medium humanoid fiend in mid-flight with wide-spread bat-like leather wings, hun
[7115/7413] magic-item Ring of Shadows -> thick band carved from polished black ebony wood, smooth unbroken outer surface,
[7116/7413] spell Call Lightning -> a massive circular storm cloud sixty feet in diameter and ten feet thick hoverin
[7117/7413] monster Sinstar -> Tiny sentient carnivorous plant creature, diminutive humanoid plant body shape, 
[7118/7413] monster Koralk (Harvester Devil) -> large fiend with a gaunt and angular humanoid body shape, ashen gray skin drawn 
[7119/7413] monster Elephant -> massive gray quadrupedal mammal, thick wrinkled skin, immense barrel-shaped tors
[7120/7413] spell Disrupting Smite -> a melee weapon enshrouded by a turbulent aura of violet and silver energy, jagge
[7121/7413] monster Cultist Fanatic -> humanoid figure of medium height standing with an upright posture, wearing deep 
[7122/7413] monster Púca -> large bipedal fey creature, tall humanoid silhouette, dark shaggy fur covering a
[7123/7413] feat Elemental Affinity -> A circular heraldic shield divided into four interlocking triangular segments, e
[7124/7413] spell Risen Road -> circular swirling portal of absolute obsidian blackness, edged with violet energ
[7125/7413] monster Succubus -> slender humanoid female fiend of medium size with pale skin, long dark hair fram
[7126/7413] subspecies Lightfoot Halfling -> short stature standing two to three feet tall, litany build, warm tan skin tone,
[7127/7413] spell Maze -> massive shifting architectural boundary formed from towering perpendicular gray 
[7128/7413] magic-item Whistle-Rope -> fifteen-foot length of dark brown supple leather cord, narrow circular cross-sec
[7129/7413] monster Rust Monster -> medium-sized insectile monstrosity with a body covered in thick lumpy rust-color
[7130/7413] magic-item Blinding Lantern -> ornate polished brass lantern body, multifaceted cut crystal lens encased within
[7131/7413] magic-item Arrow of Grabbing -> a magical arrow with a sharp barbed steel head featuring three curved rear-facin
[7132/7413] magic-item Greatsword of Volsung -> massive heavy greatsword, extremely long broad double-edged steel blade etched w
[7133/7413] spell Cold Snap -> spherical burst of frigid swirling wind, dense mass of miniature jagged ice crys
[7134/7413] magic-item Bloodthirsty Javelin -> slender magical javelin, dark oxidized iron shaft, broad heavy metallic head, de
[7135/7413] monster Bloody Bones -> skeletal humanoid undead creature, medium size, bare yellowed bone structure com
[7136/7413] monster Chained Angel -> muscular humanoid celestial with six large feathered wings spanning outward, tal
[7137/7413] spell Rain of Fire -> whirling vortex of bright orange and crimson flames swirling in a dense spiral f
[7138/7413] monster Bearing Golem -> Medium construct, humanoid silhouette carved entirely from dark basalt stone, bl
[7139/7413] monster Tusked Crimson Ogre -> massive humanoid giant standing ten feet tall, muscular hunched torso, thick cri
[7140/7413] monster Killer Whale -> massive aquatic marine mammal with a streamlined torpedo-shaped body, smooth jet
[7141/7413] monster Far Dorocha -> medium fey humanoid entity, gaunt emaciated body shape, elongated limbs, ashen g
[7142/7413] spell Shapechange -> shifting humanoid silhouette composed of swirling translucent violet and deep in
[7143/7413] monster Young Sea Dragon -> large serpentine reptilian body covered in sleek iridescent turquoise scales, lo
[7144/7413] spell Alter Self -> translucent swirling blue arcane energy enveloping a humanoid silhouette, ripple
[7145/7413] monster Deathspeaker -> emaciated humanoid undead skeleton wrapped in tattered grey burial shrouds, skin
[7146/7413] monster Centaur -> muscular human upper body down to the waist with various skin tones, slightly po
[7147/7413] monster Savager -> massive quadrupedal mammalian beast, thick muscular torso, short coarse grey fur
[7148/7413] monster Kinnara -> medium celestial humanoid body with feathered avian wings spanning its back, gol
[7149/7413] spell Gust of Wind -> a violent horizontal gale-force torrent of roaring air, semi-translucent swirlin
[7150/7413] monster Befouled Weird -> medium elemental composed entirely of churning polluted water, humanoid torso an
[7151/7413] monster Doom Creeper -> small subterranean plant creature, compact bulbous body shape covered in thick l
[7152/7413] spell Skillfull Repair -> a swirling cloud of luminous silver sparks and tiny glowing blue geometric threa
[7153/7413] monster Megantereon -> medium-sized prehistoric feline beast with a thick muscular body, tawny fur coat
[7154/7413] spell Shocking Grasp -> A dense cluster of jagged, branching electrical arcs in vibrant electric blue an
[7155/7413] spell Blade Barrier -> vertical wall of whirling razor-sharp blades made of translucent shimmering magi
[7156/7413] monster Tosculi Elite Bow Raider -> medium humanoid insectoid creature in flight, chitinous amber carapace, two larg
[7157/7413] magic-item Wand of the War Mage, +3 -> slender tapering wand crafted from dark polished ironwood, surface etched with g
[7158/7413] magic-item Memory Philter -> small spherical glass vial with a narrow tapered neck, stoppered with a carved w
[7159/7413] spell Aura of Concealment -> a thirty-foot radius spherical boundary of distorted, bending air and shifting g
[7160/7413] monster Rug of Smothering -> large rectangular woven fabric construct hovering horizontally above the ground,
[7161/7413] spell Locate Animals or Plants -> A translucent, shimmering sphere of pale green divination energy pulsing outward
[7162/7413] magic-item Unquiet Dagger -> dark gray forged dagger, slender tapered blade, rippling water-like surface text
[7163/7413] monster Bandit Captain -> medium humanoid human male bandit captain standing in an assertive commanding po
[7164/7413] magic-item Void-Touched Buckler -> round wooden buckler, weathered oak grain, forged iron rim, warped surface textu
[7165/7413] magic-item Leather Armor of the Leaf -> supple boiled leather cuirass and matching pauldrons dyed in forest green and ea
[7166/7413] magic-item Spear of the Stilled Heart -> pale rowan wood spear, long straight polished wooden shaft, thick gnarled knot i
[7167/7413] monster Domovoi -> medium humanoid fey, diminutive stocky proportions, thick matted gray-brown fur 
[7168/7413] monster Deathsworn Elf -> medium humanoid elf with ashen grey skin, long stark white hair pulled back from
[7169/7413] monster Alpha Yek -> muscular medium fiend with jagged obsidian horns curving backward from a heavy b
[7170/7413] magic-item Glazed Shortsword -> shortsword with a slender steel blade coated in a smooth glossy pink ceramic gla
[7171/7413] monster Arx -> massive muscular fiend with a hulking humanoid torso, wide leathery bat-like win
[7172/7413] spell Anchoring Rope -> a glowing azure evocation energy rope, thirty feet in length, one end coiling ti
[7173/7413] spell Bleating Call -> vibrant indigo magical energy coalescing at a designated point in space, swirlin
[7174/7413] monster Fleshdreg -> huge quadrupedal plant creature composed of tangled green vines, rotting roots, 
[7175/7413] monster Kalke -> small bipedal fiend with ash-gray leathery skin, hunched posture, elongated shar
[7176/7413] monster Root Witch -> humpbacked humanoid hag with gnarled woody skin resembling dark oak bark, long g
[7177/7413] spell Gentle Repose -> a corpse enveloped in a tightly woven cocoon of pale silvery blue frost and wisp
[7178/7413] magic-item Bloodfuel Longsword -> one-handed steel longsword with a straight double-edged blade, dark crimson meta
[7179/7413] spell Necromantic Infusion -> A swirling vortex of pitch black shadow and bruised purple energy, a dense spher
[7180/7413] monster Lamia -> a humanoid upper body with smooth tan skin and long dark hair, merging at the wa
[7181/7413] feat Transmuted Spell -> a circular brass heraldic shield featuring an embossed alchemical transmutation 
[7182/7413] monster Sodwose -> medium humanoid plant creature, rigid woody brown bark skin, gnarled vine limbs,
[7183/7413] magic-item Tonic for the Troubled Mind -> small opaque glass apothecary bottle with a bulbous rounded base and a slender n
[7184/7413] monster Grimalkin -> large feline monstrosity the size of a tiger, sleek and muscular body shape, mid
[7185/7413] spell Ray of Sickness -> a narrow arcing beam of sickly jade green light, crackling with noxious lime-col
[7186/7413] monster Cultist -> humanoid figure of average height and build, wearing a heavy hooded robe of roug
[7187/7413] monster Gold Dragon Wyrmling -> small medium dragon in flight with a serpentine golden-scaled body, large feathe
[7188/7413] spell Icy Tempest -> turbulent twenty-foot radius sphere of swirling jagged ice shards and white free
[7189/7413] magic-item Chillblain Chain Mail -> set of chain mail armor forged from overlapping blue steel rings, a permanent fr
[7190/7413] spell Assemble -> dense cloud of swirling transmutation energy, glowing emerald green filaments of
[7191/7413] magic-item Locket of Dragon Vitality -> heavy hinged heart-shaped locket, forged from dark metallic red dragon scales ov
[7192/7413] spell Meld into Stone -> subtle shimmering translucent silhouette of a human figure merging waist-deep in
[7193/7413] spell Masquerade -> a swirling cloud of shifting translucent prismatic mists, shifting through spect
[7194/7413] spell Detect Thoughts -> translucent shifting violet vapor forming expanding concentric ripples in the ai
[7195/7413] monster Diplodocus -> gargantuan quadrupedal sauropod dinosaur, immensely long slender neck held horiz
[7196/7413] monster Coven Winter Hag -> haggard medium fey humanoid, hunched posture, gaunt skeletal frame, pale frostbi
[7197/7413] monster Glass Gator -> large aquatic reptilian beast with a semi-translucent crystalline body, jagged t
[7198/7413] spell Caustic Quarrel -> an arrow-shaped projectile composed of churning, translucent green liquid, elong
[7199/7413] magic-item Slimeblade Longsword -> longsword with a dark iron pommel, wrapped black leather grip, gleaming silver c
[7200/7413] spell Grapevine -> A cluster of thick, writhing woody vines twisting into sharp geometric runes acr
[7201/7413] spell Tsunami -> massive vertical sheer wall of ocean water three hundred feet long and three hun
[7202/7413] monster Bat, Swarm of Bats -> a dense, chaotic cloud of hundreds of small, leathery-winged mammals swirling to
[7203/7413] subclass Talented Tactician -> a heraldic heater shield bearing an embossed silver compass rose centered over c
[7204/7413] magic-item Ghost Barding Plate -> equine barding plate constructed of ethereal translucent blue-green metal plates
[7205/7413] monster Dogmole Juggernaut -> massive cylindrical subterranean mammalian monstrosity covered in thick greyish-
[7206/7413] magic-item Soul Jug -> ceramic jar with a bulbous dark green body and a narrow cylindrical neck, polish
[7207/7413] spell Find Steed -> a spectral quadrupedal mount summoned from magical energy, translucent pale blue
[7208/7413] monster Bronze Dragon Wyrmling -> medium quadrupedal dragon in flight with a long serpentine neck and tail, covere
[7209/7413] monster Tiger, Saber-Toothed -> massive muscular quadrupedal feline beast, thick tawny-gold fur coat with dark v
[7210/7413] subclass College of Sincerity -> an ornate heraldic shield divided vertically into two halves, the left half poli
[7211/7413] magic-item Hammer of Decrees -> a heavy warhammer with a dull dark gray adamantine head, a deeply pitted and dam
[7212/7413] monster Elephant -> huge massive quadrupedal mammalian body, thick wrinkled dark grey skin with spar
[7213/7413] monster Behir -> huge serpentine monster resembling a combination of centipede and crocodile, lon
[7214/7413] monster Jackalwere -> medium fiend in its hybrid form standing upright on two muscular humanoid legs, 
[7215/7413] magic-item Sand Suit -> leather armor fashioned from the desiccated skin of an apaxrusl, rigid torso pie
[7216/7413] spell Dead Walking -> a spell effect manifesting as a swirling veil of pale grey illusion magic and tr
[7217/7413] monster Sandwyrm -> massive serpentine dragon with a segmented earthy-brown carapace crusted in thic
[7218/7413] monster Conjoined Queen -> massive conjoined monstrosity with two fused humanoid upper torsos rising from a
[7219/7413] monster Nullicorn -> large quadrupedal aberration, hunched muscular equine body, dark gray pitted hid
[7220/7413] feat Extended Spell -> a heraldic shield divided diagonally, the upper left field displaying a vibrant 
[7221/7413] spell Guiding Star -> A single bright celestial point of pure white light, suspended in mid-air, casti
[7222/7413] spell Starburst -> tiny incandescent pinprick of pure white starlight, rapidly expanding outward in
[7223/7413] magic-item Halberd of the Moon, 3 charges -> polearm with a dark iron shaft, gleaming crescent-shaped axehead, piercing top s
[7224/7413] magic-item Ghoul Light -> iron bullseye lantern, cylindrical brass-trimmed housing, thick hinged side door
[7225/7413] monster White Dragon Wyrmling -> medium serpentine dragon, slender muscular reptilian body, covered in fine pale 
[7226/7413] spell Dark Dementing -> a crawling mass of inky black shadow creeping inward, twisting tendrils of dark 
[7227/7413] monster Starving Specter -> medium undead humanoid figure, emaciated skeletal frame with tightly stretched g
[7228/7413] magic-item Ward Against Wild Appetites -> seventeen animal teeth of varying sizes hanging together on a simple brown leath
[7229/7413] spell Antimagic Field -> a spherical volume of absolute spatial distortion, dead air with no visible magi
[7230/7413] monster Vulture -> medium-sized avian beast in flight, broad feathered wings spanning wide, dark br
[7231/7413] monster Ooze, Sinkhole -> gargantuan undulating mass of translucent viscous greenish-brown gelatinous mate
[7232/7413] monster Ravenfolk Warrior -> medium humanoid ravenfolk warrior, upright bipedal posture, covered in dense glo
[7233/7413] monster Bone Construct -> skeletal construct formed from jagged interlocking humanoid bones assembled into
[7234/7413] monster Nian -> massive quadrupedal mammalian monstrosity with a muscular lion-like body, dark b
[7235/7413] monster Duergar -> medium humanoid, stocky muscular build, bald head, completely hairless face and 
[7236/7413] spell Ley Surge -> a spherical eruption of crackling violet and cerulean energy, thirty feet in dia
[7237/7413] monster Shard Swarm -> medium construct, swirling flock of razor-sharp jagged metallic shards and glass
[7238/7413] subspecies Gnome Heritage -> short humanoid stature standing three feet tall, wiry athletic build, weathered 
[7239/7413] spell Sacred Strikes -> a glowing aura of pure white light shaped like crackling divine energy wrapping 
[7240/7413] magic-item Bloodthirsty Pike -> long magical polearm weapon, tapered steel spearhead with deep branching blood c
[7241/7413] monster Clockwork Beetle -> tiny mechanical beetle construct in flight, hinged segmented brass carapace plat
[7242/7413] feat Holy Nimbus -> a heraldic emblem shaped like a sunburst shield, a central five-pointed star sur
[7243/7413] magic-item Dimensional Net -> woven rectangular net crafted from alternating strands of golden celestial hair 
[7244/7413] subclass Oath of Safeguarding -> scutcheon-shaped heraldic shield split vertically into two halves of polished st
[7245/7413] spell Multiarm -> a spectral extra arm materializing from the shoulder of a humanoid form, semi-tr
[7246/7413] monster Griffon -> a large muscular quadrupedal body of a golden-brown lion with tawny fur, powerfu
[7247/7413] spell Magic Missile -> three identical glowing violet darts of condensed magical force traveling simult
[7248/7413] feat Potent Cantrip -> a heraldic shield divided diagonally, featuring a raised brass gauntlet grasping
[7249/7413] spell Finger of Death -> an elongated translucent spectral index finger formed from swirling black necrot
[7250/7413] monster Infernal Centaur -> medium fiend with the muscular torso of a humanoid and the lower body of a massi
[7251/7413] monster De Ogen -> hovering medium undead creature, skeletal humanoid body draped in tattered dark 
[7252/7413] magic-item Soldra's Staff -> five-foot-long wooden staff made of dark brown yew wood, distinct upper hook cur
[7253/7413] magic-item Speakstick, 3 charges. -> A straight wooden walking stick made of pale grey driftwood, standing four feet 
[7254/7413] spell Poison Fang -> a conjured semi-translucent viper composed of shifting green and dark violet ser
[7255/7413] monster Marid Noble -> massive blue-skinned elemental humanoid of imposing bulk, translucent turquoise 
[7256/7413] monster Ancient Emerald Dragon -> gargantuan quadrupedal dragon with emerald green crystalline scales and massive 
[7257/7413] monster Lich -> gaunt skeletal humanoid with withered gray flesh stretched tight across visible 
[7258/7413] monster Baba Yaga's Horsemen -> three towering fey horsemen riding colossal skeletal steeds, each horseman posse
[7259/7413] magic-item Flash Bullet -> spherical magic ammunition stone, polished and lustrous grey surface, smooth hea
[7260/7413] spell Fey-Touched Blade -> A nonmagical steel longsword enveloped in crackling emerald green fey energy, sw
[7261/7413] magic-item Scroll of Treasure Finding -> aged yellowish parchment scroll tied tightly with a frayed crimson silk ribbon, 
[7262/7413] monster Bonepowder Ghoul -> emaciated small humanoid undead creature, shriveled gray skin stretched taut ove
[7263/7413] spell Circle of Death -> expanding sphere of black necrotic energy, sixty-foot radius, dark shadowy shock
[7264/7413] monster Kishi Demon -> bipedal humanoid demon with smooth ash-gray skin tightly drawn over a lean muscu
[7265/7413] monster Shadow Elf Spellcaster Drider -> large monstrosity combining the upper torso of a dark-skinned shadow elf with th
[7266/7413] magic-item Inversion Pot -> squat earthenware teapot with a dark reddish brown clay surface, bulbous lower b
[7267/7413] feat Frenzy -> heraldic shield bearing a central rampant beast of unbridled rage with elongated
[7268/7413] magic-item Crooked Canteen, 3 charges -> large flask made of deeply furrowed brown wood with a distorted, asymmetrical bo
[7269/7413] magic-item Dust of Sneezing and Choking -> a tiny square folded packet made of rough grey parchment tied shut with a frayed
[7270/7413] spell Warding Sigil -> glowing circular glyph of intricate interlocking geometric lines and ancient run
[7271/7413] monster Cave Dragon Wyrmling -> medium-sized quadrupedal dragon with rough slate-grey scales caked in dry brown 
[7272/7413] feat Misty Visions -> a circular heraldic shield bearing a raised metallic emblem of shifting opalesce
[7273/7413] spell Flaming Sphere -> five-foot-diameter perfect sphere composed entirely of roiling orange and yellow
[7274/7413] magic-item Mountain Hewer -> massive two-handed battleaxe, enormous wedge-shaped head carved from solid grey 
[7275/7413] monster Noble -> medium humanoid standing upright with an erect posture, fair skin, neatly coiffe
[7276/7413] monster Bulette -> massive quadrupedal monstrosity resembling a land shark, enormous bulky body cov
[7277/7413] monster Frost Giant Jarl -> massive humanoid giant standing twenty one feet tall with pale blue skin and thi
[7278/7413] monster Werebear -> massive hulking humanoid standing nine feet tall, powerful bipedal ursine bear h
[7279/7413] feat Boon of Fate -> a heavy heraldic shield bearing a centered raised crest of a large spinning bras
[7280/7413] magic-item Serpent's Scales -> magical suit of scale mail fashioned from overlapping emerald green snakeskin, e
[7281/7413] magic-item Censer of Controlling Air Elementals -> small ornate metal censer shaped like a miniature brazier, constructed of brushe
[7282/7413] magic-item Shield, +1 -> round steel shield with a convex surface, brushed metallic silver finish, polish
[7283/7413] monster Wraith Bear -> massive translucent skeletal bear hovering above the ground, tattered smoky dark
[7284/7413] spell Sunburst -> massive spherical burst of blindingly brilliant golden sunlight expanding outwar
[7285/7413] monster Amethyst Dragon Wyrmling -> medium dragon wyrmling with pale purple crystalline scales, large angular head, 
[7286/7413] subclass School of Illusions and Phantasms -> a circular heraldic shield bearing an embroidered silver butterfly superimposed 
[7287/7413] spell Outmaneuver -> a sudden manifestation of swirling indigo and silver magical energy forming geom
[7288/7413] magic-item Fellforged Armor -> heavy full plate armor forged from dark oxidized iron, thick interlocking should
[7289/7413] monster Orc -> medium humanoid with a heavily muscled stocky build, stooped posture, dark gray 
[7290/7413] monster Mountain Strider -> large quadrupedal monstrosity with a muscular leonine body, thick ashen-gray hid
[7291/7413] monster Gerridae -> large fey creature with a humanoid upper torso, chitinous insectoid lower body, 
[7292/7413] spell Storm of Vengeance -> massive churning dark gray storm cloud formation, hundreds of feet wide, swirlin
[7293/7413] spell Holy Ground -> a circular zone of holy ground sixty feet across marked on the ground by a glowi
[7294/7413] spell Scrying -> translucent floating circular scrying sensor, two feet in diameter, composed of 
[7295/7413] monster Bear, Black -> stocky quadrupedal mammalian body, thick coarse jet-black fur covering its entir
[7296/7413] spell Exsanguinating Cloud -> a spherical twenty-foot radius billow of dense rose-colored mist, swirling trans
[7297/7413] monster Tulpa -> medium undead humanoid creature, gaunt emaciated skeletal frame, translucent spe
[7298/7413] monster Sunset Raptor -> medium bipedal reptilian monstrosity, slender aerodynamic body, powerful muscula
[7299/7413] magic-item Glamour Rings -> pair of identical matching rings, each formed from two interwoven continuous twi
[7300/7413] monster Shrieker Fungus -> medium-sized upright fungal growth, thick central stalk anchored in a small root
[7301/7413] monster Shroud -> medium undead creature, humanoid skeletal frame draped in tattered grey burial s
[7302/7413] monster Ancient Black Dragon -> gargantuan sprawling quadrupedal reptilian body, massive sweeping wings with tat
[7303/7413] monster Anophiloi -> small humanoid monstrosity in mid-flight, slender torso, delicate translucent in
[7304/7413] spell Shelter -> a translucent dome-shaped edifice of pale blue energy, measuring thirty feet in 
[7305/7413] monster Rust Drake -> medium quadrupedal reptilian dragon in flight, long segmented tail, thick earth-
[7306/7413] subspecies Stout Halfling -> short stocky humanoid standing three feet tall with a broad muscular torso, thic
[7307/7413] background Sailor -> weathered human sailor with deeply sun-browned skin, sun-bleached unruly blond h
[7308/7413] monster Wirbeln Fungi -> small plant creature with a bulbous stalk and wide cap, four membranous insectoi
[7309/7413] magic-item Fountmail -> dazzling white suit of chain mail armor, interlocking bright white metal links, 
[7310/7413] magic-item Thunderous Kazoo -> An uncommon magical artifact shaped like a small cylindrical kazoo, forged from 
[7311/7413] monster Cryoceros -> large muscular quadrupedal beast, thick pale blue and white fur covering its bul
[7312/7413] monster Gugalanna -> massive celestial bull with a towering, muscular quadrupedal body, pure white hi
[7313/7413] monster Young Blue Dragon Zombie -> large quadrupedal undead dragon in flight with tattered leather wings, exposed g
[7314/7413] monster Wind Weasel -> medium fey quadruped with a long slender serpentine body covered in short white 
[7315/7413] monster Sleipnir -> eight-legged muscular gray stallion, massive equine body, noble carriage, intell
[7316/7413] subclass The Ancient Fey Court -> carved wooden heraldic shield, central polished silver stag head silhouette in p
[7317/7413] monster Elk -> large quadrupedal mammal with a heavy muscular body covered in thick brown fur, 
[7318/7413] feat Open Hand Technique -> a circular brass medallion bearing a raised bas-relief emblem of an open human p
[7319/7413] spell Synaptic Spear -> a concentrated lance-shaped bolt of semi-translucent purple and indigo psychic e
[7320/7413] magic-item Gauntlet of the Iron Sphere -> heavy metallic gauntlet forged from blackened steel plates, articulated knuckle 
[7321/7413] monster Ogre -> massive humanoid giant standing nine feet tall, thick muscular torso with a hunc
[7322/7413] subclass Way of the Cerulean Spirit -> heraldic shield bearing the emblem of a soaring falcon formed from flowing sapph
[7323/7413] spell Shield -> translucent planar force barrier forming an opaque curved disc shaped like ruste
[7324/7413] magic-item Potion of Bouncing -> a small spherical glass vial filled with clear effervescent liquid, a vibrant re
[7325/7413] magic-item Ring of Mind Shielding -> heavy dark metal band, broad flat face bezel, polished jet-black stone inset, in
[7326/7413] monster Ooze, Shoal -> gargantuan aquatic ooze, immense amoebic mass of semi-translucent pale blue and 
[7327/7413] magic-item Shadow Tome -> thick rectangular tome, bound in matte charcoal leather, cover surface etched wi
[7328/7413] spell Ensnaring Strike -> Thick thorny green vines wrap tightly around a struggling target, bristling with
[7329/7413] monster Fey Drake -> small slender serpentine dragon body, vibrant iridescent emerald green scales fl
[7330/7413] spell Dark Path -> ten foot wide road of absolute darkness extending across empty space, surface co
[7331/7413] monster Mage -> medium human humanoid standing upright with a lean posture, wrinkled face with s
[7332/7413] spell Paincurrent -> a jagged crackling electric arc, violent jagged forks of bright blue and white l
[7333/7413] monster Orcish Wildling Minstrel -> medium humanoid orc with gray-green skin, heavy muscular build, protruding lower
[7334/7413] magic-item Ring Mail of Warding (+1) -> heavy suit of interlinked iron ring mail armor constructed from overlapping meta
[7335/7413] monster Cave Ogre -> massive bulky humanoid giant with dark grey mottled stone-textured skin, stooped
[7336/7413] spell Hellish Rebuke -> an eruption of turbulent, black-edged crimson flames bursting outward from an un
[7337/7413] monster Hill Dwarf Wrestler -> stocky medium humanoid with a broad muscular torso, thick limbs, ruddy skin, a d
[7338/7413] spell Hamstring -> a translucent arrow composed of crackling violet and indigo force energy, pointe
[7339/7413] monster Tosculi Hive Queen -> massive insectoid monstrosity, large segmented abdomen, chitinous amber carapace
[7340/7413] monster Shadow Demon -> medium winged fiend in mid-flight with a humanoid upper body, a torso and arms c
[7341/7413] monster Archon, Siege -> huge celestial humanoid body shape with a commanding noble posture, towering in 
[7342/7413] magic-item Rug of Safe Haven -> small three-foot-by-five-foot rectangular woven floor rug, coarse dark green and
[7343/7413] magic-item Staff of Thunder and Lightning -> long dark wooden quarterstaff, heavy polished iron bands wrapped in a spiral aro
[7344/7413] monster Ancient Shadow Dragon -> gargantuan winged quadrupedal draconic body, sleek obsidian scales blending into
[7345/7413] spell Pummelstone -> a fist-sized jagged chunk of dense grey granite materializing from a swirling bu
[7346/7413] background Outlander -> human figure standing with a weather-worn posture, deeply tanned skin crisscross
[7347/7413] monster Ancient Blue Dragon -> gargantuan quadrupedal dragon with massive leathery wingspan, azure and indigo s
[7348/7413] monster Walled Horror -> large undead humanoid monstrosity fused into a jagged stone and mortar rampart, 
[7349/7413] magic-item Djinn Vessel -> One foot long and half as wide, an amphora-shaped clay vessel of rough, unglazed
[7350/7413] monster Desert Giant -> huge humanoid giant towering thirty feet tall with lean muscular proportions, su
[7351/7413] magic-item Feather Wand, 3 Charges -> straight slender wooden rod, pale white birch wood material, smooth sanded surfa
[7352/7413] magic-item Warlock's Aegis -> flexible full suit of supple dark leather armor comprising a fitted cuirass, sho
[7353/7413] spell Prestidigitation -> a swirling cluster of minuscule, multi-colored sparks and transient wisps of vio
[7354/7413] spell Blessing -> a swirling sphere of pale golden light composed of tightly woven, fast-spinning 
[7355/7413] spell Bolster Undead -> thick roiling waves of dark violet and charcoal negative energy sweeping across 
[7356/7413] feat Primordial Caster -> a heraldic shield-shaped metal emblem forged from interlocking bronze and iron p
[7357/7413] magic-item Ring of the Jarl -> thick band of hammered yellow gold, heavy circular metal loop, textured uneven e
[7358/7413] magic-item Nightstone, 1 use -> crescent moon shaped stone, smooth polished obsidian surface, deep midnight blac
[7359/7413] feat Stunning Strike -> A heraldic emblem featuring a central closed fist surrounded by four radiating s
[7360/7413] monster Blestsessebe -> massive humanoid celestial entity with broad shoulders and an imposing stature, 
[7361/7413] magic-item Cloak of Displacement -> a heavy hooded woolen cloak of deep midnight blue with an intricate silver clasp
[7362/7413] monster Young Spinosaurus -> massive quadrupedal aquatic dinosaur, elongated crocodile-like snout with termin
[7363/7413] spell Control Plants -> a thick green haze of dense botanical energy swirling in a circular mass, vibran
[7364/7413] spell Phase Anchor -> pulsing semi-transparent anchor composed of geometric wireframe lines of crackli
[7365/7413] magic-item Trident of Submission (d8), 3 charges. -> a magical trident crafted from iridescent mother-of-pearl, featuring a slender s
[7366/7413] spell Feint -> a translucent, shimmering double of a humanoid figure, flickering erratically in
[7367/7413] magic-item Staff of the Python -> a gnarled wooden quarterstaff carved from dark ash wood, polished to a dull brow
[7368/7413] magic-item Manticore's Tail -> stout iron morningstar haft wrapped in dark cracked leather, spherical iron stri
[7369/7413] spell Holy Aura -> a spherical field of soft golden light thirty feet in diameter expanding outward
[7370/7413] magic-item Bloodthirsty Shortbow -> a recurve shortbow crafted from dark reddish-brown heartwood, its rigid limbs de
[7371/7413] magic-item Leaf-Bladed Shortsword -> short slender curved steel blade, wide leaf-shaped point, single sharp cutting e
[7372/7413] monster Fext -> undead humanoid corpse, medium size, desiccated grey flesh stretched tight over 
[7373/7413] magic-item Sheeshah of Revelations -> finely crafted water pipe, polished silver stem and mouthpiece, clear transparen
[7374/7413] feat Distant Spell -> a circular heraldic shield featuring an embossed silver compass rose centered wi
[7375/7413] feat Boundless Reserves -> a stylized heraldic emblem featuring a central circular shield made of polished 
[7376/7413] monster Giant Octopus -> huge aquatic mollusk with a bulbous soft mantle, eight long tapering flexible te
[7377/7413] spell Caustic Blood -> three separate globes of viscous emerald acid blood suspended midair, jagged bub
[7378/7413] subclass School of Necrotic Arts -> an intricate heraldic shield divided into asymmetrical quarters, a skeletal huma
[7379/7413] spell Rejuvenation -> dense swirling sphere of bright emerald green magical energy, thick glowing tend
[7380/7413] monster Ghast -> emaciated humanoid corpse, rotting gray flesh stretched tight over visible bones
[7381/7413] monster Nkosi -> medium humanoid bipedal figure with muscular build, dark weathered skin, broad s
[7382/7413] monster Stained-Glass Moth -> small hovering construct shaped like a moth, translucent multi-colored glass win
[7383/7413] spell Moonbeam -> a vertical cylinder of pale silvery light, forty feet high and five feet in radi
[7384/7413] monster Hunter Shark -> fifteen to twenty foot long streamlined aquatic beast, massive torpedo-shaped mu
[7385/7413] monster Moonweb -> medium aberration in flight, pale translucent chitinous body, four segmented ins
[7386/7413] monster Giant, Hellfire -> massive humanoid giant with soot-stained muscular build, towering height, severe
[7387/7413] monster Possessed Pillar -> large vertical stone column forming the body, rough-hewn gray masonry blocks fit
[7388/7413] monster Ziphius -> Gargantuan monstrous aquatic aberration, immense whale-like body of dark mottled
[7389/7413] monster River King -> medium fey humanoid, tall and imposing stature, broad shoulders, weathered emera
[7390/7413] monster Vine Lord -> humanoid figure composed entirely of interwoven green vines and creeping briars,
[7391/7413] spell Rope Trick -> one end of a standard hempen rope rising straight upward and hanging perpendicul
[7392/7413] monster Mechuiti -> gargantuan fiend with a towering humanoid torso and bestial lower body, thick ob
[7393/7413] magic-item Dowsing Rod, 1 charge -> forked Y-shaped wooden twig, weathered light brown bark, polished smooth central
[7394/7413] monster Niya-Atha Raja -> medium fey humanoid body shape, slender proportions, deep emerald green skin wit
[7395/7413] monster Aboleth, Nihilith -> massive necrotic aboleth, elongated slimy blue-gray fish-like body, decomposing 
[7396/7413] monster Gumienniki -> small humanoid fiend with ashen grey skin, hunched posture, long disproportionat
[7397/7413] monster Shadow -> amorphous humanoid shadow, medium-sized two-dimensional silhouette cast from no 
[7398/7413] monster Gray Ooze -> amorphous medium mass of thick gray liquid, wet and undulating gelatinous body t
[7399/7413] magic-item Glazed Handaxe -> A short-handled woodworking handaxe, the single-bitted steel head coated entirel
[7400/7413] spell Night Terrors -> swirling vortex of inky black shadow and indigo mist, ghostly spectral claws and
[7401/7413] spell Wish -> a swirling vortex of chaotic prismatic energy, cascading ribbons of violet and g
[7402/7413] monster Strider -> medium humanoid, athletic muscular build, weathered sun-bronzed skin, short crop
[7403/7413] monster Bat, Giant -> massive quadrupedal mammalian body covered in short dark gray fur, gigantic leat
[7404/7413] background Forest Dweller -> human male in middle age, weathered face with deep laugh lines, calm and grounde
[7405/7413] monster Roachling Scout -> small humanoid scavenger creature, hunched over bipedal posture, thin brittle ch
[7406/7413] monster Lunar Devil -> large humanoid fiend hovering slightly above the ground, broad muscular torso wi
[7407/7413] monster Adult Brass Dragon -> huge massive dragon with a long sinuous serpentine body, large powerful leathery
[7408/7413] monster Adult Bronze Dragon -> huge quadrupedal dragon with massive leathery wings spanning wide, thick bronze-
[7409/7413] monster Swamp Naga -> massive serpentine aquatic monster with a long thick dark green and black scaled
[7410/7413] spell Trick Question -> an intricate glowing semantic glyph hovering in midair composed of twisting silv
[7411/7413] monster Oliphaunt -> gargantuan quadrupedal pachyderm beast, immense grey wrinkled hide, four massive
[7412/7413] spell Treasure Chasm -> spectral golden fissure tearing open across the ground, jagged edges formed of s
[7413/7413] spell Life Hack -> A dense cluster of five floating emerald-green spherical motes of crackling tran
bitti: 7413 subject -> /home/eren/GitHub/dungeon-master-tool/tool/art_gen/subject_cache.json (2109s, hata=0)
=== tur bitti (exit=0, kalan=0) 2026-09-05 16:23:37
=== hepsi tamam, çıkılıyor
